meta_id,cochrane_id,review_title,comparison,outcome,intervention,control,n_studies,n_participants,pooled_effect_type,pooled_effect,ci_lower,ci_upper,p_value,i_squared,tau_squared,heterogeneity_p,model_type,subgroup_analysis,sensitivity_analysis,publication_bias_assessed,rob_overall,certainty_grade,year_updated,therapeutic_area
CMETA001,CD001234,Antibiotics for acute respiratory infections,Antibiotics vs placebo,Symptom resolution at 7 days,Amoxicillin,Placebo,12,2845,Risk Ratio,1.24,1.08,1.42,0.003,42,0.028,0.082,Random,Yes,Yes,Yes,Low,Moderate,2021,Infectious disease
CMETA002,CD002156,Statins for primary prevention of cardiovascular disease,Statins vs placebo,All-cause mortality,Statin therapy,Placebo,18,7456,Risk Ratio,0.91,0.85,0.97,0.005,0,0.000,0.654,Fixed,Yes,Yes,Yes,Low,High,2022,Cardiology
CMETA003,CD003289,Antidepressants for depression,SSRIs vs placebo,Response rate,SSRI,Placebo,32,6852,Risk Ratio,1.42,1.28,1.58,0.001,58,0.048,0.002,Random,Yes,Yes,Yes,Unclear,Moderate,2020,Psychiatry
CMETA004,CD004312,Inhaled corticosteroids for asthma,ICS vs placebo,Exacerbation rate,ICS,Placebo,22,5234,Rate Ratio,0.58,0.48,0.71,0.001,35,0.022,0.045,Random,Yes,Yes,No,Low,High,2021,Pulmonology
CMETA005,CD005445,Antiplatelet agents for stroke prevention,Aspirin vs placebo,Recurrent stroke,Aspirin,Placebo,15,12845,Risk Ratio,0.78,0.68,0.89,0.001,28,0.015,0.152,Random,Yes,Yes,Yes,Low,High,2022,Neurology
CMETA006,CD006578,Bisphosphonates for osteoporosis,Bisphosphonates vs placebo,Hip fracture,Alendronate,Placebo,8,9542,Risk Ratio,0.62,0.48,0.80,0.001,15,0.008,0.315,Fixed,Yes,Yes,No,Low,High,2021,Endocrinology
CMETA007,CD007621,ACE inhibitors for heart failure,ACE inhibitors vs placebo,All-cause mortality,Enalapril,Placebo,14,5689,Risk Ratio,0.85,0.76,0.95,0.004,22,0.012,0.218,Random,Yes,Yes,Yes,Low,High,2020,Cardiology
CMETA008,CD008754,Probiotics for antibiotic-associated diarrhea,Probiotics vs placebo,Diarrhea incidence,Lactobacillus,Placebo,28,4125,Risk Ratio,0.48,0.38,0.62,0.001,65,0.082,0.001,Random,Yes,Yes,No,Unclear,Moderate,2021,Gastroenterology
CMETA009,CD009867,Vitamin D supplementation for fracture prevention,Vitamin D vs placebo,Hip fracture,Vitamin D,Placebo,11,8456,Risk Ratio,0.94,0.82,1.08,0.385,0,0.000,0.782,Fixed,Yes,Yes,Yes,Low,Moderate,2022,Endocrinology
CMETA010,CD010923,Cognitive behavioral therapy for insomnia,CBT vs usual care,Sleep efficiency,CBT,Usual care,16,1245,Mean Difference,8.52,6.24,10.80,0.001,48,12.45,0.018,Random,Yes,Yes,No,Unclear,Moderate,2021,Psychiatry
CMETA011,CD011045,Beta-blockers for hypertension,Beta-blockers vs placebo,Systolic BP reduction,Metoprolol,Placebo,24,6852,Mean Difference,-12.4,-14.8,-10.0,0.001,72,18.25,0.001,Random,Yes,Yes,Yes,Low,High,2020,Cardiology
CMETA012,CD012178,Immunotherapy for allergic rhinitis,Immunotherapy vs placebo,Symptom score,Allergen IT,Placebo,18,2458,Std Mean Difference,-0.68,-0.85,-0.51,0.001,55,0.058,0.004,Random,Yes,Yes,No,Unclear,Moderate,2021,Allergy
CMETA013,CD013201,Anticoagulation for atrial fibrillation,DOACs vs warfarin,Stroke or systemic embolism,Apixaban,Warfarin,12,52468,Risk Ratio,0.81,0.73,0.91,0.001,18,0.008,0.265,Fixed,Yes,Yes,Yes,Low,High,2022,Cardiology
CMETA014,CD014334,Glucosamine for osteoarthritis,Glucosamine vs placebo,Pain reduction,Glucosamine,Placebo,22,3845,Mean Difference,-4.2,-6.8,-1.6,0.002,68,15.42,0.001,Random,Yes,Yes,Yes,Unclear,Low,2020,Rheumatology
CMETA015,CD015467,Zinc supplementation for the common cold,Zinc vs placebo,Duration of symptoms,Zinc,Placebo,14,1685,Mean Difference,-0.82,-1.24,-0.40,0.001,58,0.285,0.005,Random,Yes,Yes,No,Unclear,Low,2021,Infectious disease
CMETA016,CD016590,Metformin for polycystic ovary syndrome,Metformin vs placebo,Ovulation rate,Metformin,Placebo,18,1942,Risk Ratio,1.85,1.52,2.26,0.001,48,0.042,0.015,Random,Yes,Yes,Yes,Unclear,Moderate,2022,Gynecology
CMETA017,CD017623,Magnesium for migraine prophylaxis,Magnesium vs placebo,Migraine frequency,Magnesium,Placebo,9,745,Mean Difference,-1.24,-1.85,-0.63,0.001,42,0.485,0.098,Random,No,Yes,No,Unclear,Low,2020,Neurology
CMETA018,CD018756,Ivabradine for heart failure,Ivabradine vs placebo,Cardiovascular death,Ivabradine,Placebo,6,8456,Risk Ratio,0.82,0.71,0.95,0.008,0,0.000,0.892,Fixed,Yes,Yes,No,Low,High,2021,Cardiology
CMETA019,CD019889,Melatonin for sleep disorders,Melatonin vs placebo,Sleep latency,Melatonin,Placebo,12,985,Mean Difference,-7.2,-10.4,-4.0,0.001,65,18.45,0.002,Random,Yes,Yes,No,Unclear,Moderate,2022,Sleep medicine
CMETA020,CD020912,Colchicine for gout,Colchicine vs NSAIDs,Pain at 24h,Colchicine,Ibuprofen,8,1245,Mean Difference,0.45,-0.28,1.18,0.224,35,0.685,0.158,Random,No,Yes,No,Low,Moderate,2021,Rheumatology
CMETA021,CD021045,Thiazide diuretics for hypertension,Thiazides vs placebo,Major cardiovascular events,Hydrochlorothiazide,Placebo,16,18452,Risk Ratio,0.88,0.80,0.97,0.009,12,0.005,0.325,Fixed,Yes,Yes,Yes,Low,High,2020,Cardiology
CMETA022,CD022178,Leukotriene antagonists for asthma,LTRAs vs placebo,Asthma exacerbations,Montelukast,Placebo,28,6852,Risk Ratio,0.72,0.64,0.81,0.001,38,0.028,0.042,Random,Yes,Yes,Yes,Low,High,2021,Pulmonology
CMETA023,CD023201,Omega-3 fatty acids for cardiovascular disease,Omega-3 vs placebo,Major vascular events,Fish oil,Placebo,32,78452,Risk Ratio,0.94,0.90,0.99,0.012,0,0.000,0.698,Fixed,Yes,Yes,Yes,Low,Moderate,2022,Cardiology
CMETA024,CD024334,Calcium supplementation for bone health,Calcium vs placebo,Fracture incidence,Calcium,Placebo,18,12845,Risk Ratio,0.92,0.84,1.01,0.082,22,0.012,0.198,Random,Yes,Yes,Yes,Low,Low,2020,Endocrinology
CMETA025,CD025467,Folic acid supplementation in pregnancy,Folic acid vs no treatment,Neural tube defects,Folic acid,No supplement,8,5842,Risk Ratio,0.31,0.19,0.51,0.001,0,0.000,0.845,Fixed,Yes,Yes,No,Low,High,2021,Obstetrics
CMETA026,CD026590,Proton pump inhibitors for GERD,PPIs vs H2 antagonists,Symptom resolution,Omeprazole,Ranitidine,24,6245,Risk Ratio,1.42,1.28,1.58,0.001,45,0.035,0.028,Random,Yes,Yes,Yes,Low,High,2022,Gastroenterology
CMETA027,CD027623,Antivirals for influenza,Neuraminidase inhibitors vs placebo,Duration of symptoms,Oseltamivir,Placebo,18,4856,Mean Difference,-16.8,-21.2,-12.4,0.001,52,28.45,0.012,Random,Yes,Yes,Yes,Low,Moderate,2020,Infectious disease
CMETA028,CD028756,Intravenous immunoglobulin for Guillain-Barre,IVIg vs plasma exchange,Time to walking,IVIg,Plasma exchange,6,625,Mean Difference,-2.4,-8.5,3.7,0.438,0,0.000,0.682,Fixed,No,Yes,No,Low,Moderate,2021,Neurology
CMETA029,CD029889,Erythropoietin for anemia in CKD,EPO vs placebo,Hemoglobin increase,Erythropoietin,Placebo,22,3845,Mean Difference,2.85,2.42,3.28,0.001,68,0.485,0.001,Random,Yes,Yes,Yes,Low,High,2022,Nephrology
CMETA030,CD030912,Dopamine agonists for Parkinson disease,Dopamine agonists vs L-dopa,Motor function,Pramipexole,Levodopa,14,2458,Std Mean Difference,-0.24,-0.42,-0.06,0.009,35,0.042,0.098,Random,Yes,Yes,No,Unclear,Moderate,2020,Neurology
CMETA031,CD031045,Topical corticosteroids for eczema,TCS vs placebo,Disease severity score,Betamethasone,Vehicle,32,4562,Mean Difference,-12.5,-15.8,-9.2,0.001,72,28.45,0.001,Random,Yes,Yes,Yes,Low,High,2021,Dermatology
CMETA032,CD032178,Acupuncture for chronic pain,Acupuncture vs sham,Pain intensity,Acupuncture,Sham,28,5684,Mean Difference,-8.4,-12.2,-4.6,0.001,82,42.85,0.001,Random,Yes,Yes,No,High,Very low,2022,Pain medicine
CMETA033,CD033201,TNF inhibitors for rheumatoid arthritis,Anti-TNF vs placebo,ACR50 response,Adalimumab,Placebo,18,6842,Risk Ratio,3.25,2.58,4.09,0.001,28,0.058,0.125,Random,Yes,Yes,Yes,Low,High,2020,Rheumatology
CMETA034,CD034334,Duloxetine for diabetic neuropathy,Duloxetine vs placebo,Pain reduction,Duloxetine,Placebo,12,2458,Mean Difference,-12.8,-16.4,-9.2,0.001,45,18.25,0.048,Random,Yes,Yes,Yes,Low,Moderate,2021,Endocrinology
CMETA035,CD035467,Rituximab for pemphigus,Rituximab vs standard therapy,Complete remission,Rituximab,Prednisolone,6,185,Risk Ratio,2.85,1.52,5.34,0.001,0,0.000,0.892,Fixed,No,Yes,No,Low,Moderate,2022,Dermatology
CMETA036,CD036590,Sildenafil for pulmonary hypertension,Sildenafil vs placebo,6-minute walk distance,Sildenafil,Placebo,8,685,Mean Difference,42.5,28.4,56.6,0.001,32,285.4,0.185,Random,Yes,Yes,No,Low,Moderate,2020,Cardiology
CMETA037,CD037623,Methotrexate for psoriasis,Methotrexate vs placebo,PASI-75 response,Methotrexate,Placebo,14,1845,Risk Ratio,4.25,2.85,6.34,0.001,48,0.085,0.028,Random,Yes,Yes,Yes,Unclear,Moderate,2021,Dermatology
CMETA038,CD038756,Spironolactone for heart failure,Spironolactone vs placebo,All-cause mortality,Spironolactone,Placebo,9,4856,Risk Ratio,0.74,0.64,0.85,0.001,15,0.008,0.298,Fixed,Yes,Yes,Yes,Low,High,2022,Cardiology
CMETA039,CD039889,Hyaluronic acid for osteoarthritis,HA vs placebo,Pain at 3 months,Hyaluronic acid,Saline,18,2845,Mean Difference,-8.2,-12.4,-4.0,0.001,68,28.45,0.002,Random,Yes,Yes,Yes,Unclear,Low,2020,Rheumatology
CMETA040,CD040912,Azathioprine for inflammatory bowel disease,Azathioprine vs placebo,Remission maintenance,Azathioprine,Placebo,12,945,Risk Ratio,2.18,1.62,2.93,0.001,22,0.028,0.245,Random,Yes,Yes,No,Low,Moderate,2021,Gastroenterology
CMETA041,CD041045,Gabapentin for neuropathic pain,Gabapentin vs placebo,50% pain reduction,Gabapentin,Placebo,22,4562,Risk Ratio,1.68,1.42,1.99,0.001,52,0.048,0.008,Random,Yes,Yes,Yes,Low,Moderate,2022,Pain medicine
CMETA042,CD042178,Botulinum toxin for chronic migraine,Botulinum toxin vs placebo,Migraine days per month,Botox,Placebo,8,1685,Mean Difference,-2.4,-3.2,-1.6,0.001,28,0.485,0.225,Random,Yes,Yes,No,Low,High,2020,Neurology
CMETA043,CD043201,Benzodiazepines for anxiety disorders,Benzodiazepines vs placebo,Anxiety symptoms,Alprazolam,Placebo,18,2458,Std Mean Difference,-0.85,-1.12,-0.58,0.001,72,0.185,0.001,Random,Yes,Yes,Yes,Unclear,Low,2021,Psychiatry
CMETA044,CD044334,Antipsychotics for schizophrenia,Second-gen vs first-gen,Positive symptoms,Risperidone,Haloperidol,32,8456,Mean Difference,-2.8,-4.2,-1.4,0.001,65,8.45,0.002,Random,Yes,Yes,Yes,Unclear,Moderate,2022,Psychiatry
CMETA045,CD045467,Tranexamic acid for trauma,TXA vs placebo,All-cause mortality,Tranexamic acid,Placebo,6,20452,Risk Ratio,0.91,0.85,0.97,0.006,0,0.000,0.752,Fixed,Yes,Yes,Yes,Low,High,2020,Emergency medicine
CMETA046,CD046590,CPAP for obstructive sleep apnea,CPAP vs sham,Daytime sleepiness,CPAP,Sham CPAP,24,3245,Mean Difference,-2.85,-3.58,-2.12,0.001,58,2.45,0.004,Random,Yes,Yes,Yes,Low,Moderate,2021,Sleep medicine
CMETA047,CD047623,Finasteride for benign prostatic hyperplasia,Finasteride vs placebo,Symptom score,Finasteride,Placebo,16,4856,Mean Difference,-3.2,-4.5,-1.9,0.001,42,4.25,0.058,Random,Yes,Yes,Yes,Low,Moderate,2022,Urology
CMETA048,CD048756,Corticosteroids for septic shock,Corticosteroids vs placebo,28-day mortality,Hydrocortisone,Placebo,14,6845,Risk Ratio,0.93,0.86,1.01,0.089,0,0.000,0.625,Fixed,Yes,Yes,Yes,Low,Moderate,2020,Critical care
CMETA049,CD049889,Antihistamines for allergic rhinitis,Antihistamines vs placebo,Symptom relief,Cetirizine,Placebo,28,5684,Risk Ratio,1.85,1.58,2.17,0.001,48,0.048,0.012,Random,Yes,Yes,Yes,Low,High,2021,Allergy
CMETA050,CD050912,Lithium for bipolar disorder,Lithium vs placebo,Relapse prevention,Lithium,Placebo,12,1245,Risk Ratio,0.62,0.48,0.80,0.001,25,0.028,0.218,Random,Yes,Yes,No,Unclear,Moderate,2022,Psychiatry
CMETA051,CD152068,Systematic review 51,Intervention vs comparator,Mortality,Active treatment,Placebo,13,3990,Risk Ratio,1.04,0.52,1.35,0.043,46,0.075,0.138,Random,No,No,Yes,Low,Moderate,2017,Psychiatry
CMETA052,CD618374,Systematic review 52,Intervention vs comparator,Mortality,Active treatment,Standard care,9,3259,Hazard Ratio,0.75,0.76,1.41,0.147,45,0.083,0.43,Random,No,Yes,Yes,High,Moderate,2023,Rheumatology
CMETA053,CD274832,Systematic review 53,Intervention vs comparator,Clinical response,Active treatment,Standard care,15,6703,Mean Difference,0.9,0.72,1.59,0.142,26,0.041,0.317,Fixed,Yes,No,Yes,Low,Moderate,2021,Endocrinology
CMETA054,CD256562,Systematic review 54,Intervention vs comparator,Symptom improvement,Active treatment,Standard care,20,7265,Mean Difference,1.25,0.56,1.34,0.131,68,0.114,0.833,Fixed,Yes,Yes,Yes,High,Low,2018,Endocrinology
CMETA055,CD176884,Systematic review 55,Intervention vs comparator,Symptom improvement,Active treatment,Standard care,23,6120,Mean Difference,1.31,0.65,1.6,0.085,66,0.058,0.418,Fixed,No,Yes,Yes,High,Moderate,2022,Cardiology
CMETA056,CD981672,Systematic review 56,Intervention vs comparator,Mortality,Active treatment,Standard care,11,3434,Mean Difference,1.24,0.74,1.24,0.136,18,0.017,0.381,Fixed,No,Yes,Yes,High,Low,2016,Psychiatry
CMETA057,CD452197,Systematic review 57,Intervention vs comparator,Symptom improvement,Active treatment,Placebo,22,7265,Hazard Ratio,1.25,0.53,1.61,0.024,17,0.045,0.494,Fixed,Yes,Yes,Yes,Low,High,2021,Endocrinology
CMETA058,CD782581,Systematic review 58,Intervention vs comparator,Mortality,Active treatment,Placebo,19,5532,Odds Ratio,1.16,0.76,1.33,0.143,49,0.141,0.063,Random,Yes,No,Yes,Unclear,Low,2016,Gastroenterology
CMETA059,CD766405,Systematic review 59,Intervention vs comparator,Disease progression,Active treatment,Placebo,24,5516,Hazard Ratio,1.01,0.83,1.41,0.13,31,0.116,0.369,Fixed,Yes,No,Yes,Low,High,2020,Rheumatology
CMETA060,CD587355,Systematic review 60,Intervention vs comparator,Clinical response,Active treatment,Standard care,28,6795,Risk Ratio,0.73,0.55,1.28,0.082,74,0.032,0.498,Random,No,Yes,No,Low,Moderate,2021,Rheumatology
CMETA061,CD857732,Systematic review 61,Intervention vs comparator,Disease progression,Active treatment,Standard care,17,2313,Odds Ratio,1.25,0.55,1.17,0.009,70,0.117,0.149,Random,Yes,Yes,Yes,Low,Low,2017,Psychiatry
CMETA062,CD706736,Systematic review 62,Intervention vs comparator,Symptom improvement,Active treatment,Standard care,31,7853,Odds Ratio,1.18,0.68,1.28,0.055,24,0.147,0.232,Fixed,Yes,Yes,Yes,Unclear,Moderate,2019,Cardiology
CMETA063,CD851253,Systematic review 63,Intervention vs comparator,Disease progression,Active treatment,Placebo,16,5710,Hazard Ratio,1.19,0.67,1.13,0.051,24,0.131,0.507,Random,Yes,Yes,No,Unclear,High,2022,Oncology
CMETA064,CD597632,Systematic review 64,Intervention vs comparator,Clinical response,Active treatment,Placebo,29,6425,Risk Ratio,1.02,0.63,1.32,0.042,51,0.022,0.138,Random,No,Yes,Yes,Unclear,Moderate,2020,Neurology
CMETA065,CD717081,Systematic review 65,Intervention vs comparator,Symptom improvement,Active treatment,Standard care,20,4241,Risk Ratio,0.8,0.68,1.26,0.068,71,0.04,0.513,Random,Yes,No,No,Low,Moderate,2020,Neurology
CMETA066,CD180566,Systematic review 66,Intervention vs comparator,Mortality,Active treatment,Placebo,18,7545,Risk Ratio,1.2,0.59,1.45,0.082,26,0.131,0.376,Random,No,No,No,Low,Moderate,2023,Gastroenterology
CMETA067,CD741382,Systematic review 67,Intervention vs comparator,Disease progression,Active treatment,Placebo,13,1418,Mean Difference,1.17,0.64,1.5,0.071,67,0.105,0.842,Random,Yes,Yes,Yes,Low,High,2017,Gastroenterology
CMETA068,CD980522,Systematic review 68,Intervention vs comparator,Disease progression,Active treatment,Placebo,12,3966,Odds Ratio,0.74,0.58,1.3,0.122,38,0.056,0.298,Fixed,No,Yes,Yes,High,Moderate,2023,Neurology
CMETA069,CD643671,Systematic review 69,Intervention vs comparator,Mortality,Active treatment,Standard care,34,816,Risk Ratio,1.08,0.76,1.06,0.013,52,0.04,0.592,Random,No,Yes,No,Low,Moderate,2017,Gastroenterology
CMETA070,CD258607,Systematic review 70,Intervention vs comparator,Clinical response,Active treatment,Placebo,21,3680,Odds Ratio,0.66,0.52,1.31,0.065,61,0.09,0.351,Fixed,No,No,Yes,Low,Low,2020,Rheumatology
CMETA071,CD882836,Systematic review 71,Intervention vs comparator,Mortality,Active treatment,Standard care,30,5385,Risk Ratio,1.02,0.58,1.25,0.105,72,0.038,0.63,Random,Yes,Yes,Yes,Low,Moderate,2021,Neurology
CMETA072,CD741842,Systematic review 72,Intervention vs comparator,Clinical response,Active treatment,Standard care,18,3493,Mean Difference,1.28,0.67,1.49,0.102,59,0.137,0.308,Random,No,Yes,No,Low,Moderate,2017,Endocrinology
CMETA073,CD761796,Systematic review 73,Intervention vs comparator,Clinical response,Active treatment,Placebo,35,2916,Risk Ratio,0.8,0.54,1.26,0.015,47,0.135,0.274,Random,Yes,Yes,No,Low,High,2019,Gastroenterology
CMETA074,CD170678,Systematic review 74,Intervention vs comparator,Mortality,Active treatment,Standard care,10,7935,Hazard Ratio,1.22,0.65,1.28,0.072,51,0.052,0.086,Random,No,No,No,Low,High,2021,Endocrinology
CMETA075,CD366815,Systematic review 75,Intervention vs comparator,Disease progression,Active treatment,Standard care,28,7064,Risk Ratio,0.8,0.56,1.1,0.069,46,0.086,0.597,Random,No,No,Yes,Low,Moderate,2021,Rheumatology
CMETA076,CD809134,Systematic review 76,Intervention vs comparator,Symptom improvement,Active treatment,Standard care,33,2671,Mean Difference,1.15,0.85,1.09,0.06,50,0.082,0.057,Fixed,No,No,Yes,Unclear,Moderate,2022,Neurology
CMETA077,CD706804,Systematic review 77,Intervention vs comparator,Mortality,Active treatment,Placebo,26,6231,Odds Ratio,1.12,0.57,1.21,0.052,74,0.048,0.527,Random,Yes,Yes,Yes,Low,Moderate,2019,Cardiology
CMETA078,CD877634,Systematic review 78,Intervention vs comparator,Clinical response,Active treatment,Standard care,25,4467,Hazard Ratio,0.95,0.63,1.51,0.1,56,0.066,0.42,Fixed,Yes,No,Yes,High,Moderate,2017,Psychiatry
CMETA079,CD716376,Systematic review 79,Intervention vs comparator,Clinical response,Active treatment,Standard care,18,5520,Mean Difference,0.82,0.68,1.4,0.068,50,0.025,0.518,Random,No,No,Yes,Low,Low,2015,Cardiology
CMETA080,CD218631,Systematic review 80,Intervention vs comparator,Mortality,Active treatment,Standard care,21,2694,Hazard Ratio,0.82,0.56,1.35,0.148,68,0.062,0.469,Random,No,Yes,Yes,Low,Low,2017,Psychiatry
CMETA081,CD877381,Systematic review 81,Intervention vs comparator,Disease progression,Active treatment,Standard care,15,5009,Risk Ratio,0.94,0.55,1.38,0.02,61,0.041,0.821,Fixed,No,No,Yes,Low,Low,2023,Gastroenterology
CMETA082,CD317851,Systematic review 82,Intervention vs comparator,Symptom improvement,Active treatment,Placebo,11,6447,Hazard Ratio,0.66,0.74,1.23,0.144,62,0.041,0.638,Random,No,Yes,Yes,Low,Moderate,2019,Pulmonology
CMETA083,CD480146,Systematic review 83,Intervention vs comparator,Symptom improvement,Active treatment,Standard care,24,6107,Mean Difference,0.73,0.82,1.55,0.104,15,0.038,0.322,Fixed,No,Yes,Yes,Low,Moderate,2016,Psychiatry
CMETA084,CD661777,Systematic review 84,Intervention vs comparator,Clinical response,Active treatment,Standard care,23,1678,Hazard Ratio,0.89,0.77,1.1,0.108,50,0.016,0.534,Fixed,No,No,Yes,Low,Moderate,2015,Cardiology
CMETA085,CD995202,Systematic review 85,Intervention vs comparator,Clinical response,Active treatment,Placebo,25,1676,Hazard Ratio,1.13,0.73,1.57,0.129,42,0.017,0.456,Random,No,Yes,Yes,High,Moderate,2022,Neurology
CMETA086,CD620444,Systematic review 86,Intervention vs comparator,Clinical response,Active treatment,Standard care,12,3931,Hazard Ratio,0.93,0.52,1.62,0.123,51,0.065,0.337,Random,No,No,Yes,Low,Moderate,2021,Cardiology
CMETA087,CD261933,Systematic review 87,Intervention vs comparator,Symptom improvement,Active treatment,Placebo,24,6959,Risk Ratio,1.32,0.8,1.62,0.029,51,0.124,0.12,Random,No,Yes,No,Low,Moderate,2018,Gastroenterology
CMETA088,CD990603,Systematic review 88,Intervention vs comparator,Mortality,Active treatment,Placebo,27,4657,Hazard Ratio,0.7,0.74,1.33,0.082,50,0.058,0.353,Random,Yes,Yes,Yes,Low,Low,2020,Oncology
CMETA089,CD483371,Systematic review 89,Intervention vs comparator,Disease progression,Active treatment,Standard care,33,3413,Hazard Ratio,1.18,0.74,1.14,0.079,20,0.149,0.805,Random,Yes,No,Yes,High,High,2022,Oncology
CMETA090,CD625183,Systematic review 90,Intervention vs comparator,Disease progression,Active treatment,Placebo,19,6707,Mean Difference,1.19,0.61,1.43,0.126,35,0.08,0.422,Random,Yes,Yes,Yes,High,Moderate,2020,Cardiology
CMETA091,CD652481,Systematic review 91,Intervention vs comparator,Mortality,Active treatment,Placebo,29,1382,Risk Ratio,1.2,0.8,1.62,0.04,48,0.093,0.635,Fixed,Yes,No,Yes,Low,Low,2019,Psychiatry
CMETA092,CD941353,Systematic review 92,Intervention vs comparator,Mortality,Active treatment,Standard care,33,2441,Mean Difference,1.32,0.6,1.63,0.034,63,0.124,0.207,Random,Yes,Yes,Yes,Low,Low,2022,Psychiatry
CMETA093,CD367073,Systematic review 93,Intervention vs comparator,Mortality,Active treatment,Placebo,34,7593,Hazard Ratio,1.08,0.66,1.06,0.129,52,0.086,0.814,Random,Yes,No,Yes,High,High,2021,Oncology
CMETA094,CD194045,Systematic review 94,Intervention vs comparator,Mortality,Active treatment,Placebo,31,5848,Odds Ratio,1.21,0.74,1.23,0.039,19,0.053,0.137,Random,Yes,No,No,Low,Low,2019,Rheumatology
CMETA095,CD966950,Systematic review 95,Intervention vs comparator,Symptom improvement,Active treatment,Standard care,29,2569,Odds Ratio,1.09,0.8,1.55,0.027,47,0.069,0.583,Fixed,Yes,Yes,No,Low,Low,2020,Neurology
CMETA096,CD905320,Systematic review 96,Intervention vs comparator,Disease progression,Active treatment,Standard care,15,5622,Mean Difference,1.09,0.62,1.23,0.095,66,0.101,0.524,Random,No,Yes,No,Low,High,2023,Neurology
CMETA097,CD547136,Systematic review 97,Intervention vs comparator,Symptom improvement,Active treatment,Placebo,29,3702,Odds Ratio,0.72,0.59,1.22,0.149,68,0.14,0.183,Fixed,No,No,Yes,Unclear,Moderate,2018,Neurology
CMETA098,CD305709,Systematic review 98,Intervention vs comparator,Mortality,Active treatment,Standard care,9,2145,Odds Ratio,1.33,0.74,1.25,0.121,28,0.09,0.3,Fixed,No,Yes,Yes,Low,High,2022,Pulmonology
CMETA099,CD522120,Systematic review 99,Intervention vs comparator,Mortality,Active treatment,Placebo,30,7949,Odds Ratio,1.27,0.52,1.17,0.087,60,0.011,0.289,Fixed,Yes,Yes,Yes,Low,Moderate,2016,Rheumatology
CMETA100,CD160577,Systematic review 100,Intervention vs comparator,Mortality,Active treatment,Placebo,20,5905,Risk Ratio,1.18,0.74,1.26,0.132,37,0.105,0.105,Random,No,No,Yes,Low,High,2023,Psychiatry
CMETA101,CD617600,Systematic review 101,Intervention vs comparator,Clinical response,Active treatment,Standard care,20,2535,Hazard Ratio,1.15,0.52,1.33,0.058,45,0.136,0.507,Random,Yes,No,No,Low,Moderate,2019,Oncology
CMETA102,CD525055,Systematic review 102,Intervention vs comparator,Mortality,Active treatment,Placebo,29,2401,Mean Difference,0.82,0.69,1.16,0.045,21,0.025,0.716,Fixed,Yes,Yes,No,Low,Moderate,2023,Rheumatology
CMETA103,CD411714,Systematic review 103,Intervention vs comparator,Disease progression,Active treatment,Placebo,16,1254,Risk Ratio,1.22,0.61,1.39,0.033,38,0.016,0.151,Fixed,No,No,Yes,Low,Low,2022,Rheumatology
CMETA104,CD673653,Systematic review 104,Intervention vs comparator,Disease progression,Active treatment,Placebo,35,6449,Hazard Ratio,1.22,0.71,1.05,0.024,64,0.146,0.274,Random,Yes,No,Yes,High,Low,2020,Oncology
CMETA105,CD195949,Systematic review 105,Intervention vs comparator,Clinical response,Active treatment,Placebo,8,2168,Risk Ratio,1.28,0.73,1.49,0.145,26,0.085,0.216,Random,Yes,No,No,High,High,2019,Gastroenterology
CMETA106,CD593830,Systematic review 106,Intervention vs comparator,Disease progression,Active treatment,Standard care,19,2264,Risk Ratio,1.1,0.78,1.49,0.091,41,0.092,0.494,Fixed,Yes,Yes,Yes,Low,Moderate,2022,Psychiatry
CMETA107,CD309656,Systematic review 107,Intervention vs comparator,Disease progression,Active treatment,Placebo,12,2275,Mean Difference,0.88,0.56,1.37,0.073,69,0.06,0.723,Random,No,Yes,No,High,Moderate,2022,Endocrinology
CMETA108,CD466254,Systematic review 108,Intervention vs comparator,Symptom improvement,Active treatment,Standard care,18,7309,Hazard Ratio,0.71,0.73,1.14,0.098,49,0.094,0.213,Random,Yes,Yes,Yes,Low,Low,2015,Oncology
CMETA109,CD938059,Systematic review 109,Intervention vs comparator,Mortality,Active treatment,Placebo,18,1041,Risk Ratio,0.95,0.67,1.19,0.016,19,0.12,0.266,Random,Yes,No,Yes,Low,Low,2015,Neurology
CMETA110,CD242318,Systematic review 110,Intervention vs comparator,Clinical response,Active treatment,Standard care,18,3613,Odds Ratio,1.11,0.55,1.15,0.101,24,0.046,0.277,Random,No,Yes,Yes,Low,Moderate,2019,Pulmonology
CMETA111,CD343416,Systematic review 111,Intervention vs comparator,Mortality,Active treatment,Standard care,24,1709,Mean Difference,1.1,0.5,1.62,0.141,33,0.096,0.636,Fixed,No,Yes,Yes,Low,High,2018,Endocrinology
CMETA112,CD177174,Systematic review 112,Intervention vs comparator,Mortality,Active treatment,Standard care,18,5549,Risk Ratio,0.82,0.75,1.12,0.145,58,0.121,0.531,Random,No,Yes,Yes,Low,Moderate,2017,Neurology
CMETA113,CD403330,Systematic review 113,Intervention vs comparator,Clinical response,Active treatment,Standard care,23,5605,Mean Difference,1.14,0.65,1.53,0.084,60,0.098,0.266,Random,No,No,Yes,Low,Moderate,2017,Gastroenterology
CMETA114,CD438031,Systematic review 114,Intervention vs comparator,Symptom improvement,Active treatment,Standard care,18,6149,Odds Ratio,0.76,0.72,1.05,0.071,59,0.084,0.429,Fixed,No,Yes,Yes,Low,Low,2019,Neurology
CMETA115,CD861368,Systematic review 115,Intervention vs comparator,Mortality,Active treatment,Standard care,27,2558,Hazard Ratio,0.77,0.63,1.48,0.067,48,0.07,0.327,Random,No,Yes,No,Low,Moderate,2015,Endocrinology
CMETA116,CD553278,Systematic review 116,Intervention vs comparator,Disease progression,Active treatment,Placebo,23,4381,Hazard Ratio,1.06,0.65,1.52,0.035,47,0.081,0.289,Random,No,Yes,No,Unclear,High,2017,Gastroenterology
CMETA117,CD858890,Systematic review 117,Intervention vs comparator,Symptom improvement,Active treatment,Standard care,29,2150,Odds Ratio,0.98,0.76,1.39,0.084,46,0.12,0.348,Random,Yes,Yes,Yes,Low,High,2018,Psychiatry
CMETA118,CD257883,Systematic review 118,Intervention vs comparator,Symptom improvement,Active treatment,Placebo,18,6899,Mean Difference,0.74,0.74,1.24,0.061,23,0.014,0.109,Fixed,Yes,Yes,Yes,Low,Low,2018,Psychiatry
CMETA119,CD252454,Systematic review 119,Intervention vs comparator,Mortality,Active treatment,Placebo,23,1258,Hazard Ratio,1.27,0.69,1.17,0.137,28,0.072,0.53,Fixed,No,Yes,Yes,Low,High,2015,Gastroenterology
CMETA120,CD541265,Systematic review 120,Intervention vs comparator,Clinical response,Active treatment,Placebo,9,5465,Odds Ratio,1.18,0.59,1.47,0.035,58,0.034,0.085,Random,No,No,No,Low,Moderate,2020,Gastroenterology
CMETA121,CD521390,Systematic review 121,Intervention vs comparator,Symptom improvement,Active treatment,Standard care,33,5226,Risk Ratio,0.77,0.73,1.58,0.081,59,0.063,0.709,Random,Yes,Yes,No,Low,Moderate,2021,Psychiatry
CMETA122,CD145112,Systematic review 122,Intervention vs comparator,Disease progression,Active treatment,Standard care,11,4327,Risk Ratio,1.24,0.6,1.11,0.112,36,0.078,0.555,Random,Yes,Yes,Yes,Low,High,2015,Endocrinology
CMETA123,CD996749,Systematic review 123,Intervention vs comparator,Disease progression,Active treatment,Placebo,25,1532,Risk Ratio,1.17,0.84,1.27,0.131,65,0.065,0.675,Fixed,Yes,Yes,No,Unclear,Moderate,2020,Neurology
CMETA124,CD692840,Systematic review 124,Intervention vs comparator,Disease progression,Active treatment,Placebo,29,7735,Odds Ratio,0.65,0.76,1.12,0.141,34,0.035,0.756,Fixed,Yes,Yes,Yes,Low,High,2018,Psychiatry
CMETA125,CD801314,Systematic review 125,Intervention vs comparator,Disease progression,Active treatment,Standard care,27,5542,Odds Ratio,0.94,0.74,1.44,0.071,18,0.024,0.317,Random,Yes,Yes,Yes,Low,Low,2022,Cardiology
CMETA126,CD564961,Systematic review 126,Intervention vs comparator,Symptom improvement,Active treatment,Standard care,19,1617,Hazard Ratio,1.32,0.62,1.38,0.147,30,0.132,0.284,Fixed,Yes,Yes,No,Low,Moderate,2020,Pulmonology
CMETA127,CD679894,Systematic review 127,Intervention vs comparator,Clinical response,Active treatment,Placebo,25,1760,Odds Ratio,1.22,0.57,1.45,0.024,31,0.085,0.556,Fixed,No,Yes,No,Unclear,High,2017,Oncology
CMETA128,CD261416,Systematic review 128,Intervention vs comparator,Disease progression,Active treatment,Placebo,14,3153,Odds Ratio,0.71,0.84,1.65,0.087,68,0.12,0.77,Fixed,No,No,No,Low,Low,2015,Endocrinology
CMETA129,CD413266,Systematic review 129,Intervention vs comparator,Mortality,Active treatment,Placebo,27,5616,Risk Ratio,0.98,0.62,1.14,0.062,58,0.141,0.425,Fixed,Yes,Yes,Yes,Low,Moderate,2018,Endocrinology
CMETA130,CD443706,Systematic review 130,Intervention vs comparator,Symptom improvement,Active treatment,Standard care,27,4088,Odds Ratio,0.97,0.7,1.41,0.027,69,0.057,0.558,Fixed,No,Yes,No,High,Moderate,2015,Pulmonology
CMETA131,CD849305,Systematic review 131,Intervention vs comparator,Symptom improvement,Active treatment,Placebo,17,1579,Risk Ratio,1.18,0.65,1.15,0.031,39,0.143,0.82,Random,Yes,No,No,Low,Moderate,2015,Psychiatry
CMETA132,CD248134,Systematic review 132,Intervention vs comparator,Mortality,Active treatment,Placebo,10,882,Odds Ratio,1.03,0.73,1.19,0.005,47,0.076,0.671,Fixed,No,No,No,Low,Moderate,2021,Rheumatology
CMETA133,CD681961,Systematic review 133,Intervention vs comparator,Clinical response,Active treatment,Standard care,21,7354,Hazard Ratio,0.7,0.61,1.57,0.006,27,0.135,0.739,Random,Yes,Yes,Yes,Unclear,Moderate,2021,Cardiology
CMETA134,CD494388,Systematic review 134,Intervention vs comparator,Symptom improvement,Active treatment,Standard care,33,3605,Risk Ratio,1.15,0.63,1.13,0.041,39,0.04,0.73,Random,No,No,Yes,Unclear,Low,2016,Psychiatry
CMETA135,CD983835,Systematic review 135,Intervention vs comparator,Mortality,Active treatment,Standard care,30,7409,Odds Ratio,1.11,0.59,1.26,0.067,26,0.145,0.703,Fixed,No,Yes,No,Unclear,Moderate,2022,Psychiatry
CMETA136,CD173658,Systematic review 136,Intervention vs comparator,Clinical response,Active treatment,Standard care,23,2093,Odds Ratio,1.06,0.78,1.27,0.105,21,0.067,0.623,Random,No,Yes,Yes,Low,Moderate,2022,Oncology
CMETA137,CD494670,Systematic review 137,Intervention vs comparator,Clinical response,Active treatment,Standard care,32,4402,Hazard Ratio,0.69,0.6,1.27,0.128,73,0.06,0.143,Random,Yes,Yes,Yes,Low,Moderate,2018,Gastroenterology
CMETA138,CD971498,Systematic review 138,Intervention vs comparator,Mortality,Active treatment,Placebo,28,2390,Odds Ratio,0.75,0.71,1.2,0.077,71,0.013,0.209,Fixed,No,Yes,Yes,Unclear,Moderate,2019,Neurology
CMETA139,CD211873,Systematic review 139,Intervention vs comparator,Mortality,Active treatment,Standard care,32,7589,Hazard Ratio,0.77,0.64,1.3,0.053,64,0.012,0.394,Random,No,Yes,Yes,Low,Low,2023,Psychiatry
CMETA140,CD306875,Systematic review 140,Intervention vs comparator,Disease progression,Active treatment,Standard care,10,5942,Hazard Ratio,1.06,0.68,1.27,0.01,74,0.089,0.325,Random,No,Yes,No,Unclear,High,2021,Neurology
CMETA141,CD848151,Systematic review 141,Intervention vs comparator,Symptom improvement,Active treatment,Placebo,32,5614,Odds Ratio,1.03,0.81,1.46,0.054,17,0.024,0.287,Fixed,Yes,Yes,Yes,High,High,2018,Rheumatology
CMETA142,CD760051,Systematic review 142,Intervention vs comparator,Symptom improvement,Active treatment,Placebo,34,1546,Hazard Ratio,0.8,0.84,1.55,0.079,66,0.03,0.265,Fixed,Yes,Yes,No,Unclear,Low,2017,Rheumatology
CMETA143,CD821301,Systematic review 143,Intervention vs comparator,Mortality,Active treatment,Standard care,32,3374,Odds Ratio,1.14,0.57,1.06,0.058,59,0.065,0.069,Fixed,Yes,Yes,Yes,Low,Moderate,2015,Gastroenterology
CMETA144,CD494064,Systematic review 144,Intervention vs comparator,Symptom improvement,Active treatment,Standard care,35,1192,Odds Ratio,0.93,0.65,1.52,0.066,54,0.098,0.8,Random,Yes,No,Yes,Low,Moderate,2018,Oncology
CMETA145,CD532108,Systematic review 145,Intervention vs comparator,Mortality,Active treatment,Placebo,31,1782,Hazard Ratio,1.05,0.59,1.2,0.002,69,0.097,0.807,Fixed,Yes,No,Yes,Low,Low,2017,Oncology
CMETA146,CD286299,Systematic review 146,Intervention vs comparator,Disease progression,Active treatment,Placebo,27,914,Mean Difference,1.28,0.54,1.61,0.085,72,0.057,0.695,Random,Yes,Yes,No,Low,Moderate,2018,Endocrinology
CMETA147,CD994423,Systematic review 147,Intervention vs comparator,Symptom improvement,Active treatment,Placebo,22,1259,Odds Ratio,0.75,0.57,1.62,0.116,35,0.02,0.443,Random,No,Yes,No,Unclear,Moderate,2023,Gastroenterology
CMETA148,CD185093,Systematic review 148,Intervention vs comparator,Clinical response,Active treatment,Standard care,22,3444,Mean Difference,1.01,0.74,1.11,0.001,40,0.061,0.255,Random,No,No,Yes,High,Low,2017,Cardiology
CMETA149,CD155891,Systematic review 149,Intervention vs comparator,Disease progression,Active treatment,Placebo,25,6776,Mean Difference,0.87,0.74,1.33,0.099,54,0.083,0.787,Fixed,Yes,No,Yes,Low,Low,2021,Pulmonology
CMETA150,CD287232,Systematic review 150,Intervention vs comparator,Symptom improvement,Active treatment,Standard care,23,4166,Risk Ratio,0.99,0.7,1.11,0.062,33,0.093,0.582,Fixed,No,No,Yes,Low,Low,2023,Gastroenterology
CMETA151,CD279723,Systematic review 151,Intervention vs comparator,Clinical response,Active treatment,Standard care,18,4017,Risk Ratio,1.18,0.73,1.23,0.136,33,0.141,0.804,Fixed,No,No,Yes,High,Moderate,2017,Rheumatology
CMETA152,CD540174,Systematic review 152,Intervention vs comparator,Disease progression,Active treatment,Placebo,18,5744,Odds Ratio,0.97,0.57,1.62,0.093,32,0.067,0.493,Random,Yes,Yes,Yes,High,Low,2016,Pulmonology
CMETA153,CD505185,Systematic review 153,Intervention vs comparator,Clinical response,Active treatment,Placebo,9,7312,Mean Difference,1.17,0.6,1.46,0.097,19,0.109,0.067,Random,No,Yes,Yes,Low,Low,2016,Psychiatry
CMETA154,CD131001,Systematic review 154,Intervention vs comparator,Symptom improvement,Active treatment,Standard care,17,5950,Hazard Ratio,1.05,0.71,1.19,0.122,71,0.014,0.436,Random,No,No,Yes,Low,Low,2017,Psychiatry
CMETA155,CD533107,Systematic review 155,Intervention vs comparator,Symptom improvement,Active treatment,Standard care,30,4808,Hazard Ratio,1.25,0.51,1.34,0.031,32,0.07,0.08,Random,No,No,Yes,Unclear,Moderate,2021,Gastroenterology
CMETA156,CD914420,Systematic review 156,Intervention vs comparator,Disease progression,Active treatment,Placebo,9,1619,Risk Ratio,0.71,0.81,1.18,0.037,70,0.142,0.7,Fixed,Yes,No,Yes,Low,High,2023,Cardiology
CMETA157,CD903682,Systematic review 157,Intervention vs comparator,Disease progression,Active treatment,Standard care,29,6425,Mean Difference,0.78,0.85,1.24,0.087,26,0.073,0.143,Random,No,Yes,Yes,Low,Moderate,2020,Gastroenterology
CMETA158,CD165857,Systematic review 158,Intervention vs comparator,Clinical response,Active treatment,Standard care,16,1985,Mean Difference,0.97,0.67,1.31,0.14,34,0.096,0.443,Random,No,No,Yes,Low,High,2019,Psychiatry
CMETA159,CD539917,Systematic review 159,Intervention vs comparator,Symptom improvement,Active treatment,Standard care,18,3935,Hazard Ratio,0.74,0.61,1.41,0.033,17,0.138,0.387,Random,No,No,Yes,High,Low,2020,Endocrinology
CMETA160,CD748938,Systematic review 160,Intervention vs comparator,Clinical response,Active treatment,Standard care,19,5508,Hazard Ratio,0.8,0.79,1.34,0.037,35,0.014,0.179,Random,No,Yes,Yes,Low,Low,2017,Neurology
CMETA161,CD685263,Systematic review 161,Intervention vs comparator,Symptom improvement,Active treatment,Standard care,15,6708,Risk Ratio,0.72,0.7,1.08,0.116,40,0.01,0.402,Random,Yes,No,No,Low,High,2019,Oncology
CMETA162,CD139539,Systematic review 162,Intervention vs comparator,Disease progression,Active treatment,Placebo,35,4496,Risk Ratio,1.27,0.58,1.55,0.112,49,0.026,0.184,Fixed,Yes,No,Yes,Low,Moderate,2017,Endocrinology
CMETA163,CD686428,Systematic review 163,Intervention vs comparator,Disease progression,Active treatment,Placebo,19,5971,Risk Ratio,1.13,0.82,1.34,0.044,38,0.133,0.592,Random,No,Yes,Yes,Low,High,2021,Endocrinology
CMETA164,CD218788,Systematic review 164,Intervention vs comparator,Disease progression,Active treatment,Placebo,23,2623,Risk Ratio,1.15,0.65,1.18,0.12,40,0.037,0.372,Fixed,Yes,Yes,Yes,Low,Moderate,2017,Neurology
CMETA165,CD570690,Systematic review 165,Intervention vs comparator,Disease progression,Active treatment,Placebo,24,3961,Odds Ratio,0.67,0.58,1.07,0.024,46,0.106,0.262,Random,Yes,Yes,Yes,Low,Moderate,2018,Rheumatology
CMETA166,CD168014,Systematic review 166,Intervention vs comparator,Clinical response,Active treatment,Standard care,12,2290,Risk Ratio,0.88,0.76,1.33,0.031,70,0.016,0.664,Random,Yes,Yes,No,High,Low,2023,Neurology
CMETA167,CD561726,Systematic review 167,Intervention vs comparator,Clinical response,Active treatment,Standard care,30,7485,Risk Ratio,1.07,0.7,1.16,0.133,71,0.068,0.797,Random,No,Yes,Yes,Low,High,2017,Pulmonology
CMETA168,CD343436,Systematic review 168,Intervention vs comparator,Symptom improvement,Active treatment,Standard care,23,7583,Odds Ratio,0.79,0.7,1.16,0.095,57,0.126,0.416,Random,Yes,Yes,Yes,Low,Moderate,2015,Rheumatology
CMETA169,CD217929,Systematic review 169,Intervention vs comparator,Symptom improvement,Active treatment,Placebo,8,7800,Risk Ratio,0.81,0.63,1.41,0.011,29,0.138,0.06,Fixed,Yes,Yes,Yes,Low,Low,2020,Neurology
CMETA170,CD398526,Systematic review 170,Intervention vs comparator,Disease progression,Active treatment,Standard care,35,7823,Hazard Ratio,0.67,0.7,1.17,0.08,39,0.118,0.762,Fixed,No,Yes,Yes,Unclear,Moderate,2018,Gastroenterology
CMETA171,CD672613,Systematic review 171,Intervention vs comparator,Mortality,Active treatment,Standard care,34,6998,Mean Difference,1.15,0.81,1.28,0.032,66,0.024,0.159,Random,No,Yes,Yes,Low,High,2015,Rheumatology
CMETA172,CD746072,Systematic review 172,Intervention vs comparator,Mortality,Active treatment,Placebo,30,1256,Risk Ratio,1.12,0.8,1.59,0.131,36,0.114,0.086,Fixed,Yes,No,Yes,Low,Moderate,2015,Rheumatology
CMETA173,CD765850,Systematic review 173,Intervention vs comparator,Symptom improvement,Active treatment,Standard care,24,1465,Odds Ratio,1.33,0.84,1.58,0.002,71,0.077,0.193,Random,Yes,No,Yes,Low,Moderate,2021,Cardiology
CMETA174,CD360564,Systematic review 174,Intervention vs comparator,Disease progression,Active treatment,Placebo,20,3594,Mean Difference,0.98,0.61,1.54,0.076,68,0.021,0.272,Fixed,Yes,Yes,No,High,Moderate,2022,Neurology
CMETA175,CD457203,Systematic review 175,Intervention vs comparator,Disease progression,Active treatment,Placebo,14,3510,Odds Ratio,1.23,0.79,1.24,0.045,56,0.109,0.275,Random,Yes,Yes,Yes,Low,High,2023,Neurology
CMETA176,CD949925,Systematic review 176,Intervention vs comparator,Mortality,Active treatment,Standard care,24,3912,Hazard Ratio,0.95,0.65,1.14,0.136,28,0.077,0.627,Random,Yes,Yes,Yes,Low,Moderate,2016,Endocrinology
CMETA177,CD833563,Systematic review 177,Intervention vs comparator,Mortality,Active treatment,Placebo,31,1897,Hazard Ratio,1.26,0.83,1.64,0.063,23,0.13,0.327,Random,No,Yes,No,Low,Moderate,2018,Rheumatology
CMETA178,CD660503,Systematic review 178,Intervention vs comparator,Clinical response,Active treatment,Standard care,28,2991,Odds Ratio,0.71,0.83,1.19,0.132,17,0.114,0.129,Random,Yes,No,Yes,Low,Moderate,2022,Cardiology
CMETA179,CD538232,Systematic review 179,Intervention vs comparator,Mortality,Active treatment,Placebo,19,6743,Hazard Ratio,0.76,0.59,1.26,0.03,52,0.082,0.617,Random,Yes,Yes,Yes,Low,Moderate,2019,Neurology
CMETA180,CD132786,Systematic review 180,Intervention vs comparator,Disease progression,Active treatment,Placebo,10,4223,Mean Difference,1.34,0.72,1.49,0.059,28,0.129,0.604,Random,No,No,Yes,High,Moderate,2018,Pulmonology
CMETA181,CD131103,Systematic review 181,Intervention vs comparator,Clinical response,Active treatment,Standard care,32,4525,Risk Ratio,0.88,0.83,1.27,0.035,46,0.114,0.829,Fixed,Yes,Yes,Yes,High,Moderate,2018,Psychiatry
CMETA182,CD119150,Systematic review 182,Intervention vs comparator,Mortality,Active treatment,Placebo,26,906,Risk Ratio,1.33,0.6,1.34,0.003,60,0.049,0.653,Random,Yes,No,Yes,High,Moderate,2016,Rheumatology
CMETA183,CD502436,Systematic review 183,Intervention vs comparator,Disease progression,Active treatment,Placebo,24,4386,Risk Ratio,1.03,0.83,1.3,0.047,51,0.061,0.698,Random,Yes,Yes,Yes,Low,Moderate,2015,Psychiatry
CMETA184,CD919262,Systematic review 184,Intervention vs comparator,Symptom improvement,Active treatment,Placebo,29,5012,Risk Ratio,0.8,0.63,1.27,0.078,70,0.122,0.503,Fixed,Yes,No,Yes,High,Moderate,2020,Cardiology
CMETA185,CD156596,Systematic review 185,Intervention vs comparator,Disease progression,Active treatment,Placebo,22,6045,Hazard Ratio,1.13,0.76,1.55,0.14,23,0.056,0.254,Random,No,Yes,Yes,Low,High,2022,Oncology
CMETA186,CD166435,Systematic review 186,Intervention vs comparator,Mortality,Active treatment,Standard care,10,2666,Odds Ratio,1.14,0.67,1.2,0.004,74,0.079,0.095,Random,Yes,Yes,Yes,Unclear,Moderate,2016,Endocrinology
CMETA187,CD311574,Systematic review 187,Intervention vs comparator,Clinical response,Active treatment,Placebo,20,5419,Hazard Ratio,0.79,0.58,1.2,0.065,32,0.106,0.1,Fixed,Yes,Yes,Yes,Unclear,Low,2023,Pulmonology
CMETA188,CD750914,Systematic review 188,Intervention vs comparator,Clinical response,Active treatment,Standard care,23,2349,Risk Ratio,0.81,0.53,1.07,0.051,55,0.105,0.498,Fixed,No,Yes,Yes,High,Low,2016,Psychiatry
CMETA189,CD431732,Systematic review 189,Intervention vs comparator,Mortality,Active treatment,Standard care,33,6548,Hazard Ratio,0.74,0.63,1.41,0.047,62,0.079,0.763,Random,Yes,Yes,Yes,High,Moderate,2020,Gastroenterology
CMETA190,CD625792,Systematic review 190,Intervention vs comparator,Disease progression,Active treatment,Standard care,13,7755,Hazard Ratio,1.33,0.82,1.6,0.035,54,0.136,0.098,Fixed,Yes,No,Yes,Low,High,2016,Psychiatry
CMETA191,CD403374,Systematic review 191,Intervention vs comparator,Clinical response,Active treatment,Placebo,27,3798,Mean Difference,0.75,0.78,1.32,0.017,69,0.038,0.188,Random,No,Yes,Yes,High,Low,2015,Oncology
CMETA192,CD172690,Systematic review 192,Intervention vs comparator,Symptom improvement,Active treatment,Placebo,14,4535,Mean Difference,1.06,0.78,1.51,0.052,23,0.038,0.32,Fixed,Yes,Yes,Yes,Low,Low,2018,Pulmonology
CMETA193,CD758539,Systematic review 193,Intervention vs comparator,Disease progression,Active treatment,Standard care,24,7389,Hazard Ratio,1.11,0.82,1.47,0.042,28,0.062,0.381,Random,Yes,Yes,Yes,Low,Moderate,2018,Endocrinology
CMETA194,CD712147,Systematic review 194,Intervention vs comparator,Symptom improvement,Active treatment,Standard care,10,6078,Risk Ratio,1.13,0.74,1.46,0.014,27,0.113,0.502,Random,Yes,No,Yes,Unclear,High,2016,Neurology
CMETA195,CD900837,Systematic review 195,Intervention vs comparator,Symptom improvement,Active treatment,Placebo,16,1245,Odds Ratio,1.34,0.59,1.08,0.057,29,0.026,0.406,Random,Yes,No,No,High,Low,2019,Neurology
CMETA196,CD761584,Systematic review 196,Intervention vs comparator,Mortality,Active treatment,Placebo,9,1561,Odds Ratio,0.7,0.82,1.48,0.145,23,0.104,0.147,Random,No,No,No,Low,Moderate,2018,Gastroenterology
CMETA197,CD259645,Systematic review 197,Intervention vs comparator,Clinical response,Active treatment,Placebo,33,4686,Hazard Ratio,1.12,0.74,1.09,0.094,38,0.111,0.649,Fixed,No,Yes,Yes,Low,Moderate,2015,Rheumatology
CMETA198,CD195101,Systematic review 198,Intervention vs comparator,Clinical response,Active treatment,Standard care,13,4668,Odds Ratio,0.89,0.56,1.39,0.03,72,0.063,0.209,Fixed,No,Yes,Yes,Low,Moderate,2021,Oncology
CMETA199,CD341075,Systematic review 199,Intervention vs comparator,Mortality,Active treatment,Placebo,33,7330,Risk Ratio,0.74,0.55,1.52,0.099,24,0.097,0.718,Random,No,No,No,High,Moderate,2020,Rheumatology
CMETA200,CD528874,Systematic review 200,Intervention vs comparator,Symptom improvement,Active treatment,Standard care,15,1359,Hazard Ratio,0.67,0.66,1.51,0.148,45,0.038,0.279,Random,No,Yes,No,Unclear,Moderate,2017,Endocrinology
CMETA201,CD321878,Systematic review 201,Intervention vs comparator,Clinical response,Active treatment,Standard care,25,3882,Mean Difference,0.78,0.75,1.08,0.137,35,0.05,0.332,Random,Yes,Yes,No,Low,Moderate,2016,Rheumatology
CMETA202,CD379733,Systematic review 202,Intervention vs comparator,Clinical response,Active treatment,Standard care,25,4466,Hazard Ratio,0.78,0.57,1.17,0.105,27,0.066,0.269,Fixed,No,Yes,Yes,Low,Moderate,2020,Neurology
CMETA203,CD169141,Systematic review 203,Intervention vs comparator,Clinical response,Active treatment,Placebo,14,6526,Risk Ratio,0.73,0.82,1.57,0.107,21,0.128,0.113,Random,No,Yes,No,Low,High,2015,Rheumatology
CMETA204,CD365669,Systematic review 204,Intervention vs comparator,Disease progression,Active treatment,Placebo,27,4541,Mean Difference,0.65,0.67,1.41,0.107,68,0.045,0.362,Random,No,Yes,Yes,Low,High,2020,Gastroenterology
CMETA205,CD680088,Systematic review 205,Intervention vs comparator,Disease progression,Active treatment,Placebo,11,2417,Hazard Ratio,0.81,0.79,1.22,0.074,31,0.058,0.111,Fixed,No,Yes,Yes,Low,Moderate,2022,Gastroenterology
CMETA206,CD319915,Systematic review 206,Intervention vs comparator,Disease progression,Active treatment,Placebo,9,7830,Odds Ratio,1.09,0.63,1.32,0.041,73,0.035,0.735,Fixed,No,Yes,No,Low,Moderate,2019,Cardiology
CMETA207,CD625608,Systematic review 207,Intervention vs comparator,Mortality,Active treatment,Standard care,21,2094,Risk Ratio,0.94,0.67,1.39,0.099,32,0.097,0.098,Fixed,No,Yes,No,Low,Low,2017,Psychiatry
CMETA208,CD592318,Systematic review 208,Intervention vs comparator,Clinical response,Active treatment,Placebo,15,5266,Hazard Ratio,1.3,0.74,1.08,0.057,55,0.033,0.272,Fixed,No,Yes,Yes,High,High,2018,Neurology
CMETA209,CD225163,Systematic review 209,Intervention vs comparator,Symptom improvement,Active treatment,Placebo,24,5442,Odds Ratio,0.93,0.76,1.11,0.084,20,0.013,0.793,Random,Yes,Yes,Yes,Low,High,2023,Pulmonology
CMETA210,CD915877,Systematic review 210,Intervention vs comparator,Mortality,Active treatment,Placebo,19,5652,Mean Difference,0.74,0.81,1.48,0.144,68,0.116,0.791,Fixed,No,Yes,No,Unclear,Low,2023,Neurology
CMETA211,CD788893,Systematic review 211,Intervention vs comparator,Symptom improvement,Active treatment,Placebo,34,6070,Odds Ratio,0.88,0.74,1.26,0.044,74,0.057,0.12,Fixed,No,Yes,No,Unclear,Low,2023,Cardiology
CMETA212,CD698281,Systematic review 212,Intervention vs comparator,Clinical response,Active treatment,Standard care,15,4639,Risk Ratio,1.2,0.83,1.51,0.114,26,0.088,0.618,Random,No,Yes,Yes,Low,Moderate,2022,Cardiology
CMETA213,CD329299,Systematic review 213,Intervention vs comparator,Symptom improvement,Active treatment,Placebo,26,6881,Odds Ratio,0.97,0.83,1.17,0.031,43,0.044,0.397,Random,Yes,No,No,High,Low,2023,Neurology
CMETA214,CD325394,Systematic review 214,Intervention vs comparator,Mortality,Active treatment,Placebo,25,4557,Odds Ratio,1.31,0.62,1.28,0.147,71,0.039,0.477,Random,No,Yes,Yes,Low,High,2019,Rheumatology
CMETA215,CD424084,Systematic review 215,Intervention vs comparator,Mortality,Active treatment,Placebo,8,3754,Risk Ratio,1.17,0.79,1.13,0.023,74,0.138,0.393,Random,No,Yes,Yes,Low,Moderate,2019,Endocrinology
CMETA216,CD653801,Systematic review 216,Intervention vs comparator,Clinical response,Active treatment,Placebo,20,7874,Mean Difference,0.66,0.56,1.58,0.128,46,0.013,0.203,Random,Yes,No,No,Low,High,2023,Endocrinology
CMETA217,CD366704,Systematic review 217,Intervention vs comparator,Mortality,Active treatment,Standard care,24,4064,Risk Ratio,1.08,0.85,1.1,0.127,36,0.126,0.117,Random,Yes,Yes,Yes,Low,Moderate,2022,Gastroenterology
CMETA218,CD648343,Systematic review 218,Intervention vs comparator,Mortality,Active treatment,Placebo,35,3388,Hazard Ratio,1.05,0.84,1.43,0.086,64,0.026,0.249,Random,No,Yes,No,High,Low,2016,Endocrinology
CMETA219,CD338847,Systematic review 219,Intervention vs comparator,Symptom improvement,Active treatment,Placebo,16,7518,Hazard Ratio,0.87,0.61,1.41,0.055,17,0.129,0.774,Fixed,No,Yes,No,Low,High,2016,Rheumatology
CMETA220,CD519469,Systematic review 220,Intervention vs comparator,Clinical response,Active treatment,Standard care,20,4283,Risk Ratio,1.04,0.73,1.64,0.083,26,0.105,0.337,Random,No,Yes,No,Low,Moderate,2015,Gastroenterology
CMETA221,CD599305,Systematic review 221,Intervention vs comparator,Symptom improvement,Active treatment,Placebo,21,4760,Odds Ratio,1.1,0.6,1.19,0.086,19,0.118,0.254,Fixed,No,No,No,High,High,2018,Rheumatology
CMETA222,CD209057,Systematic review 222,Intervention vs comparator,Clinical response,Active treatment,Placebo,9,3455,Odds Ratio,1.12,0.57,1.56,0.015,58,0.144,0.127,Random,Yes,Yes,Yes,Low,High,2019,Cardiology
CMETA223,CD569083,Systematic review 223,Intervention vs comparator,Mortality,Active treatment,Standard care,21,6596,Hazard Ratio,1.32,0.65,1.34,0.068,64,0.088,0.724,Random,No,No,Yes,Low,Moderate,2016,Neurology
CMETA224,CD425851,Systematic review 224,Intervention vs comparator,Clinical response,Active treatment,Placebo,30,4313,Mean Difference,1.2,0.6,1.47,0.074,21,0.054,0.416,Random,Yes,No,Yes,High,Moderate,2015,Psychiatry
CMETA225,CD544762,Systematic review 225,Intervention vs comparator,Symptom improvement,Active treatment,Placebo,33,1619,Odds Ratio,0.88,0.64,1.36,0.109,71,0.075,0.098,Fixed,Yes,Yes,Yes,Low,Low,2020,Neurology
CMETA226,CD277252,Systematic review 226,Intervention vs comparator,Clinical response,Active treatment,Placebo,30,4481,Risk Ratio,1.33,0.74,1.11,0.058,45,0.051,0.228,Random,No,Yes,Yes,High,Low,2022,Gastroenterology
CMETA227,CD260371,Systematic review 227,Intervention vs comparator,Clinical response,Active treatment,Placebo,12,7848,Mean Difference,0.91,0.82,1.27,0.125,50,0.137,0.07,Random,No,Yes,No,Low,Moderate,2021,Endocrinology
CMETA228,CD846665,Systematic review 228,Intervention vs comparator,Mortality,Active treatment,Standard care,35,2574,Mean Difference,0.8,0.54,1.15,0.033,15,0.018,0.357,Fixed,Yes,Yes,Yes,Unclear,Moderate,2019,Endocrinology
CMETA229,CD410257,Systematic review 229,Intervention vs comparator,Symptom improvement,Active treatment,Placebo,17,6232,Odds Ratio,1.21,0.7,1.52,0.133,48,0.014,0.594,Random,Yes,Yes,Yes,High,Moderate,2015,Gastroenterology
CMETA230,CD557110,Systematic review 230,Intervention vs comparator,Disease progression,Active treatment,Placebo,23,6682,Odds Ratio,0.78,0.57,1.35,0.092,43,0.049,0.169,Random,Yes,Yes,No,Low,High,2021,Oncology
CMETA231,CD225526,Systematic review 231,Intervention vs comparator,Mortality,Active treatment,Standard care,20,4178,Mean Difference,0.83,0.54,1.55,0.074,74,0.131,0.567,Random,Yes,Yes,Yes,Low,Low,2023,Oncology
CMETA232,CD935256,Systematic review 232,Intervention vs comparator,Disease progression,Active treatment,Standard care,31,7845,Hazard Ratio,0.7,0.53,1.39,0.001,20,0.093,0.738,Random,No,No,No,Unclear,Moderate,2015,Psychiatry
CMETA233,CD762311,Systematic review 233,Intervention vs comparator,Mortality,Active treatment,Placebo,35,7258,Odds Ratio,1.29,0.79,1.35,0.097,59,0.057,0.434,Random,No,No,Yes,Unclear,High,2020,Cardiology
CMETA234,CD504062,Systematic review 234,Intervention vs comparator,Disease progression,Active treatment,Placebo,11,1113,Risk Ratio,1.25,0.61,1.44,0.028,54,0.069,0.841,Random,No,Yes,Yes,Low,Low,2016,Rheumatology
CMETA235,CD129462,Systematic review 235,Intervention vs comparator,Clinical response,Active treatment,Placebo,28,7029,Mean Difference,1.01,0.7,1.32,0.118,52,0.082,0.121,Random,Yes,Yes,No,Low,Moderate,2015,Rheumatology
CMETA236,CD153642,Systematic review 236,Intervention vs comparator,Clinical response,Active treatment,Placebo,14,6348,Risk Ratio,0.79,0.51,1.22,0.088,43,0.087,0.408,Random,Yes,Yes,Yes,Low,High,2023,Psychiatry
CMETA237,CD958021,Systematic review 237,Intervention vs comparator,Disease progression,Active treatment,Placebo,21,6287,Risk Ratio,0.78,0.66,1.57,0.116,57,0.078,0.27,Random,Yes,No,No,Low,High,2019,Gastroenterology
CMETA238,CD800414,Systematic review 238,Intervention vs comparator,Disease progression,Active treatment,Placebo,14,3691,Mean Difference,0.75,0.53,1.52,0.017,52,0.028,0.211,Random,No,No,Yes,Low,Moderate,2016,Endocrinology
CMETA239,CD396764,Systematic review 239,Intervention vs comparator,Clinical response,Active treatment,Placebo,23,7550,Hazard Ratio,1.06,0.63,1.45,0.068,56,0.036,0.142,Fixed,Yes,Yes,Yes,High,Low,2015,Pulmonology
CMETA240,CD899378,Systematic review 240,Intervention vs comparator,Clinical response,Active treatment,Standard care,22,810,Risk Ratio,1.27,0.69,1.27,0.09,34,0.061,0.569,Fixed,No,Yes,No,Low,High,2018,Psychiatry
CMETA241,CD710239,Systematic review 241,Intervention vs comparator,Symptom improvement,Active treatment,Standard care,14,5568,Odds Ratio,0.94,0.58,1.42,0.011,71,0.105,0.214,Random,No,No,Yes,Unclear,Moderate,2016,Rheumatology
CMETA242,CD819904,Systematic review 242,Intervention vs comparator,Symptom improvement,Active treatment,Standard care,33,5514,Mean Difference,0.73,0.8,1.19,0.083,42,0.121,0.508,Fixed,No,Yes,No,Low,Moderate,2015,Pulmonology
CMETA243,CD994955,Systematic review 243,Intervention vs comparator,Symptom improvement,Active treatment,Placebo,16,5001,Hazard Ratio,0.96,0.72,1.12,0.045,42,0.126,0.538,Random,Yes,No,Yes,High,Moderate,2017,Neurology
CMETA244,CD651856,Systematic review 244,Intervention vs comparator,Clinical response,Active treatment,Standard care,11,7025,Risk Ratio,0.94,0.81,1.34,0.093,75,0.072,0.383,Random,No,Yes,Yes,Low,Moderate,2016,Gastroenterology
CMETA245,CD829638,Systematic review 245,Intervention vs comparator,Disease progression,Active treatment,Standard care,15,4541,Odds Ratio,1.25,0.65,1.51,0.082,54,0.095,0.49,Random,Yes,Yes,Yes,High,Moderate,2019,Endocrinology
CMETA246,CD692049,Systematic review 246,Intervention vs comparator,Mortality,Active treatment,Standard care,15,2446,Hazard Ratio,1.12,0.52,1.49,0.102,72,0.125,0.762,Fixed,No,Yes,Yes,Low,Moderate,2022,Psychiatry
CMETA247,CD348560,Systematic review 247,Intervention vs comparator,Clinical response,Active treatment,Standard care,32,5117,Odds Ratio,1.01,0.55,1.28,0.107,44,0.131,0.355,Fixed,Yes,Yes,Yes,Unclear,Low,2021,Rheumatology
CMETA248,CD649525,Systematic review 248,Intervention vs comparator,Clinical response,Active treatment,Standard care,17,7664,Odds Ratio,0.79,0.6,1.43,0.053,35,0.104,0.661,Random,Yes,Yes,Yes,High,Moderate,2019,Psychiatry
CMETA249,CD963948,Systematic review 249,Intervention vs comparator,Disease progression,Active treatment,Standard care,20,3507,Risk Ratio,1.05,0.83,1.36,0.106,70,0.066,0.658,Random,Yes,Yes,Yes,Low,High,2018,Psychiatry
CMETA250,CD239899,Systematic review 250,Intervention vs comparator,Clinical response,Active treatment,Standard care,31,4559,Odds Ratio,0.81,0.52,1.59,0.108,22,0.128,0.8,Fixed,No,Yes,Yes,Unclear,Low,2015,Oncology
CMETA251,CD507364,Systematic review 251,Intervention vs comparator,Mortality,Active treatment,Standard care,23,4931,Risk Ratio,1.03,0.74,1.65,0.012,59,0.011,0.682,Random,Yes,Yes,Yes,Low,High,2015,Cardiology
CMETA252,CD267330,Systematic review 252,Intervention vs comparator,Symptom improvement,Active treatment,Placebo,35,2583,Mean Difference,1.11,0.71,1.41,0.011,60,0.094,0.198,Fixed,No,Yes,No,Unclear,Moderate,2019,Rheumatology
CMETA253,CD294400,Systematic review 253,Intervention vs comparator,Clinical response,Active treatment,Standard care,28,7735,Mean Difference,1.27,0.76,1.05,0.096,46,0.128,0.733,Fixed,Yes,Yes,No,Unclear,High,2016,Cardiology
CMETA254,CD880309,Systematic review 254,Intervention vs comparator,Mortality,Active treatment,Placebo,8,5007,Mean Difference,0.77,0.84,1.25,0.046,15,0.065,0.639,Random,Yes,Yes,Yes,Low,Moderate,2016,Neurology
CMETA255,CD380097,Systematic review 255,Intervention vs comparator,Mortality,Active treatment,Standard care,13,3844,Risk Ratio,1.28,0.69,1.59,0.084,61,0.149,0.429,Random,No,Yes,No,Unclear,Low,2016,Psychiatry
CMETA256,CD987030,Systematic review 256,Intervention vs comparator,Disease progression,Active treatment,Standard care,12,7391,Odds Ratio,0.92,0.82,1.11,0.077,31,0.092,0.667,Random,Yes,Yes,No,Low,Low,2015,Rheumatology
CMETA257,CD965181,Systematic review 257,Intervention vs comparator,Mortality,Active treatment,Standard care,9,4100,Risk Ratio,0.85,0.67,1.16,0.063,49,0.137,0.675,Fixed,No,Yes,No,High,Moderate,2016,Oncology
CMETA258,CD691761,Systematic review 258,Intervention vs comparator,Mortality,Active treatment,Placebo,27,981,Odds Ratio,0.91,0.57,1.56,0.146,29,0.068,0.755,Random,Yes,No,Yes,Low,Low,2020,Cardiology
CMETA259,CD174569,Systematic review 259,Intervention vs comparator,Symptom improvement,Active treatment,Placebo,23,6428,Hazard Ratio,0.84,0.63,1.55,0.041,61,0.129,0.119,Random,No,No,Yes,Low,Low,2018,Endocrinology
CMETA260,CD739503,Systematic review 260,Intervention vs comparator,Clinical response,Active treatment,Standard care,13,2157,Hazard Ratio,1.06,0.54,1.51,0.129,49,0.14,0.156,Random,No,No,Yes,Unclear,High,2018,Pulmonology
CMETA261,CD767579,Systematic review 261,Intervention vs comparator,Disease progression,Active treatment,Placebo,24,5306,Mean Difference,1.28,0.8,1.31,0.043,49,0.148,0.644,Random,No,Yes,Yes,Low,Low,2015,Oncology
CMETA262,CD636604,Systematic review 262,Intervention vs comparator,Disease progression,Active treatment,Placebo,16,4371,Odds Ratio,0.68,0.81,1.62,0.121,68,0.038,0.694,Random,Yes,Yes,Yes,Unclear,Moderate,2015,Neurology
CMETA263,CD476987,Systematic review 263,Intervention vs comparator,Symptom improvement,Active treatment,Standard care,17,6553,Mean Difference,1.08,0.77,1.6,0.105,22,0.042,0.153,Fixed,No,No,Yes,Unclear,Low,2021,Oncology
CMETA264,CD397945,Systematic review 264,Intervention vs comparator,Symptom improvement,Active treatment,Placebo,28,4511,Odds Ratio,0.87,0.58,1.56,0.067,31,0.114,0.361,Fixed,Yes,Yes,Yes,Low,Moderate,2017,Psychiatry
CMETA265,CD130394,Systematic review 265,Intervention vs comparator,Mortality,Active treatment,Placebo,30,7114,Odds Ratio,1.26,0.84,1.47,0.121,15,0.072,0.582,Fixed,Yes,Yes,Yes,High,High,2016,Endocrinology
CMETA266,CD700083,Systematic review 266,Intervention vs comparator,Symptom improvement,Active treatment,Placebo,25,5844,Hazard Ratio,1.13,0.53,1.44,0.043,17,0.094,0.539,Random,Yes,Yes,No,Low,Moderate,2018,Oncology
CMETA267,CD500635,Systematic review 267,Intervention vs comparator,Disease progression,Active treatment,Standard care,20,5579,Mean Difference,0.94,0.54,1.64,0.092,46,0.115,0.675,Random,Yes,Yes,Yes,High,High,2020,Neurology
CMETA268,CD247359,Systematic review 268,Intervention vs comparator,Symptom improvement,Active treatment,Placebo,23,1766,Mean Difference,1.07,0.63,1.31,0.05,39,0.095,0.439,Random,No,No,Yes,Low,Low,2021,Psychiatry
CMETA269,CD434740,Systematic review 269,Intervention vs comparator,Mortality,Active treatment,Placebo,26,7795,Hazard Ratio,1.27,0.84,1.56,0.133,74,0.141,0.377,Random,No,Yes,No,High,High,2017,Neurology
CMETA270,CD669490,Systematic review 270,Intervention vs comparator,Symptom improvement,Active treatment,Placebo,16,1758,Risk Ratio,1.29,0.73,1.07,0.009,59,0.137,0.37,Fixed,No,No,No,Low,High,2023,Gastroenterology
CMETA271,CD396974,Systematic review 271,Intervention vs comparator,Disease progression,Active treatment,Placebo,17,2358,Odds Ratio,1.14,0.7,1.19,0.071,17,0.107,0.263,Fixed,Yes,No,No,Unclear,Moderate,2018,Neurology
CMETA272,CD943483,Systematic review 272,Intervention vs comparator,Disease progression,Active treatment,Placebo,32,4412,Odds Ratio,0.66,0.72,1.06,0.148,58,0.021,0.266,Random,Yes,Yes,Yes,High,Moderate,2020,Neurology
CMETA273,CD493475,Systematic review 273,Intervention vs comparator,Disease progression,Active treatment,Standard care,18,6864,Odds Ratio,1.15,0.58,1.25,0.123,53,0.125,0.231,Random,No,Yes,No,Unclear,Low,2015,Oncology
CMETA274,CD793783,Systematic review 274,Intervention vs comparator,Mortality,Active treatment,Standard care,11,4663,Mean Difference,0.88,0.72,1.42,0.092,45,0.016,0.529,Fixed,Yes,No,Yes,Low,Moderate,2022,Pulmonology
CMETA275,CD417852,Systematic review 275,Intervention vs comparator,Symptom improvement,Active treatment,Standard care,32,3427,Mean Difference,0.89,0.63,1.52,0.065,17,0.016,0.466,Fixed,No,Yes,Yes,Low,Low,2021,Neurology
CMETA276,CD948475,Systematic review 276,Intervention vs comparator,Symptom improvement,Active treatment,Standard care,29,5218,Odds Ratio,1.19,0.63,1.54,0.078,65,0.096,0.225,Random,No,No,No,Low,Moderate,2019,Pulmonology
CMETA277,CD778115,Systematic review 277,Intervention vs comparator,Symptom improvement,Active treatment,Standard care,22,801,Risk Ratio,1.11,0.84,1.2,0.109,66,0.017,0.508,Fixed,Yes,Yes,Yes,High,Moderate,2019,Pulmonology
CMETA278,CD711991,Systematic review 278,Intervention vs comparator,Clinical response,Active treatment,Placebo,14,3098,Mean Difference,1.11,0.81,1.34,0.073,51,0.135,0.483,Random,No,No,Yes,Low,High,2023,Cardiology
CMETA279,CD496468,Systematic review 279,Intervention vs comparator,Symptom improvement,Active treatment,Standard care,30,3959,Hazard Ratio,0.8,0.75,1.29,0.09,17,0.104,0.643,Random,No,Yes,No,Unclear,Low,2017,Oncology
CMETA280,CD354568,Systematic review 280,Intervention vs comparator,Symptom improvement,Active treatment,Placebo,30,4235,Odds Ratio,1.31,0.7,1.34,0.096,59,0.094,0.465,Random,Yes,No,Yes,Low,Moderate,2022,Psychiatry
CMETA281,CD938349,Systematic review 281,Intervention vs comparator,Disease progression,Active treatment,Placebo,35,3926,Risk Ratio,0.98,0.73,1.53,0.083,20,0.128,0.804,Fixed,No,Yes,Yes,High,Low,2017,Gastroenterology
CMETA282,CD445343,Systematic review 282,Intervention vs comparator,Disease progression,Active treatment,Standard care,33,2432,Hazard Ratio,1.27,0.5,1.42,0.107,44,0.058,0.816,Fixed,No,No,Yes,Low,Low,2019,Oncology
CMETA283,CD576435,Systematic review 283,Intervention vs comparator,Symptom improvement,Active treatment,Placebo,15,3091,Risk Ratio,1.02,0.78,1.55,0.142,66,0.121,0.149,Random,Yes,No,Yes,Low,Low,2016,Pulmonology
CMETA284,CD916897,Systematic review 284,Intervention vs comparator,Mortality,Active treatment,Standard care,20,7873,Risk Ratio,0.98,0.8,1.41,0.002,65,0.11,0.198,Random,No,No,Yes,Low,Moderate,2022,Endocrinology
CMETA285,CD799928,Systematic review 285,Intervention vs comparator,Symptom improvement,Active treatment,Standard care,21,6521,Hazard Ratio,1.32,0.51,1.12,0.08,73,0.063,0.576,Random,No,No,No,Unclear,Low,2017,Endocrinology
CMETA286,CD425098,Systematic review 286,Intervention vs comparator,Mortality,Active treatment,Standard care,35,4159,Mean Difference,0.93,0.68,1.34,0.144,75,0.118,0.555,Random,Yes,Yes,No,Low,Moderate,2023,Rheumatology
CMETA287,CD239395,Systematic review 287,Intervention vs comparator,Disease progression,Active treatment,Standard care,9,3069,Hazard Ratio,0.98,0.81,1.57,0.116,60,0.045,0.754,Random,Yes,Yes,Yes,Unclear,High,2017,Neurology
CMETA288,CD520562,Systematic review 288,Intervention vs comparator,Mortality,Active treatment,Placebo,9,3495,Odds Ratio,0.88,0.59,1.27,0.055,45,0.136,0.533,Random,Yes,Yes,Yes,Low,Moderate,2017,Neurology
CMETA289,CD914563,Systematic review 289,Intervention vs comparator,Mortality,Active treatment,Placebo,14,5557,Mean Difference,1.07,0.82,1.3,0.051,36,0.069,0.278,Random,No,Yes,Yes,Low,Moderate,2016,Cardiology
CMETA290,CD457833,Systematic review 290,Intervention vs comparator,Symptom improvement,Active treatment,Standard care,9,6920,Mean Difference,0.96,0.52,1.31,0.117,38,0.085,0.052,Fixed,No,Yes,No,Low,Low,2018,Neurology
CMETA291,CD250912,Systematic review 291,Intervention vs comparator,Mortality,Active treatment,Standard care,20,4199,Hazard Ratio,1.19,0.74,1.07,0.117,54,0.046,0.089,Random,No,Yes,Yes,High,Low,2015,Endocrinology
CMETA292,CD173732,Systematic review 292,Intervention vs comparator,Disease progression,Active treatment,Standard care,23,1763,Risk Ratio,1.34,0.55,1.41,0.114,47,0.058,0.827,Fixed,No,Yes,Yes,Low,Moderate,2021,Neurology
CMETA293,CD437347,Systematic review 293,Intervention vs comparator,Symptom improvement,Active treatment,Placebo,25,2546,Mean Difference,1.13,0.83,1.32,0.148,22,0.076,0.796,Fixed,Yes,No,Yes,Unclear,Low,2020,Psychiatry
CMETA294,CD563558,Systematic review 294,Intervention vs comparator,Symptom improvement,Active treatment,Standard care,8,1920,Mean Difference,1.2,0.67,1.12,0.083,58,0.038,0.687,Fixed,No,Yes,Yes,Low,High,2015,Rheumatology
CMETA295,CD281991,Systematic review 295,Intervention vs comparator,Clinical response,Active treatment,Placebo,12,2749,Odds Ratio,0.79,0.67,1.06,0.027,36,0.016,0.262,Random,Yes,No,No,High,High,2020,Oncology
CMETA296,CD958026,Systematic review 296,Intervention vs comparator,Clinical response,Active treatment,Standard care,27,2609,Hazard Ratio,0.74,0.73,1.46,0.037,27,0.044,0.216,Fixed,No,Yes,Yes,Unclear,Moderate,2021,Pulmonology
CMETA297,CD487941,Systematic review 297,Intervention vs comparator,Clinical response,Active treatment,Standard care,16,3283,Mean Difference,1.15,0.61,1.51,0.1,43,0.08,0.2,Random,No,Yes,Yes,Unclear,Moderate,2018,Oncology
CMETA298,CD944909,Systematic review 298,Intervention vs comparator,Mortality,Active treatment,Placebo,21,1349,Odds Ratio,1.34,0.56,1.62,0.056,15,0.028,0.125,Random,No,Yes,Yes,Low,Moderate,2015,Gastroenterology
CMETA299,CD668548,Systematic review 299,Intervention vs comparator,Mortality,Active treatment,Placebo,31,5184,Risk Ratio,0.67,0.81,1.31,0.113,50,0.098,0.737,Random,Yes,Yes,Yes,High,Moderate,2022,Rheumatology
CMETA300,CD725902,Systematic review 300,Intervention vs comparator,Disease progression,Active treatment,Standard care,13,5279,Risk Ratio,1.13,0.79,1.1,0.08,39,0.02,0.723,Random,Yes,Yes,No,Low,Moderate,2020,Endocrinology
CMETA301,CD960617,Systematic review 301,Intervention vs comparator,Clinical response,Active treatment,Standard care,16,6652,Mean Difference,1.05,0.79,1.63,0.092,36,0.093,0.793,Fixed,No,No,Yes,Low,Low,2022,Gastroenterology
CMETA302,CD430659,Systematic review 302,Intervention vs comparator,Disease progression,Active treatment,Placebo,22,2908,Mean Difference,1.09,0.71,1.63,0.149,45,0.068,0.44,Fixed,No,No,Yes,Unclear,Moderate,2015,Gastroenterology
CMETA303,CD259921,Systematic review 303,Intervention vs comparator,Symptom improvement,Active treatment,Placebo,14,4237,Hazard Ratio,0.9,0.82,1.27,0.11,75,0.132,0.642,Random,No,No,Yes,Low,Moderate,2016,Gastroenterology
CMETA304,CD901184,Systematic review 304,Intervention vs comparator,Mortality,Active treatment,Standard care,27,6815,Odds Ratio,1.28,0.79,1.25,0.076,46,0.013,0.545,Fixed,Yes,Yes,Yes,High,Moderate,2022,Neurology
CMETA305,CD911262,Systematic review 305,Intervention vs comparator,Mortality,Active treatment,Placebo,35,5032,Mean Difference,1.04,0.57,1.54,0.012,46,0.037,0.641,Random,No,No,Yes,Low,Moderate,2015,Pulmonology
CMETA306,CD491087,Systematic review 306,Intervention vs comparator,Disease progression,Active treatment,Standard care,13,1346,Risk Ratio,1.19,0.72,1.32,0.05,74,0.129,0.328,Random,No,Yes,Yes,Low,Low,2020,Psychiatry
CMETA307,CD541112,Systematic review 307,Intervention vs comparator,Disease progression,Active treatment,Placebo,35,3792,Odds Ratio,1.21,0.61,1.53,0.124,33,0.049,0.568,Random,Yes,Yes,Yes,Unclear,Moderate,2017,Rheumatology
CMETA308,CD880105,Systematic review 308,Intervention vs comparator,Mortality,Active treatment,Standard care,16,5261,Hazard Ratio,1.14,0.65,1.09,0.088,71,0.067,0.166,Fixed,No,Yes,Yes,Low,Moderate,2016,Oncology
CMETA309,CD514100,Systematic review 309,Intervention vs comparator,Symptom improvement,Active treatment,Placebo,19,1579,Risk Ratio,0.66,0.79,1.5,0.09,21,0.049,0.477,Random,Yes,Yes,No,High,High,2023,Cardiology
CMETA310,CD399482,Systematic review 310,Intervention vs comparator,Disease progression,Active treatment,Placebo,20,1939,Risk Ratio,1.08,0.68,1.26,0.067,48,0.134,0.323,Fixed,No,Yes,No,High,Low,2018,Endocrinology
CMETA311,CD607948,Systematic review 311,Intervention vs comparator,Symptom improvement,Active treatment,Standard care,33,4855,Odds Ratio,1.17,0.63,1.22,0.056,53,0.033,0.182,Random,No,Yes,Yes,Unclear,Moderate,2020,Cardiology
CMETA312,CD575573,Systematic review 312,Intervention vs comparator,Mortality,Active treatment,Standard care,14,2825,Risk Ratio,1.1,0.63,1.61,0.048,44,0.086,0.791,Random,No,No,Yes,Low,Moderate,2019,Pulmonology
CMETA313,CD711229,Systematic review 313,Intervention vs comparator,Disease progression,Active treatment,Placebo,30,6130,Odds Ratio,0.78,0.58,1.57,0.089,38,0.011,0.534,Random,No,Yes,Yes,High,Low,2018,Endocrinology
CMETA314,CD982950,Systematic review 314,Intervention vs comparator,Symptom improvement,Active treatment,Placebo,35,3322,Mean Difference,0.85,0.54,1.14,0.106,66,0.146,0.425,Random,Yes,Yes,Yes,High,Moderate,2019,Psychiatry
CMETA315,CD628721,Systematic review 315,Intervention vs comparator,Mortality,Active treatment,Standard care,20,1421,Mean Difference,0.85,0.51,1.6,0.084,16,0.049,0.264,Fixed,No,Yes,Yes,Low,Moderate,2021,Neurology
CMETA316,CD944069,Systematic review 316,Intervention vs comparator,Disease progression,Active treatment,Standard care,18,2115,Mean Difference,1.11,0.55,1.07,0.073,26,0.079,0.22,Fixed,Yes,No,Yes,Unclear,Low,2022,Neurology
CMETA317,CD102442,Systematic review 317,Intervention vs comparator,Clinical response,Active treatment,Standard care,31,4340,Risk Ratio,0.68,0.69,1.54,0.145,16,0.124,0.387,Fixed,Yes,Yes,No,Low,Low,2015,Neurology
CMETA318,CD929897,Systematic review 318,Intervention vs comparator,Symptom improvement,Active treatment,Placebo,9,3082,Odds Ratio,0.8,0.66,1.4,0.052,50,0.144,0.624,Fixed,No,No,No,Low,High,2017,Endocrinology
CMETA319,CD292595,Systematic review 319,Intervention vs comparator,Disease progression,Active treatment,Standard care,30,4794,Risk Ratio,1.03,0.53,1.4,0.065,50,0.037,0.585,Random,Yes,Yes,Yes,Low,Moderate,2020,Rheumatology
CMETA320,CD957569,Systematic review 320,Intervention vs comparator,Disease progression,Active treatment,Placebo,10,2632,Hazard Ratio,1.29,0.73,1.34,0.019,18,0.141,0.522,Random,Yes,Yes,Yes,Low,Moderate,2022,Psychiatry
CMETA321,CD296201,Systematic review 321,Intervention vs comparator,Clinical response,Active treatment,Placebo,8,2429,Odds Ratio,1.02,0.57,1.28,0.073,15,0.114,0.496,Random,No,Yes,Yes,Low,Low,2017,Neurology
CMETA322,CD621722,Systematic review 322,Intervention vs comparator,Clinical response,Active treatment,Placebo,30,6425,Odds Ratio,0.83,0.56,1.36,0.102,16,0.075,0.143,Random,Yes,Yes,Yes,Low,Moderate,2023,Psychiatry
CMETA323,CD523348,Systematic review 323,Intervention vs comparator,Symptom improvement,Active treatment,Placebo,35,4217,Odds Ratio,0.88,0.84,1.28,0.022,23,0.079,0.35,Random,Yes,Yes,No,Low,High,2022,Oncology
CMETA324,CD195482,Systematic review 324,Intervention vs comparator,Mortality,Active treatment,Placebo,33,1333,Risk Ratio,0.8,0.63,1.35,0.084,68,0.016,0.704,Random,Yes,Yes,No,Low,High,2021,Neurology
CMETA325,CD915552,Systematic review 325,Intervention vs comparator,Clinical response,Active treatment,Standard care,27,4687,Risk Ratio,0.9,0.51,1.34,0.038,32,0.058,0.624,Fixed,No,Yes,No,Unclear,Low,2015,Psychiatry
CMETA326,CD334285,Systematic review 326,Intervention vs comparator,Disease progression,Active treatment,Placebo,27,5343,Odds Ratio,0.93,0.69,1.55,0.047,33,0.069,0.435,Fixed,No,No,No,Low,Moderate,2016,Pulmonology
CMETA327,CD466429,Systematic review 327,Intervention vs comparator,Clinical response,Active treatment,Standard care,20,2967,Hazard Ratio,1.25,0.69,1.57,0.051,32,0.086,0.067,Random,No,Yes,Yes,High,Moderate,2017,Psychiatry
CMETA328,CD475745,Systematic review 328,Intervention vs comparator,Mortality,Active treatment,Placebo,33,3050,Hazard Ratio,0.92,0.59,1.06,0.097,25,0.026,0.429,Random,No,Yes,No,Low,Moderate,2017,Gastroenterology
CMETA329,CD679391,Systematic review 329,Intervention vs comparator,Clinical response,Active treatment,Standard care,34,5501,Mean Difference,0.72,0.78,1.49,0.13,30,0.142,0.567,Fixed,Yes,Yes,Yes,Low,High,2016,Gastroenterology
CMETA330,CD397758,Systematic review 330,Intervention vs comparator,Mortality,Active treatment,Placebo,35,1840,Odds Ratio,0.8,0.74,1.27,0.136,64,0.03,0.505,Fixed,No,Yes,No,Unclear,Moderate,2017,Endocrinology
CMETA331,CD912039,Systematic review 331,Intervention vs comparator,Symptom improvement,Active treatment,Standard care,31,2736,Risk Ratio,0.7,0.78,1.3,0.091,56,0.016,0.158,Random,Yes,Yes,No,Unclear,Moderate,2015,Oncology
CMETA332,CD561019,Systematic review 332,Intervention vs comparator,Symptom improvement,Active treatment,Placebo,28,1122,Mean Difference,0.97,0.51,1.58,0.078,23,0.04,0.37,Random,No,No,Yes,Low,Low,2015,Psychiatry
CMETA333,CD383178,Systematic review 333,Intervention vs comparator,Mortality,Active treatment,Standard care,29,5216,Mean Difference,1.01,0.84,1.35,0.124,33,0.019,0.137,Random,No,Yes,Yes,Low,Moderate,2017,Neurology
CMETA334,CD186336,Systematic review 334,Intervention vs comparator,Mortality,Active treatment,Placebo,10,5674,Mean Difference,0.73,0.53,1.1,0.016,42,0.117,0.382,Fixed,No,Yes,Yes,High,Low,2023,Neurology
CMETA335,CD505991,Systematic review 335,Intervention vs comparator,Symptom improvement,Active treatment,Standard care,35,2303,Hazard Ratio,0.78,0.78,1.52,0.079,51,0.085,0.603,Random,No,Yes,Yes,Low,Moderate,2018,Cardiology
CMETA336,CD580094,Systematic review 336,Intervention vs comparator,Symptom improvement,Active treatment,Standard care,20,5940,Risk Ratio,0.67,0.63,1.28,0.125,16,0.085,0.822,Random,Yes,Yes,No,Low,High,2021,Rheumatology
CMETA337,CD404888,Systematic review 337,Intervention vs comparator,Mortality,Active treatment,Standard care,18,5630,Odds Ratio,0.66,0.61,1.35,0.133,15,0.048,0.339,Random,Yes,No,No,Unclear,High,2021,Rheumatology
CMETA338,CD920196,Systematic review 338,Intervention vs comparator,Symptom improvement,Active treatment,Standard care,28,2427,Risk Ratio,1.24,0.78,1.24,0.142,33,0.14,0.069,Fixed,Yes,Yes,Yes,High,Moderate,2020,Oncology
CMETA339,CD179978,Systematic review 339,Intervention vs comparator,Mortality,Active treatment,Placebo,17,6601,Odds Ratio,0.7,0.53,1.41,0.011,25,0.024,0.434,Random,No,Yes,Yes,High,Low,2018,Neurology
CMETA340,CD135167,Systematic review 340,Intervention vs comparator,Clinical response,Active treatment,Standard care,19,6039,Risk Ratio,1.14,0.59,1.14,0.146,60,0.078,0.453,Random,No,Yes,No,High,High,2020,Neurology
CMETA341,CD869288,Systematic review 341,Intervention vs comparator,Symptom improvement,Active treatment,Standard care,29,2740,Risk Ratio,1.24,0.82,1.27,0.01,41,0.021,0.316,Random,Yes,Yes,No,Low,Moderate,2023,Endocrinology
CMETA342,CD814831,Systematic review 342,Intervention vs comparator,Disease progression,Active treatment,Standard care,22,7082,Risk Ratio,1.11,0.75,1.33,0.137,62,0.021,0.286,Random,Yes,Yes,No,Low,Moderate,2017,Oncology
CMETA343,CD312943,Systematic review 343,Intervention vs comparator,Disease progression,Active treatment,Placebo,33,7169,Hazard Ratio,0.87,0.64,1.47,0.083,52,0.035,0.184,Random,Yes,No,No,Low,High,2023,Pulmonology
CMETA344,CD830327,Systematic review 344,Intervention vs comparator,Disease progression,Active treatment,Standard care,25,5557,Risk Ratio,1.02,0.72,1.48,0.095,35,0.13,0.155,Random,Yes,No,Yes,Low,Moderate,2023,Gastroenterology
CMETA345,CD724112,Systematic review 345,Intervention vs comparator,Disease progression,Active treatment,Placebo,32,6986,Hazard Ratio,0.73,0.81,1.25,0.121,46,0.127,0.053,Fixed,Yes,Yes,No,Low,Low,2019,Rheumatology
CMETA346,CD740306,Systematic review 346,Intervention vs comparator,Disease progression,Active treatment,Standard care,33,3264,Mean Difference,1.15,0.66,1.28,0.023,68,0.025,0.846,Random,No,Yes,Yes,Low,Moderate,2021,Cardiology
CMETA347,CD533550,Systematic review 347,Intervention vs comparator,Disease progression,Active treatment,Standard care,22,1193,Risk Ratio,1.32,0.72,1.4,0.019,32,0.102,0.339,Random,Yes,Yes,Yes,Low,High,2023,Gastroenterology
CMETA348,CD584241,Systematic review 348,Intervention vs comparator,Clinical response,Active treatment,Placebo,25,5407,Risk Ratio,1.16,0.51,1.65,0.126,28,0.125,0.535,Random,No,No,No,Low,Moderate,2021,Gastroenterology
CMETA349,CD223001,Systematic review 349,Intervention vs comparator,Clinical response,Active treatment,Standard care,29,900,Risk Ratio,1.26,0.56,1.26,0.066,71,0.12,0.452,Fixed,No,Yes,No,High,Moderate,2017,Endocrinology
CMETA350,CD795371,Systematic review 350,Intervention vs comparator,Mortality,Active treatment,Placebo,27,6540,Odds Ratio,0.73,0.52,1.43,0.058,23,0.061,0.758,Fixed,Yes,No,No,Unclear,High,2016,Rheumatology
CMETA351,CD932428,Systematic review 351,Intervention vs comparator,Mortality,Active treatment,Placebo,18,6605,Odds Ratio,1.23,0.62,1.23,0.045,42,0.088,0.474,Fixed,Yes,Yes,Yes,High,High,2015,Pulmonology
CMETA352,CD681679,Systematic review 352,Intervention vs comparator,Disease progression,Active treatment,Placebo,29,6314,Mean Difference,0.82,0.85,1.45,0.149,30,0.033,0.724,Random,Yes,No,Yes,High,Low,2023,Neurology
CMETA353,CD843128,Systematic review 353,Intervention vs comparator,Disease progression,Active treatment,Placebo,11,2357,Risk Ratio,1.23,0.79,1.31,0.095,55,0.148,0.713,Fixed,Yes,No,Yes,Low,Low,2019,Neurology
CMETA354,CD843090,Systematic review 354,Intervention vs comparator,Clinical response,Active treatment,Standard care,19,4992,Risk Ratio,0.96,0.57,1.39,0.114,30,0.053,0.416,Random,Yes,Yes,Yes,High,Low,2018,Cardiology
CMETA355,CD638513,Systematic review 355,Intervention vs comparator,Symptom improvement,Active treatment,Standard care,29,5117,Odds Ratio,0.89,0.8,1.5,0.095,37,0.057,0.144,Random,Yes,Yes,No,Unclear,Moderate,2018,Rheumatology
CMETA356,CD987773,Systematic review 356,Intervention vs comparator,Mortality,Active treatment,Standard care,13,4989,Mean Difference,1.25,0.55,1.12,0.016,21,0.116,0.558,Fixed,No,Yes,Yes,Unclear,Low,2021,Oncology
CMETA357,CD367203,Systematic review 357,Intervention vs comparator,Clinical response,Active treatment,Standard care,27,3182,Odds Ratio,0.69,0.76,1.39,0.108,36,0.08,0.125,Random,No,No,Yes,Low,High,2018,Neurology
CMETA358,CD380633,Systematic review 358,Intervention vs comparator,Clinical response,Active treatment,Placebo,30,6099,Mean Difference,0.88,0.76,1.44,0.069,50,0.071,0.293,Fixed,No,Yes,No,Unclear,Moderate,2015,Neurology
CMETA359,CD946013,Systematic review 359,Intervention vs comparator,Disease progression,Active treatment,Placebo,25,1407,Odds Ratio,0.83,0.66,1.07,0.003,69,0.047,0.842,Fixed,Yes,Yes,Yes,Unclear,High,2018,Gastroenterology
CMETA360,CD665746,Systematic review 360,Intervention vs comparator,Disease progression,Active treatment,Standard care,18,3680,Mean Difference,1.33,0.65,1.14,0.104,54,0.089,0.8,Fixed,Yes,Yes,Yes,Low,Moderate,2016,Oncology
CMETA361,CD606217,Systematic review 361,Intervention vs comparator,Disease progression,Active treatment,Standard care,24,5516,Mean Difference,1.12,0.52,1.11,0.105,20,0.143,0.32,Fixed,Yes,Yes,No,Unclear,Moderate,2019,Cardiology
CMETA362,CD891595,Systematic review 362,Intervention vs comparator,Clinical response,Active treatment,Standard care,32,5456,Risk Ratio,1.23,0.82,1.33,0.114,75,0.132,0.526,Random,Yes,Yes,Yes,Low,Moderate,2016,Oncology
CMETA363,CD624771,Systematic review 363,Intervention vs comparator,Clinical response,Active treatment,Standard care,32,3607,Hazard Ratio,1.31,0.83,1.52,0.076,21,0.091,0.731,Fixed,Yes,No,Yes,High,Low,2015,Rheumatology
CMETA364,CD907943,Systematic review 364,Intervention vs comparator,Clinical response,Active treatment,Standard care,29,6959,Odds Ratio,0.91,0.54,1.62,0.091,15,0.011,0.736,Random,No,Yes,Yes,Low,Moderate,2021,Rheumatology
CMETA365,CD865954,Systematic review 365,Intervention vs comparator,Mortality,Active treatment,Placebo,28,3642,Hazard Ratio,0.84,0.58,1.64,0.063,42,0.056,0.343,Random,No,No,No,High,Moderate,2022,Endocrinology
CMETA366,CD663041,Systematic review 366,Intervention vs comparator,Disease progression,Active treatment,Standard care,27,1520,Mean Difference,0.82,0.83,1.6,0.104,35,0.063,0.324,Random,Yes,No,No,Low,Moderate,2020,Gastroenterology
CMETA367,CD651971,Systematic review 367,Intervention vs comparator,Symptom improvement,Active treatment,Standard care,9,3013,Mean Difference,1.34,0.73,1.34,0.032,45,0.142,0.463,Random,Yes,No,Yes,Unclear,Moderate,2021,Endocrinology
CMETA368,CD829748,Systematic review 368,Intervention vs comparator,Disease progression,Active treatment,Standard care,34,6301,Risk Ratio,1.1,0.84,1.45,0.031,58,0.147,0.446,Random,Yes,Yes,No,Low,High,2022,Cardiology
CMETA369,CD666627,Systematic review 369,Intervention vs comparator,Symptom improvement,Active treatment,Placebo,31,3316,Hazard Ratio,1.06,0.56,1.32,0.054,24,0.024,0.793,Random,No,Yes,Yes,Low,Low,2021,Cardiology
CMETA370,CD255075,Systematic review 370,Intervention vs comparator,Disease progression,Active treatment,Placebo,32,5118,Risk Ratio,1.05,0.85,1.5,0.144,55,0.133,0.6,Random,No,Yes,Yes,Low,Moderate,2022,Neurology
CMETA371,CD540751,Systematic review 371,Intervention vs comparator,Disease progression,Active treatment,Placebo,16,7554,Mean Difference,1.3,0.55,1.51,0.111,32,0.074,0.128,Random,No,Yes,No,Unclear,Moderate,2021,Neurology
CMETA372,CD726226,Systematic review 372,Intervention vs comparator,Mortality,Active treatment,Standard care,23,2879,Mean Difference,0.96,0.59,1.25,0.133,58,0.102,0.405,Random,Yes,Yes,Yes,High,Low,2017,Cardiology
CMETA373,CD679579,Systematic review 373,Intervention vs comparator,Disease progression,Active treatment,Placebo,15,4185,Odds Ratio,0.94,0.82,1.3,0.105,63,0.08,0.326,Fixed,Yes,Yes,No,Low,Moderate,2018,Gastroenterology
CMETA374,CD515632,Systematic review 374,Intervention vs comparator,Mortality,Active treatment,Standard care,35,7649,Mean Difference,0.87,0.72,1.4,0.07,68,0.137,0.203,Fixed,No,Yes,Yes,Unclear,Low,2020,Endocrinology
CMETA375,CD224948,Systematic review 375,Intervention vs comparator,Disease progression,Active treatment,Standard care,11,7285,Mean Difference,1.23,0.53,1.57,0.003,22,0.073,0.244,Fixed,Yes,Yes,No,Low,Low,2021,Pulmonology
CMETA376,CD743513,Systematic review 376,Intervention vs comparator,Disease progression,Active treatment,Standard care,31,2633,Odds Ratio,1.27,0.51,1.26,0.105,61,0.089,0.819,Random,Yes,No,Yes,Low,Low,2022,Neurology
CMETA377,CD535794,Systematic review 377,Intervention vs comparator,Clinical response,Active treatment,Placebo,29,3197,Hazard Ratio,0.97,0.55,1.44,0.025,36,0.101,0.838,Fixed,No,No,Yes,Low,Moderate,2015,Psychiatry
CMETA378,CD680531,Systematic review 378,Intervention vs comparator,Mortality,Active treatment,Placebo,32,3883,Mean Difference,0.84,0.82,1.58,0.054,75,0.066,0.165,Random,Yes,No,Yes,Unclear,High,2023,Rheumatology
CMETA379,CD943982,Systematic review 379,Intervention vs comparator,Mortality,Active treatment,Standard care,22,6230,Risk Ratio,1.2,0.83,1.56,0.113,25,0.091,0.495,Fixed,Yes,Yes,Yes,Low,Moderate,2018,Cardiology
CMETA380,CD953615,Systematic review 380,Intervention vs comparator,Mortality,Active treatment,Placebo,31,5430,Odds Ratio,1.23,0.58,1.43,0.068,68,0.137,0.214,Fixed,Yes,Yes,Yes,Unclear,High,2018,Gastroenterology
CMETA381,CD909622,Systematic review 381,Intervention vs comparator,Symptom improvement,Active treatment,Standard care,10,2878,Mean Difference,0.86,0.55,1.4,0.033,52,0.01,0.579,Random,Yes,No,Yes,Low,Moderate,2021,Endocrinology
CMETA382,CD264704,Systematic review 382,Intervention vs comparator,Mortality,Active treatment,Placebo,14,7866,Odds Ratio,1.19,0.77,1.55,0.106,62,0.103,0.571,Fixed,Yes,Yes,No,Low,High,2019,Gastroenterology
CMETA383,CD757483,Systematic review 383,Intervention vs comparator,Clinical response,Active treatment,Standard care,24,3886,Hazard Ratio,0.68,0.52,1.34,0.109,28,0.069,0.173,Random,No,No,Yes,Low,Moderate,2018,Pulmonology
CMETA384,CD490708,Systematic review 384,Intervention vs comparator,Disease progression,Active treatment,Placebo,31,7820,Hazard Ratio,0.77,0.79,1.52,0.118,46,0.082,0.087,Random,Yes,Yes,Yes,Unclear,Low,2015,Pulmonology
CMETA385,CD536858,Systematic review 385,Intervention vs comparator,Symptom improvement,Active treatment,Placebo,12,1660,Odds Ratio,0.97,0.64,1.46,0.078,24,0.085,0.141,Fixed,Yes,No,Yes,Unclear,Moderate,2022,Oncology
CMETA386,CD431565,Systematic review 386,Intervention vs comparator,Disease progression,Active treatment,Standard care,22,7244,Hazard Ratio,1.21,0.72,1.23,0.062,20,0.144,0.643,Fixed,No,Yes,Yes,Low,High,2016,Pulmonology
CMETA387,CD148520,Systematic review 387,Intervention vs comparator,Clinical response,Active treatment,Standard care,27,7830,Odds Ratio,0.83,0.57,1.27,0.061,38,0.043,0.661,Random,Yes,Yes,No,Unclear,Low,2015,Rheumatology
CMETA388,CD532830,Systematic review 388,Intervention vs comparator,Symptom improvement,Active treatment,Placebo,25,7165,Odds Ratio,1.06,0.84,1.33,0.043,43,0.141,0.611,Random,Yes,Yes,Yes,High,High,2023,Rheumatology
CMETA389,CD589210,Systematic review 389,Intervention vs comparator,Mortality,Active treatment,Placebo,35,5291,Odds Ratio,1.04,0.57,1.54,0.003,27,0.042,0.098,Random,Yes,Yes,Yes,High,Low,2015,Gastroenterology
CMETA390,CD484772,Systematic review 390,Intervention vs comparator,Disease progression,Active treatment,Placebo,11,5388,Odds Ratio,1.04,0.64,1.59,0.101,19,0.104,0.356,Random,No,Yes,No,Unclear,High,2016,Psychiatry
CMETA391,CD566146,Systematic review 391,Intervention vs comparator,Disease progression,Active treatment,Standard care,27,1272,Risk Ratio,1.15,0.82,1.09,0.014,35,0.114,0.475,Random,Yes,No,Yes,Low,High,2016,Psychiatry
CMETA392,CD316132,Systematic review 392,Intervention vs comparator,Clinical response,Active treatment,Standard care,30,1204,Hazard Ratio,0.95,0.71,1.17,0.112,15,0.027,0.542,Fixed,No,Yes,No,Low,Moderate,2022,Cardiology
CMETA393,CD831665,Systematic review 393,Intervention vs comparator,Mortality,Active treatment,Placebo,24,2981,Odds Ratio,0.98,0.79,1.24,0.117,25,0.088,0.774,Random,Yes,No,Yes,High,Moderate,2020,Endocrinology
CMETA394,CD184014,Systematic review 394,Intervention vs comparator,Disease progression,Active treatment,Standard care,15,5047,Odds Ratio,1.17,0.82,1.28,0.132,15,0.113,0.37,Random,Yes,No,Yes,Low,Moderate,2015,Psychiatry
CMETA395,CD105824,Systematic review 395,Intervention vs comparator,Clinical response,Active treatment,Placebo,30,1013,Mean Difference,0.89,0.57,1.09,0.052,49,0.135,0.46,Random,No,Yes,Yes,Low,High,2015,Cardiology
CMETA396,CD936024,Systematic review 396,Intervention vs comparator,Symptom improvement,Active treatment,Standard care,29,5865,Odds Ratio,0.77,0.54,1.63,0.122,19,0.072,0.507,Random,Yes,Yes,Yes,Unclear,Moderate,2018,Oncology
CMETA397,CD982880,Systematic review 397,Intervention vs comparator,Mortality,Active treatment,Standard care,17,2705,Hazard Ratio,1.22,0.79,1.46,0.011,30,0.067,0.232,Random,No,Yes,Yes,High,Moderate,2017,Psychiatry
CMETA398,CD439599,Systematic review 398,Intervention vs comparator,Clinical response,Active treatment,Standard care,34,7604,Mean Difference,0.65,0.61,1.09,0.135,62,0.148,0.831,Fixed,Yes,No,Yes,Low,High,2018,Pulmonology
CMETA399,CD261008,Systematic review 399,Intervention vs comparator,Mortality,Active treatment,Placebo,13,4453,Hazard Ratio,1.17,0.59,1.16,0.091,52,0.083,0.66,Random,No,Yes,Yes,Low,Moderate,2020,Neurology
CMETA400,CD228382,Systematic review 400,Intervention vs comparator,Clinical response,Active treatment,Placebo,26,3310,Mean Difference,1.3,0.76,1.37,0.048,15,0.052,0.478,Random,Yes,No,Yes,Low,Moderate,2016,Cardiology
CMETA401,CD643392,Systematic review 401,Intervention vs comparator,Clinical response,Active treatment,Standard care,28,7303,Risk Ratio,1.27,0.55,1.38,0.014,50,0.047,0.332,Fixed,No,Yes,No,Low,Moderate,2020,Rheumatology
CMETA402,CD281080,Systematic review 402,Intervention vs comparator,Clinical response,Active treatment,Standard care,13,4233,Hazard Ratio,1.1,0.83,1.06,0.005,55,0.075,0.668,Fixed,Yes,Yes,Yes,Low,Moderate,2018,Rheumatology
CMETA403,CD238748,Systematic review 403,Intervention vs comparator,Clinical response,Active treatment,Placebo,34,4492,Mean Difference,0.66,0.63,1.56,0.105,27,0.116,0.564,Random,No,No,No,Low,Moderate,2016,Rheumatology
CMETA404,CD649531,Systematic review 404,Intervention vs comparator,Symptom improvement,Active treatment,Standard care,26,2278,Odds Ratio,0.83,0.66,1.59,0.084,25,0.022,0.85,Random,No,Yes,Yes,High,Moderate,2015,Cardiology
CMETA405,CD443264,Systematic review 405,Intervention vs comparator,Symptom improvement,Active treatment,Standard care,32,7474,Risk Ratio,0.88,0.8,1.3,0.057,65,0.115,0.335,Fixed,Yes,Yes,Yes,Low,Moderate,2023,Cardiology
CMETA406,CD443772,Systematic review 406,Intervention vs comparator,Disease progression,Active treatment,Standard care,29,892,Risk Ratio,0.82,0.69,1.45,0.049,20,0.015,0.281,Random,No,No,Yes,Low,Moderate,2015,Rheumatology
CMETA407,CD910424,Systematic review 407,Intervention vs comparator,Symptom improvement,Active treatment,Placebo,24,1770,Hazard Ratio,0.88,0.53,1.65,0.108,16,0.092,0.227,Random,Yes,No,No,Low,Moderate,2023,Rheumatology
CMETA408,CD825471,Systematic review 408,Intervention vs comparator,Disease progression,Active treatment,Standard care,26,7280,Hazard Ratio,0.88,0.72,1.06,0.055,36,0.109,0.517,Random,No,No,No,Low,Moderate,2019,Endocrinology
CMETA409,CD271905,Systematic review 409,Intervention vs comparator,Disease progression,Active treatment,Placebo,25,4086,Hazard Ratio,0.99,0.51,1.4,0.036,56,0.092,0.776,Random,Yes,Yes,No,Low,Low,2018,Pulmonology
CMETA410,CD251662,Systematic review 410,Intervention vs comparator,Symptom improvement,Active treatment,Placebo,35,1807,Hazard Ratio,1.14,0.63,1.45,0.107,46,0.03,0.498,Random,No,Yes,No,Unclear,High,2020,Pulmonology
CMETA411,CD811505,Systematic review 411,Intervention vs comparator,Disease progression,Active treatment,Placebo,12,3444,Odds Ratio,0.8,0.65,1.15,0.064,44,0.072,0.39,Fixed,Yes,Yes,No,Low,High,2017,Psychiatry
CMETA412,CD250506,Systematic review 412,Intervention vs comparator,Mortality,Active treatment,Placebo,17,7964,Mean Difference,1.07,0.75,1.15,0.098,49,0.099,0.106,Random,No,Yes,Yes,Unclear,High,2018,Gastroenterology
CMETA413,CD260512,Systematic review 413,Intervention vs comparator,Symptom improvement,Active treatment,Standard care,10,1145,Odds Ratio,0.83,0.74,1.13,0.084,47,0.144,0.069,Random,Yes,Yes,Yes,Low,Moderate,2020,Gastroenterology
CMETA414,CD228094,Systematic review 414,Intervention vs comparator,Disease progression,Active treatment,Placebo,17,918,Odds Ratio,1.21,0.74,1.35,0.127,25,0.011,0.232,Fixed,No,Yes,No,Unclear,High,2019,Psychiatry
CMETA415,CD183068,Systematic review 415,Intervention vs comparator,Clinical response,Active treatment,Standard care,33,6854,Mean Difference,0.85,0.66,1.55,0.078,72,0.022,0.729,Random,Yes,Yes,Yes,Low,Moderate,2023,Psychiatry
CMETA416,CD530748,Systematic review 416,Intervention vs comparator,Disease progression,Active treatment,Standard care,29,7492,Odds Ratio,1.16,0.7,1.41,0.145,75,0.024,0.455,Random,No,Yes,No,High,Moderate,2022,Endocrinology
CMETA417,CD199020,Systematic review 417,Intervention vs comparator,Disease progression,Active treatment,Placebo,26,6300,Hazard Ratio,0.95,0.63,1.4,0.112,56,0.125,0.483,Random,Yes,Yes,No,High,High,2020,Rheumatology
CMETA418,CD682397,Systematic review 418,Intervention vs comparator,Disease progression,Active treatment,Standard care,16,2927,Mean Difference,1.1,0.75,1.57,0.018,69,0.072,0.399,Random,No,Yes,Yes,High,High,2015,Cardiology
CMETA419,CD847629,Systematic review 419,Intervention vs comparator,Symptom improvement,Active treatment,Standard care,31,3161,Hazard Ratio,1.31,0.85,1.32,0.07,73,0.126,0.537,Random,Yes,No,Yes,High,Moderate,2020,Cardiology
CMETA420,CD988063,Systematic review 420,Intervention vs comparator,Symptom improvement,Active treatment,Placebo,21,2789,Odds Ratio,0.85,0.77,1.6,0.051,19,0.086,0.271,Fixed,Yes,Yes,Yes,Low,Moderate,2015,Rheumatology
CMETA421,CD966403,Systematic review 421,Intervention vs comparator,Symptom improvement,Active treatment,Standard care,19,1770,Hazard Ratio,0.91,0.67,1.07,0.047,46,0.091,0.809,Random,No,No,No,Low,Low,2018,Cardiology
CMETA422,CD778013,Systematic review 422,Intervention vs comparator,Symptom improvement,Active treatment,Placebo,30,3926,Hazard Ratio,0.82,0.75,1.32,0.14,35,0.033,0.794,Random,No,No,Yes,Unclear,High,2019,Psychiatry
CMETA423,CD646902,Systematic review 423,Intervention vs comparator,Symptom improvement,Active treatment,Standard care,24,2435,Risk Ratio,1.06,0.84,1.62,0.029,27,0.021,0.725,Fixed,Yes,No,Yes,High,Moderate,2022,Cardiology
CMETA424,CD237688,Systematic review 424,Intervention vs comparator,Mortality,Active treatment,Standard care,15,3760,Risk Ratio,0.95,0.65,1.19,0.087,55,0.089,0.497,Random,Yes,No,No,Low,Moderate,2020,Rheumatology
CMETA425,CD937325,Systematic review 425,Intervention vs comparator,Clinical response,Active treatment,Placebo,18,1202,Odds Ratio,0.74,0.84,1.23,0.032,45,0.09,0.747,Fixed,Yes,Yes,No,Low,Moderate,2018,Oncology
CMETA426,CD240761,Systematic review 426,Intervention vs comparator,Symptom improvement,Active treatment,Placebo,13,3873,Risk Ratio,1.21,0.58,1.19,0.052,21,0.059,0.44,Fixed,No,Yes,Yes,Unclear,High,2017,Neurology
CMETA427,CD300762,Systematic review 427,Intervention vs comparator,Disease progression,Active treatment,Placebo,35,5281,Hazard Ratio,0.97,0.61,1.36,0.142,46,0.102,0.66,Random,Yes,Yes,No,Low,High,2017,Gastroenterology
CMETA428,CD986395,Systematic review 428,Intervention vs comparator,Disease progression,Active treatment,Placebo,13,3885,Mean Difference,0.71,0.65,1.45,0.023,50,0.06,0.084,Fixed,No,No,No,Low,High,2019,Rheumatology
CMETA429,CD267649,Systematic review 429,Intervention vs comparator,Symptom improvement,Active treatment,Standard care,11,5663,Hazard Ratio,1.35,0.69,1.43,0.019,56,0.023,0.532,Random,No,Yes,Yes,High,Moderate,2021,Gastroenterology
CMETA430,CD687025,Systematic review 430,Intervention vs comparator,Mortality,Active treatment,Placebo,27,7309,Mean Difference,1.29,0.82,1.26,0.063,28,0.116,0.076,Random,Yes,Yes,Yes,Low,Moderate,2018,Rheumatology
CMETA431,CD825082,Systematic review 431,Intervention vs comparator,Disease progression,Active treatment,Standard care,17,1436,Risk Ratio,1.01,0.51,1.14,0.109,45,0.063,0.615,Random,Yes,Yes,Yes,Unclear,Moderate,2022,Psychiatry
CMETA432,CD683921,Systematic review 432,Intervention vs comparator,Disease progression,Active treatment,Standard care,20,7571,Mean Difference,1.06,0.56,1.14,0.085,33,0.127,0.426,Random,No,Yes,Yes,Low,Low,2016,Oncology
CMETA433,CD467879,Systematic review 433,Intervention vs comparator,Mortality,Active treatment,Placebo,21,4858,Mean Difference,1.18,0.84,1.46,0.05,34,0.062,0.292,Fixed,No,No,No,Low,Low,2022,Psychiatry
CMETA434,CD394613,Systematic review 434,Intervention vs comparator,Clinical response,Active treatment,Placebo,31,7249,Hazard Ratio,0.85,0.77,1.17,0.055,53,0.1,0.361,Random,No,No,Yes,High,High,2015,Endocrinology
CMETA435,CD860200,Systematic review 435,Intervention vs comparator,Mortality,Active treatment,Placebo,23,2362,Odds Ratio,0.76,0.62,1.25,0.006,41,0.125,0.668,Fixed,Yes,Yes,Yes,Unclear,Moderate,2019,Pulmonology
CMETA436,CD541484,Systematic review 436,Intervention vs comparator,Disease progression,Active treatment,Standard care,15,2516,Hazard Ratio,0.74,0.51,1.26,0.096,44,0.1,0.2,Random,Yes,Yes,Yes,Unclear,Low,2016,Gastroenterology
CMETA437,CD594646,Systematic review 437,Intervention vs comparator,Disease progression,Active treatment,Standard care,26,6535,Mean Difference,1.33,0.83,1.1,0.13,28,0.075,0.144,Fixed,Yes,No,Yes,Low,High,2021,Cardiology
CMETA438,CD335544,Systematic review 438,Intervention vs comparator,Disease progression,Active treatment,Standard care,14,1038,Mean Difference,0.66,0.64,1.35,0.055,30,0.098,0.115,Random,Yes,Yes,Yes,Low,Moderate,2017,Psychiatry
CMETA439,CD358228,Systematic review 439,Intervention vs comparator,Disease progression,Active treatment,Placebo,33,1831,Risk Ratio,1.26,0.56,1.45,0.079,18,0.123,0.091,Fixed,Yes,No,Yes,Unclear,Low,2018,Gastroenterology
CMETA440,CD131652,Systematic review 440,Intervention vs comparator,Mortality,Active treatment,Standard care,24,2620,Odds Ratio,0.9,0.83,1.1,0.021,22,0.016,0.248,Random,No,No,No,Low,Low,2019,Cardiology
CMETA441,CD901294,Systematic review 441,Intervention vs comparator,Mortality,Active treatment,Placebo,31,7746,Odds Ratio,0.82,0.62,1.63,0.135,45,0.026,0.28,Random,Yes,Yes,Yes,Low,Moderate,2019,Pulmonology
CMETA442,CD698433,Systematic review 442,Intervention vs comparator,Symptom improvement,Active treatment,Placebo,20,3290,Mean Difference,0.87,0.56,1.44,0.132,47,0.062,0.475,Random,No,Yes,No,Low,Low,2022,Psychiatry
CMETA443,CD314718,Systematic review 443,Intervention vs comparator,Disease progression,Active treatment,Placebo,15,4332,Mean Difference,1.27,0.66,1.37,0.041,18,0.118,0.1,Fixed,Yes,No,Yes,Low,Moderate,2016,Psychiatry
CMETA444,CD567282,Systematic review 444,Intervention vs comparator,Clinical response,Active treatment,Placebo,12,5840,Mean Difference,0.75,0.73,1.28,0.079,54,0.032,0.156,Fixed,Yes,Yes,No,High,Moderate,2016,Pulmonology
CMETA445,CD176912,Systematic review 445,Intervention vs comparator,Disease progression,Active treatment,Standard care,18,5014,Hazard Ratio,0.87,0.74,1.56,0.137,24,0.081,0.649,Fixed,No,Yes,Yes,High,Moderate,2017,Neurology
CMETA446,CD292953,Systematic review 446,Intervention vs comparator,Mortality,Active treatment,Placebo,17,7555,Odds Ratio,0.77,0.83,1.61,0.035,32,0.056,0.392,Fixed,No,Yes,No,High,Low,2023,Psychiatry
CMETA447,CD205771,Systematic review 447,Intervention vs comparator,Symptom improvement,Active treatment,Standard care,21,7643,Risk Ratio,1.05,0.53,1.55,0.074,38,0.146,0.708,Random,Yes,Yes,No,Low,Low,2019,Pulmonology
CMETA448,CD897854,Systematic review 448,Intervention vs comparator,Mortality,Active treatment,Placebo,12,2177,Risk Ratio,0.84,0.6,1.07,0.131,68,0.12,0.332,Fixed,Yes,Yes,No,Unclear,High,2023,Neurology
CMETA449,CD852806,Systematic review 449,Intervention vs comparator,Disease progression,Active treatment,Standard care,11,7703,Mean Difference,0.97,0.6,1.51,0.017,67,0.127,0.819,Random,Yes,Yes,Yes,Low,Low,2019,Oncology
CMETA450,CD477261,Systematic review 450,Intervention vs comparator,Mortality,Active treatment,Placebo,12,2509,Odds Ratio,0.7,0.53,1.41,0.125,67,0.104,0.728,Fixed,Yes,Yes,Yes,Low,Low,2021,Endocrinology
CMETA451,CD665183,Systematic review 451,Intervention vs comparator,Clinical response,Active treatment,Standard care,23,5214,Risk Ratio,1.17,0.82,1.5,0.148,21,0.05,0.327,Random,No,Yes,Yes,Unclear,Low,2017,Oncology
CMETA452,CD458644,Systematic review 452,Intervention vs comparator,Clinical response,Active treatment,Standard care,27,3180,Odds Ratio,1.23,0.82,1.29,0.002,64,0.102,0.419,Fixed,Yes,Yes,Yes,Low,Low,2015,Gastroenterology
CMETA453,CD378856,Systematic review 453,Intervention vs comparator,Disease progression,Active treatment,Standard care,15,2069,Mean Difference,0.76,0.71,1.46,0.119,67,0.055,0.471,Random,No,Yes,Yes,Low,High,2015,Endocrinology
CMETA454,CD275339,Systematic review 454,Intervention vs comparator,Mortality,Active treatment,Standard care,14,7562,Mean Difference,0.82,0.8,1.43,0.107,75,0.062,0.101,Fixed,Yes,Yes,Yes,Low,Moderate,2016,Endocrinology
CMETA455,CD246014,Systematic review 455,Intervention vs comparator,Mortality,Active treatment,Placebo,14,5917,Risk Ratio,1.1,0.61,1.1,0.05,44,0.145,0.434,Random,No,Yes,Yes,Low,Low,2016,Cardiology
CMETA456,CD340834,Systematic review 456,Intervention vs comparator,Clinical response,Active treatment,Standard care,25,4723,Mean Difference,0.69,0.7,1.21,0.066,66,0.088,0.068,Random,Yes,Yes,No,High,High,2020,Pulmonology
CMETA457,CD691796,Systematic review 457,Intervention vs comparator,Disease progression,Active treatment,Placebo,16,5027,Odds Ratio,1.3,0.73,1.3,0.096,47,0.096,0.381,Fixed,No,Yes,Yes,High,High,2020,Pulmonology
CMETA458,CD722101,Systematic review 458,Intervention vs comparator,Clinical response,Active treatment,Placebo,30,5935,Hazard Ratio,0.92,0.59,1.62,0.042,71,0.093,0.169,Random,No,No,No,Low,High,2022,Cardiology
CMETA459,CD741552,Systematic review 459,Intervention vs comparator,Mortality,Active treatment,Standard care,17,977,Risk Ratio,0.98,0.53,1.53,0.002,52,0.137,0.769,Random,No,No,Yes,Low,Moderate,2019,Endocrinology
CMETA460,CD984766,Systematic review 460,Intervention vs comparator,Symptom improvement,Active treatment,Standard care,22,1371,Risk Ratio,1.13,0.5,1.06,0.031,26,0.143,0.347,Random,No,Yes,Yes,Unclear,Moderate,2019,Psychiatry
CMETA461,CD178036,Systematic review 461,Intervention vs comparator,Disease progression,Active treatment,Standard care,24,1472,Risk Ratio,0.87,0.74,1.49,0.125,31,0.109,0.29,Random,No,Yes,Yes,Unclear,High,2019,Cardiology
CMETA462,CD367073,Systematic review 462,Intervention vs comparator,Symptom improvement,Active treatment,Placebo,24,1411,Risk Ratio,0.76,0.58,1.05,0.128,32,0.075,0.165,Random,No,Yes,Yes,Unclear,Moderate,2021,Oncology
CMETA463,CD279914,Systematic review 463,Intervention vs comparator,Mortality,Active treatment,Placebo,24,5212,Hazard Ratio,1.27,0.67,1.44,0.097,70,0.052,0.622,Random,Yes,No,Yes,High,High,2015,Psychiatry
CMETA464,CD343575,Systematic review 464,Intervention vs comparator,Symptom improvement,Active treatment,Placebo,18,5638,Mean Difference,1.3,0.67,1.28,0.134,17,0.03,0.333,Fixed,Yes,Yes,No,High,Low,2016,Endocrinology
CMETA465,CD100269,Systematic review 465,Intervention vs comparator,Disease progression,Active treatment,Standard care,26,7841,Odds Ratio,1.07,0.64,1.58,0.12,26,0.126,0.273,Random,No,No,Yes,Low,Low,2022,Endocrinology
CMETA466,CD618600,Systematic review 466,Intervention vs comparator,Disease progression,Active treatment,Standard care,21,7628,Hazard Ratio,1.17,0.82,1.31,0.014,19,0.131,0.545,Fixed,Yes,Yes,No,High,Moderate,2021,Psychiatry
CMETA467,CD440193,Systematic review 467,Intervention vs comparator,Clinical response,Active treatment,Standard care,10,1472,Mean Difference,1.16,0.54,1.32,0.03,33,0.079,0.559,Fixed,Yes,Yes,Yes,Low,Moderate,2021,Oncology
CMETA468,CD434281,Systematic review 468,Intervention vs comparator,Mortality,Active treatment,Standard care,12,3020,Odds Ratio,0.78,0.83,1.21,0.037,51,0.083,0.076,Fixed,No,Yes,Yes,Low,Moderate,2021,Rheumatology
CMETA469,CD624669,Systematic review 469,Intervention vs comparator,Disease progression,Active treatment,Standard care,27,3776,Mean Difference,1.21,0.53,1.19,0.004,27,0.016,0.103,Random,No,Yes,Yes,Low,Moderate,2022,Psychiatry
CMETA470,CD566173,Systematic review 470,Intervention vs comparator,Mortality,Active treatment,Standard care,13,836,Hazard Ratio,1.06,0.55,1.59,0.109,28,0.05,0.474,Fixed,No,No,Yes,Low,High,2019,Neurology
CMETA471,CD268919,Systematic review 471,Intervention vs comparator,Mortality,Active treatment,Placebo,28,4469,Odds Ratio,0.7,0.58,1.2,0.022,63,0.088,0.12,Random,Yes,Yes,No,Low,Low,2020,Gastroenterology
CMETA472,CD612283,Systematic review 472,Intervention vs comparator,Clinical response,Active treatment,Placebo,27,6349,Risk Ratio,1.23,0.51,1.42,0.138,72,0.138,0.85,Random,Yes,No,Yes,High,Moderate,2020,Endocrinology
CMETA473,CD981138,Systematic review 473,Intervention vs comparator,Mortality,Active treatment,Standard care,32,2503,Risk Ratio,1.16,0.51,1.29,0.062,41,0.019,0.305,Random,No,Yes,No,Low,Low,2015,Psychiatry
CMETA474,CD764615,Systematic review 474,Intervention vs comparator,Disease progression,Active treatment,Standard care,11,5642,Risk Ratio,1.14,0.83,1.15,0.094,48,0.02,0.698,Fixed,No,No,Yes,Low,High,2015,Endocrinology
CMETA475,CD468174,Systematic review 475,Intervention vs comparator,Clinical response,Active treatment,Standard care,17,6044,Mean Difference,0.82,0.75,1.62,0.132,26,0.14,0.072,Fixed,Yes,Yes,Yes,Low,Moderate,2021,Cardiology
CMETA476,CD141352,Systematic review 476,Intervention vs comparator,Mortality,Active treatment,Standard care,30,955,Odds Ratio,1.2,0.73,1.16,0.085,44,0.028,0.448,Random,No,No,Yes,Unclear,Moderate,2016,Cardiology
CMETA477,CD623894,Systematic review 477,Intervention vs comparator,Symptom improvement,Active treatment,Placebo,18,6273,Hazard Ratio,0.84,0.69,1.31,0.013,40,0.103,0.117,Random,Yes,Yes,Yes,High,High,2015,Oncology
CMETA478,CD168915,Systematic review 478,Intervention vs comparator,Mortality,Active treatment,Placebo,18,1243,Hazard Ratio,1.25,0.63,1.47,0.106,22,0.126,0.368,Fixed,Yes,No,Yes,Low,High,2017,Cardiology
CMETA479,CD209015,Systematic review 479,Intervention vs comparator,Disease progression,Active treatment,Standard care,30,969,Odds Ratio,0.82,0.71,1.26,0.123,50,0.136,0.509,Fixed,No,Yes,Yes,Low,Moderate,2023,Endocrinology
CMETA480,CD678397,Systematic review 480,Intervention vs comparator,Disease progression,Active treatment,Standard care,13,3749,Hazard Ratio,1.27,0.58,1.12,0.056,68,0.029,0.333,Random,Yes,Yes,No,Low,Moderate,2017,Pulmonology
CMETA481,CD114339,Systematic review 481,Intervention vs comparator,Clinical response,Active treatment,Standard care,10,3857,Odds Ratio,0.99,0.78,1.28,0.017,42,0.124,0.292,Random,No,Yes,No,High,Low,2023,Pulmonology
CMETA482,CD956319,Systematic review 482,Intervention vs comparator,Disease progression,Active treatment,Placebo,9,2877,Odds Ratio,0.67,0.82,1.44,0.14,58,0.056,0.197,Random,No,Yes,Yes,Low,Low,2018,Neurology
CMETA483,CD528312,Systematic review 483,Intervention vs comparator,Disease progression,Active treatment,Standard care,10,6515,Odds Ratio,0.82,0.64,1.28,0.009,36,0.087,0.819,Fixed,No,No,No,High,Moderate,2023,Endocrinology
CMETA484,CD874375,Systematic review 484,Intervention vs comparator,Mortality,Active treatment,Standard care,13,6805,Odds Ratio,0.68,0.67,1.06,0.054,19,0.048,0.846,Random,No,Yes,Yes,Low,Moderate,2015,Psychiatry
CMETA485,CD788320,Systematic review 485,Intervention vs comparator,Symptom improvement,Active treatment,Placebo,8,1574,Mean Difference,0.96,0.77,1.31,0.023,61,0.133,0.153,Random,Yes,No,Yes,Low,Moderate,2018,Pulmonology
CMETA486,CD536825,Systematic review 486,Intervention vs comparator,Disease progression,Active treatment,Standard care,20,5378,Mean Difference,0.67,0.73,1.4,0.118,67,0.138,0.149,Fixed,Yes,No,No,Low,Moderate,2016,Rheumatology
CMETA487,CD157276,Systematic review 487,Intervention vs comparator,Mortality,Active treatment,Standard care,10,4982,Mean Difference,1.0,0.8,1.22,0.108,53,0.022,0.29,Random,Yes,No,Yes,Low,Low,2018,Rheumatology
CMETA488,CD746900,Systematic review 488,Intervention vs comparator,Clinical response,Active treatment,Standard care,18,6468,Risk Ratio,1.27,0.74,1.22,0.023,73,0.026,0.601,Random,No,No,Yes,Low,Low,2019,Neurology
CMETA489,CD416830,Systematic review 489,Intervention vs comparator,Clinical response,Active treatment,Standard care,10,4319,Hazard Ratio,1.24,0.64,1.32,0.145,29,0.149,0.399,Random,Yes,No,No,Low,Low,2015,Pulmonology
CMETA490,CD937348,Systematic review 490,Intervention vs comparator,Symptom improvement,Active treatment,Standard care,32,1387,Risk Ratio,1.29,0.7,1.58,0.044,23,0.145,0.693,Fixed,Yes,Yes,Yes,High,Moderate,2015,Psychiatry
CMETA491,CD537963,Systematic review 491,Intervention vs comparator,Disease progression,Active treatment,Placebo,20,7860,Risk Ratio,1.09,0.53,1.34,0.087,59,0.085,0.195,Random,No,No,Yes,High,Moderate,2021,Psychiatry
CMETA492,CD658661,Systematic review 492,Intervention vs comparator,Mortality,Active treatment,Standard care,9,6528,Mean Difference,0.9,0.54,1.38,0.081,48,0.048,0.763,Random,No,No,Yes,Unclear,High,2022,Rheumatology
CMETA493,CD920005,Systematic review 493,Intervention vs comparator,Clinical response,Active treatment,Standard care,13,7812,Risk Ratio,0.8,0.5,1.08,0.024,68,0.125,0.334,Random,Yes,Yes,Yes,Low,High,2015,Psychiatry
CMETA494,CD923741,Systematic review 494,Intervention vs comparator,Mortality,Active treatment,Placebo,24,1060,Mean Difference,0.98,0.61,1.47,0.082,59,0.113,0.783,Random,No,Yes,Yes,Low,High,2021,Pulmonology
CMETA495,CD282855,Systematic review 495,Intervention vs comparator,Symptom improvement,Active treatment,Placebo,19,7260,Mean Difference,0.87,0.57,1.44,0.012,19,0.074,0.408,Fixed,Yes,No,Yes,Low,Low,2019,Endocrinology
CMETA496,CD284841,Systematic review 496,Intervention vs comparator,Disease progression,Active treatment,Placebo,23,1125,Mean Difference,0.83,0.85,1.18,0.028,17,0.076,0.215,Fixed,Yes,No,No,Low,Moderate,2021,Cardiology
CMETA497,CD850514,Systematic review 497,Intervention vs comparator,Disease progression,Active treatment,Placebo,32,4497,Risk Ratio,0.87,0.84,1.36,0.143,37,0.021,0.264,Fixed,No,Yes,Yes,Low,High,2016,Psychiatry
CMETA498,CD947678,Systematic review 498,Intervention vs comparator,Disease progression,Active treatment,Standard care,21,6300,Mean Difference,0.77,0.74,1.1,0.084,54,0.136,0.578,Random,Yes,No,Yes,Low,High,2021,Neurology
CMETA499,CD241461,Systematic review 499,Intervention vs comparator,Clinical response,Active treatment,Standard care,10,6670,Odds Ratio,1.13,0.82,1.58,0.014,40,0.148,0.374,Random,Yes,Yes,No,High,High,2022,Neurology
CMETA500,CD477613,Systematic review 500,Intervention vs comparator,Symptom improvement,Active treatment,Standard care,23,3895,Hazard Ratio,0.69,0.58,1.3,0.074,63,0.128,0.504,Random,Yes,No,No,Low,Low,2023,Rheumatology
CMETA501,CD391181,Systematic review 501,Intervention vs comparator,Disease progression,Active treatment,Standard care,19,4062,Hazard Ratio,1.22,0.61,1.2,0.019,71,0.14,0.757,Random,No,Yes,Yes,Unclear,Moderate,2019,Rheumatology
