nma_id,study_id,author,year,journal,pmid,country,treatment_arm1,treatment_arm2,n_arm1,n_arm2,outcome_type,events_arm1,events_arm2,mean_arm1,sd_arm1,mean_arm2,sd_arm2,hazard_ratio,hr_ci_lower,hr_ci_upper,follow_up_months,age_mean,age_sd,percent_male,percent_white,disease_severity,comorbidities,rob_random_sequence,rob_allocation_concealment,rob_blinding_participants,rob_blinding_outcome,rob_incomplete_outcome,rob_selective_reporting,rob_other_bias,rob_overall,industry_funding,multi_center,comparison_type
NMA001,NRCT0001,Murphy,2019,JAMA Dermatol,35830605,Denmark,Treatment C,Treatment A,710,747,continuous,,,61.4,23.8,60.9,14.6,,,,12,45.6,12.6,38,55,Moderate-severe,Diabetes,low,low,low,low,low,low,low,low,yes,no,Placebo-controlled
NMA001,NRCT0002,Harris,2023,Lancet Respir Med,26066099,Australia,Treatment C,Treatment A,250,365,continuous,,,59.0,23.1,74.6,12.4,,,,24,64.0,12.8,38,59,Moderate-severe,Diabetes,low,low,low,low,low,low,low,low,no,yes,Placebo-controlled
NMA001,NRCT0003,Murphy,2011,JACC,25077550,France,Treatment A,Treatment C,703,723,continuous,,,63.6,15.8,73.7,12.4,,,,12,47.7,10.9,48,86,Moderate,Multiple,low,low,low,low,low,low,low,low,yes,yes,Head-to-head
NMA001,NRCT0004,White,2020,Lancet Psychiatry,28187588,USA,Treatment C,Treatment C,525,251,binary,117,108,,,,,,,,12,65.8,13.3,66,77,Mild,HTN,low,low,low,low,low,low,low,low,yes,yes,Head-to-head
NMA001,NRCT0005,Mitchell,2022,Ann Rheum Dis,26272137,South Korea,Treatment B,Treatment A,709,527,binary,182,195,,,,,,,,48,47.5,12.2,60,78,Moderate,HTN,low,low,low,low,low,low,unclear,unclear,no,yes,Placebo-controlled
NMA001,NRCT0006,Miller,2012,Circulation,31135430,Belgium,Treatment A,Treatment A,214,356,survival,,,,,,,0.74,0.68,0.81,48,58.3,11.9,47,69,Mild,HTN,low,low,low,low,low,low,low,low,no,yes,Placebo-controlled
NMA001,NRCT0007,Evans,2020,Lancet Oncol,31769937,USA,Treatment C,Treatment A,580,305,binary,194,116,,,,,,,,48,66.4,12.4,45,83,Moderate-severe,None,low,low,low,low,low,low,low,low,no,yes,Placebo-controlled
NMA001,NRCT0008,Evans,2019,J Clin Oncol,27841243,Italy,Treatment E,Treatment B,587,587,binary,241,88,,,,,,,,36,65.9,9.1,47,81,Severe,HTN,low,low,low,low,low,low,low,low,no,yes,Placebo-controlled
NMA001,NRCT0009,Rodriguez,2019,Lancet,25417586,Denmark,Treatment A,Treatment E,342,448,binary,186,246,,,,,,,,24,42.5,12.3,54,72,Severe,CVD,low,low,low,low,low,low,low,low,no,yes,Placebo-controlled
NMA001,NRCT0010,Johnson,2013,Lancet Respir Med,25345886,Spain,Treatment D,Treatment B,407,543,binary,72,250,,,,,,,,24,58.6,11.4,54,88,Severe,None,low,unclear,low,low,low,low,low,unclear,no,yes,Placebo-controlled
NMA001,NRCT0011,Allen,2019,Lancet Oncol,29371317,UK,Treatment B,Treatment A,601,310,continuous,,,75.7,19.4,74.7,13.6,,,,12,49.5,8.6,36,72,Severe,CVD,low,low,low,low,low,low,low,low,yes,yes,Placebo-controlled
NMA001,NRCT0012,Peterson,2020,Gut,22398718,Denmark,Treatment B,Treatment B,534,731,survival,,,,,,,0.63,0.57,0.73,48,63.0,13.6,48,59,Mild,Diabetes,low,low,low,low,low,low,low,low,yes,yes,Placebo-controlled
NMA001,NRCT0013,Adams,2015,JACC,35142798,Belgium,Treatment E,Treatment E,779,797,binary,422,158,,,,,,,,24,53.5,12.6,44,75,Moderate,CVD,low,low,low,low,low,low,low,low,yes,yes,Placebo-controlled
NMA001,NRCT0014,Cooper,2017,Lancet Oncol,21552356,Sweden,Treatment A,Treatment C,795,261,survival,,,,,,,0.73,0.65,0.84,24,62.1,12.0,63,67,Moderate,HTN,low,low,low,low,low,low,low,low,no,yes,Head-to-head
NMA001,NRCT0015,Martinez,2022,Lancet Psychiatry,36266444,Germany,Treatment D,Treatment D,784,406,binary,233,136,,,,,,,,36,60.7,13.8,52,55,Mild,None,low,low,low,low,low,low,low,low,yes,yes,Head-to-head
NMA001,NRCT0016,Jones,2021,Lancet Psychiatry,29768322,Brazil,Treatment B,Treatment D,448,458,continuous,,,75.8,12.9,54.2,17.7,,,,48,68.0,10.9,65,84,Moderate-severe,None,low,low,low,low,low,low,low,low,yes,yes,Placebo-controlled
NMA001,NRCT0017,Green,2020,BMJ,24309559,France,Treatment C,Treatment D,790,388,survival,,,,,,,0.6,0.48,0.71,48,48.1,12.2,36,88,Moderate-severe,HTN,low,low,low,low,low,low,low,low,no,yes,Placebo-controlled
NMA001,NRCT0018,Hall,2010,Lancet Oncol,24411203,South Korea,Treatment E,Treatment C,628,747,continuous,,,69.2,21.6,61.5,15.7,,,,12,46.8,8.8,56,73,Mild,None,low,low,low,low,low,low,low,low,no,no,Placebo-controlled
NMA001,NRCT0019,King,2014,Lancet Oncol,26896592,Singapore,Treatment B,Treatment C,221,330,continuous,,,54.6,21.2,56.9,18.4,,,,48,44.0,13.5,62,81,Mild,Diabetes,low,low,low,low,low,low,low,low,yes,yes,Placebo-controlled
NMA001,NRCT0020,Walker,2010,Neurology,23655589,France,Treatment E,Treatment D,250,768,binary,127,162,,,,,,,,12,60.0,9.1,61,63,Moderate-severe,HTN,low,low,unclear,low,low,low,low,unclear,no,yes,Placebo-controlled
NMA001,NRCT0021,Hall,2016,JAMA,31984045,Mexico,Treatment C,Treatment C,800,353,survival,,,,,,,0.91,0.84,1.01,12,64.3,9.6,37,53,Severe,CVD,low,low,low,low,low,low,low,low,no,yes,Head-to-head
NMA001,NRCT0022,Turner,2012,JAMA,32802646,Belgium,Treatment E,Treatment A,496,260,survival,,,,,,,0.81,0.72,0.88,12,59.7,11.8,66,66,Mild,None,low,low,low,low,low,low,low,low,yes,yes,Placebo-controlled
NMA001,NRCT0023,Carter,2012,JAMA,22415864,Singapore,Treatment E,Treatment C,388,800,binary,62,210,,,,,,,,36,52.3,8.4,68,81,Severe,HTN,low,low,low,low,low,low,low,low,no,yes,Placebo-controlled
NMA001,NRCT0024,Collins,2012,J Clin Oncol,30237492,France,Treatment C,Treatment C,577,777,survival,,,,,,,0.67,0.61,0.77,48,52.9,13.8,37,53,Severe,HTN,low,high,low,low,low,low,low,high,no,yes,Placebo-controlled
NMA001,NRCT0025,Hall,2011,JAMA Dermatol,28081687,Spain,Treatment A,Treatment C,249,555,survival,,,,,,,1.02,0.91,1.19,36,66.9,8.2,46,61,Mild,None,low,low,low,low,low,low,low,low,yes,no,Placebo-controlled
NMA001,NRCT0026,Thomas,2011,BMJ,26317015,Brazil,Treatment D,Treatment B,710,623,survival,,,,,,,0.83,0.72,0.91,48,42.3,13.0,34,63,Mild,Diabetes,low,low,low,low,unclear,low,low,unclear,no,yes,Placebo-controlled
NMA001,NRCT0027,Thomas,2022,BMJ,34095556,Canada,Treatment D,Treatment A,445,375,continuous,,,69.8,21.7,60.3,15.8,,,,12,52.1,11.6,59,78,Mild,None,low,low,low,low,low,low,low,low,yes,yes,Head-to-head
NMA001,NRCT0028,Carter,2019,J Clin Oncol,28983717,Australia,Treatment D,Treatment B,738,399,binary,435,153,,,,,,,,12,64.8,10.6,61,86,Moderate-severe,Multiple,low,low,low,low,low,low,low,low,no,yes,Head-to-head
NMA001,NRCT0029,Reed,2020,JAMA Dermatol,23124964,China,Treatment B,Treatment D,719,211,binary,204,52,,,,,,,,24,49.6,12.6,48,85,Severe,None,low,low,low,low,low,low,low,low,no,yes,Head-to-head
NMA001,NRCT0030,Young,2021,Neurology,26631097,Taiwan,Treatment D,Treatment B,361,401,binary,98,210,,,,,,,,36,66.9,9.5,48,66,Moderate,HTN,low,low,low,low,low,low,unclear,unclear,no,yes,Placebo-controlled
NMA001,NRCT0031,Robinson,2020,Lancet Neurol,26914384,Brazil,Treatment B,Treatment C,624,224,continuous,,,69.9,19.6,64.9,17.9,,,,36,42.7,10.7,64,65,Mild,CVD,low,low,low,low,low,low,low,low,no,no,Placebo-controlled
NMA001,NRCT0032,Hill,2022,Lancet Respir Med,30226607,Sweden,Treatment B,Treatment B,686,468,continuous,,,77.3,24.7,63.4,12.7,,,,36,53.8,10.2,39,86,Moderate-severe,CVD,low,low,low,low,low,low,low,low,no,yes,Placebo-controlled
NMA001,NRCT0033,Nguyen,2018,Gut,29208266,Denmark,Treatment E,Treatment D,210,208,binary,38,111,,,,,,,,12,55.9,10.2,49,85,Moderate-severe,CVD,low,low,low,low,low,low,low,low,no,yes,Head-to-head
NMA001,NRCT0034,Edwards,2023,JACC,29722868,South Korea,Treatment A,Treatment E,343,594,survival,,,,,,,0.66,0.6,0.74,12,42.8,10.1,60,54,Moderate,Multiple,low,low,low,low,low,low,low,low,no,yes,Placebo-controlled
NMA002,NRCT0035,Smith,2014,Lancet,30833371,Belgium,Treatment E,Treatment D,321,622,continuous,,,70.5,22.1,62.1,17.2,,,,48,67.6,12.2,43,54,Severe,Multiple,low,high,low,low,low,low,low,high,no,no,Placebo-controlled
NMA002,NRCT0036,Jones,2020,Lancet Respir Med,27307689,Sweden,Treatment A,Treatment C,525,715,binary,196,277,,,,,,,,12,64.1,11.4,68,56,Moderate-severe,None,low,low,low,low,low,low,high,high,no,no,Placebo-controlled
NMA002,NRCT0037,Rogers,2013,NEJM,21144305,USA,Treatment A,Treatment A,520,480,binary,295,210,,,,,,,,24,58.0,9.1,67,80,Moderate,None,low,low,low,low,low,low,low,low,no,yes,Placebo-controlled
NMA002,NRCT0038,Clark,2010,Lancet Psychiatry,32500559,Mexico,Treatment A,Treatment E,742,447,binary,178,234,,,,,,,,48,65.9,12.5,53,74,Severe,HTN,low,low,low,low,low,low,low,low,no,yes,Head-to-head
NMA002,NRCT0039,Williams,2014,BMJ,29156592,France,Treatment A,Treatment A,501,453,binary,221,220,,,,,,,,48,60.4,13.0,51,62,Moderate-severe,CVD,low,low,low,low,low,low,low,low,yes,yes,Placebo-controlled
NMA002,NRCT0040,Davis,2013,JAMA Dermatol,33251177,Germany,Treatment C,Treatment B,645,667,continuous,,,67.3,23.3,49.4,19.1,,,,12,42.9,9.8,58,76,Mild,CVD,low,low,low,low,low,low,low,low,yes,yes,Placebo-controlled
NMA002,NRCT0041,Torres,2020,Gut,27366756,South Korea,Treatment B,Treatment D,735,533,binary,118,160,,,,,,,,48,57.7,8.8,38,72,Severe,Multiple,low,low,low,low,low,low,low,low,yes,yes,Placebo-controlled
NMA002,NRCT0042,Torres,2021,Gut,28091248,South Korea,Treatment B,Treatment A,278,283,continuous,,,74.0,23.1,58.5,23.4,,,,36,58.3,8.1,43,65,Mild,HTN,low,low,low,low,low,low,low,low,yes,yes,Placebo-controlled
NMA002,NRCT0043,Thomas,2021,JACC,25918475,Spain,Treatment A,Treatment C,639,306,continuous,,,70.5,17.9,67.8,17.3,,,,36,67.7,12.6,53,61,Moderate-severe,CVD,low,low,low,low,low,low,low,low,yes,no,Placebo-controlled
NMA002,NRCT0044,Taylor,2013,Lancet Oncol,29243310,South Korea,Treatment B,Treatment A,249,206,survival,,,,,,,0.7,0.64,0.81,36,44.7,13.7,53,74,Moderate,HTN,low,low,low,low,low,low,low,low,no,yes,Head-to-head
NMA002,NRCT0045,Smith,2014,NEJM,34570946,Denmark,Treatment E,Treatment A,289,733,continuous,,,73.2,21.8,50.1,24.8,,,,24,57.1,9.1,42,79,Severe,HTN,low,low,low,low,low,low,low,low,no,yes,Placebo-controlled
NMA002,NRCT0046,Rogers,2020,Lancet Neurol,34473452,Denmark,Treatment B,Treatment A,566,656,survival,,,,,,,0.62,0.5,0.72,48,52.9,13.0,34,67,Severe,None,low,low,low,low,low,low,low,low,no,yes,Placebo-controlled
NMA002,NRCT0047,Harris,2019,Lancet Neurol,23510251,South Korea,Treatment E,Treatment B,792,580,survival,,,,,,,0.69,0.61,0.8,12,44.7,11.6,60,64,Severe,CVD,low,low,unclear,low,low,low,low,unclear,yes,yes,Placebo-controlled
NMA002,NRCT0048,Collins,2023,Lancet Respir Med,28471505,Japan,Treatment C,Treatment E,205,784,binary,112,246,,,,,,,,12,59.8,12.8,33,80,Severe,Diabetes,low,low,low,low,low,low,low,low,yes,yes,Head-to-head
NMA002,NRCT0049,Rogers,2018,Lancet Psychiatry,30042373,UK,Treatment A,Treatment A,391,231,binary,221,51,,,,,,,,24,44.3,13.8,42,84,Moderate-severe,HTN,low,low,low,low,low,low,low,low,no,yes,Head-to-head
NMA002,NRCT0050,Williams,2022,Lancet,34866964,Singapore,Treatment D,Treatment A,573,520,binary,166,115,,,,,,,,48,66.1,8.9,67,76,Moderate-severe,Diabetes,low,low,unclear,low,low,low,low,unclear,no,yes,Placebo-controlled
NMA002,NRCT0051,King,2011,J Clin Oncol,35305560,Belgium,Treatment C,Treatment C,250,742,binary,66,320,,,,,,,,24,67.0,11.5,45,65,Moderate-severe,None,low,low,low,low,low,low,low,low,yes,yes,Placebo-controlled
NMA002,NRCT0052,Harris,2014,Lancet Respir Med,32909664,Taiwan,Treatment C,Treatment C,767,286,binary,170,116,,,,,,,,48,58.7,12.9,42,71,Moderate-severe,None,low,low,low,low,low,low,unclear,unclear,yes,yes,Placebo-controlled
NMA002,NRCT0053,Allen,2012,NEJM,35016799,USA,Treatment E,Treatment E,235,224,binary,81,114,,,,,,,,48,66.1,13.8,66,53,Mild,None,low,low,low,low,low,low,low,low,no,yes,Head-to-head
NMA002,NRCT0054,Brown,2011,Ann Rheum Dis,22781013,UK,Treatment B,Treatment E,302,308,continuous,,,52.0,17.2,76.5,14.5,,,,48,67.5,8.5,46,82,Moderate,Multiple,low,low,low,low,low,low,low,low,no,yes,Placebo-controlled
NMA002,NRCT0055,Young,2018,NEJM,32012962,Denmark,Treatment D,Treatment D,239,442,survival,,,,,,,1.02,0.88,1.14,24,63.0,11.0,53,52,Severe,Multiple,low,low,low,low,low,low,low,low,no,yes,Placebo-controlled
NMA002,NRCT0056,Martinez,2019,Neurology,27734976,Mexico,Treatment B,Treatment C,656,497,binary,209,172,,,,,,,,24,57.2,9.0,38,57,Mild,CVD,low,low,low,low,low,low,low,low,no,yes,Placebo-controlled
NMA002,NRCT0057,Reed,2022,Ann Rheum Dis,27833286,USA,Treatment C,Treatment B,488,508,survival,,,,,,,0.62,0.55,0.73,48,43.6,11.9,34,57,Moderate,Diabetes,low,low,low,low,low,low,unclear,unclear,no,yes,Placebo-controlled
NMA002,NRCT0058,Morris,2023,Lancet,27037062,Canada,Treatment E,Treatment B,235,578,survival,,,,,,,0.77,0.69,0.84,24,59.0,13.4,37,84,Moderate-severe,Multiple,low,low,high,low,low,low,low,high,yes,no,Placebo-controlled
NMA002,NRCT0059,Hall,2017,NEJM,26883409,Germany,Treatment D,Treatment E,760,412,binary,427,117,,,,,,,,48,53.5,11.2,48,65,Moderate-severe,None,low,low,low,low,low,low,low,low,yes,yes,Head-to-head
NMA003,NRCT0060,Walker,2019,Lancet Respir Med,34273015,India,Treatment D,Treatment B,375,573,continuous,,,49.2,16.4,51.1,21.1,,,,12,53.0,9.1,42,78,Severe,HTN,low,low,low,low,low,low,low,low,no,yes,Head-to-head
NMA003,NRCT0061,Johnson,2011,Lancet Oncol,35552149,Spain,Treatment C,Treatment D,376,470,binary,166,218,,,,,,,,48,61.1,8.3,54,69,Severe,HTN,low,low,low,low,low,low,low,low,yes,yes,Head-to-head
NMA003,NRCT0062,Baker,2013,Lancet Respir Med,24610876,USA,Treatment D,Treatment C,263,798,continuous,,,51.5,24.3,64.3,17.7,,,,12,63.8,9.4,38,53,Moderate-severe,Diabetes,low,low,low,low,low,low,low,low,yes,yes,Placebo-controlled
NMA003,NRCT0063,Robinson,2022,J Clin Oncol,28246170,Germany,Treatment A,Treatment A,550,471,continuous,,,50.5,21.2,76.7,18.3,,,,12,47.5,10.6,50,55,Severe,None,low,low,low,low,low,low,low,low,yes,yes,Placebo-controlled
NMA003,NRCT0064,Robinson,2022,JACC,31459460,Brazil,Treatment C,Treatment B,578,417,survival,,,,,,,0.6,0.51,0.65,12,62.2,10.5,33,58,Severe,CVD,low,low,low,low,low,low,low,low,no,yes,Placebo-controlled
NMA003,NRCT0065,Garcia,2021,Lancet Psychiatry,28862952,China,Treatment D,Treatment D,557,321,binary,204,134,,,,,,,,36,64.7,8.7,36,81,Moderate,Multiple,low,low,low,low,low,low,low,low,yes,yes,Placebo-controlled
NMA003,NRCT0066,Phillips,2023,Lancet Neurol,35815043,Canada,Treatment E,Treatment C,360,623,binary,203,286,,,,,,,,24,63.1,12.7,56,80,Mild,None,low,low,low,low,low,low,low,low,yes,yes,Head-to-head
NMA003,NRCT0067,Stewart,2020,Neurology,33436355,Italy,Treatment B,Treatment D,389,798,survival,,,,,,,0.82,0.68,0.95,48,49.1,11.3,49,81,Severe,HTN,low,low,low,low,high,low,low,high,no,yes,Placebo-controlled
NMA003,NRCT0068,Davis,2020,JACC,28014449,Brazil,Treatment D,Treatment E,354,708,binary,158,346,,,,,,,,48,49.9,10.8,43,88,Moderate-severe,Diabetes,low,low,low,low,low,low,low,low,yes,no,Placebo-controlled
NMA003,NRCT0069,Campbell,2015,Ann Rheum Dis,21152185,UK,Treatment B,Treatment B,768,417,binary,118,129,,,,,,,,12,57.8,13.0,51,78,Mild,None,low,low,low,low,low,low,low,low,no,yes,Placebo-controlled
NMA003,NRCT0070,King,2021,Lancet Neurol,22640465,Sweden,Treatment B,Treatment E,631,765,survival,,,,,,,0.91,0.83,1.07,24,67.0,10.6,35,82,Mild,HTN,low,low,low,low,low,low,low,low,no,yes,Placebo-controlled
NMA003,NRCT0071,Bell,2013,Circulation,34279104,Spain,Treatment B,Treatment A,779,768,binary,118,115,,,,,,,,48,57.0,8.0,59,75,Severe,Multiple,low,low,low,low,low,low,low,low,no,yes,Placebo-controlled
NMA003,NRCT0072,Adams,2018,NEJM,30648081,South Korea,Treatment D,Treatment B,421,412,binary,125,133,,,,,,,,12,51.9,9.0,36,87,Severe,None,low,low,low,unclear,low,low,low,unclear,no,yes,Placebo-controlled
NMA003,NRCT0073,Allen,2022,Circulation,33390269,Taiwan,Treatment E,Treatment E,227,799,survival,,,,,,,1.03,0.84,1.13,48,61.5,8.2,35,61,Severe,None,unclear,low,low,low,low,low,low,unclear,no,no,Placebo-controlled
NMA003,NRCT0074,Collins,2021,JAMA,25640239,Belgium,Treatment C,Treatment B,489,560,survival,,,,,,,0.63,0.57,0.71,36,55.8,9.0,56,54,Mild,Diabetes,low,low,low,low,low,low,low,low,yes,yes,Placebo-controlled
NMA003,NRCT0075,Wilson,2014,Gut,22897449,France,Treatment B,Treatment D,608,482,continuous,,,64.1,15.4,55.3,18.5,,,,24,49.1,10.8,64,57,Mild,CVD,low,low,low,low,low,low,low,low,no,yes,Placebo-controlled
NMA003,NRCT0076,Jackson,2018,JACC,23495754,Brazil,Treatment A,Treatment D,441,503,binary,158,89,,,,,,,,48,60.1,8.9,61,61,Moderate-severe,None,low,low,low,low,low,low,low,low,yes,yes,Placebo-controlled
NMA003,NRCT0077,Martin,2017,Lancet Respir Med,21013411,UK,Treatment A,Treatment A,613,356,survival,,,,,,,1.04,0.95,1.16,36,66.3,9.0,34,85,Moderate,Multiple,low,low,low,low,low,low,low,low,no,yes,Placebo-controlled
NMA003,NRCT0078,Thomas,2022,Lancet,36057836,Sweden,Treatment D,Treatment B,753,245,binary,254,99,,,,,,,,48,43.0,13.0,66,81,Moderate,None,low,low,low,low,low,low,low,low,yes,no,Placebo-controlled
NMA003,NRCT0079,Martin,2014,Lancet Oncol,27539276,France,Treatment C,Treatment C,248,353,binary,69,95,,,,,,,,48,44.7,14.0,38,68,Moderate-severe,HTN,low,low,low,low,low,low,low,low,no,yes,Head-to-head
NMA003,NRCT0080,Anderson,2023,Blood,32143712,Italy,Treatment D,Treatment A,231,629,binary,90,173,,,,,,,,12,50.9,9.6,46,87,Moderate-severe,None,low,low,low,low,low,low,low,low,no,yes,Placebo-controlled
NMA003,NRCT0081,Collins,2016,Gut,33171235,Mexico,Treatment C,Treatment A,314,214,continuous,,,77.2,20.4,56.2,19.5,,,,36,62.7,11.3,47,64,Mild,Multiple,unclear,low,low,low,low,low,low,unclear,yes,yes,Placebo-controlled
NMA003,NRCT0082,Carter,2013,JACC,21420330,China,Treatment E,Treatment D,659,202,binary,171,45,,,,,,,,48,54.8,9.3,59,57,Severe,Diabetes,low,low,low,low,low,low,low,low,no,yes,Placebo-controlled
NMA003,NRCT0083,Evans,2011,JAMA Dermatol,34234743,Belgium,Treatment B,Treatment D,426,568,binary,180,144,,,,,,,,24,66.8,13.0,64,52,Mild,Diabetes,low,low,low,low,low,low,low,low,no,yes,Head-to-head
NMA003,NRCT0084,Walker,2014,Lancet,23606799,Belgium,Treatment B,Treatment D,347,310,continuous,,,62.2,21.7,70.1,24.5,,,,24,59.2,11.6,54,65,Moderate,Diabetes,low,low,low,low,low,low,low,low,no,no,Placebo-controlled
NMA004,NRCT0085,Rogers,2020,Lancet Neurol,23112978,India,Treatment C,Treatment B,441,481,survival,,,,,,,0.74,0.67,0.83,36,51.8,11.7,63,86,Severe,Diabetes,low,low,low,low,low,low,low,low,no,yes,Placebo-controlled
NMA004,NRCT0086,Cooper,2012,JACC,28803822,Singapore,Treatment D,Treatment A,290,720,continuous,,,55.6,18.3,63.0,21.4,,,,12,44.7,10.4,65,65,Mild,None,low,low,low,low,low,low,low,low,yes,yes,Placebo-controlled
NMA004,NRCT0087,Bell,2010,J Clin Oncol,35272532,Germany,Treatment C,Treatment A,662,562,binary,227,279,,,,,,,,12,58.6,13.6,54,68,Mild,Multiple,low,unclear,low,low,low,low,low,unclear,yes,no,Placebo-controlled
NMA004,NRCT0088,Walker,2018,Circulation,22603204,Denmark,Treatment B,Treatment B,256,674,binary,104,281,,,,,,,,48,66.6,8.1,51,72,Mild,None,low,low,low,low,low,low,low,low,no,yes,Head-to-head
NMA004,NRCT0089,Cooper,2014,JAMA,28105663,Australia,Treatment B,Treatment A,781,405,survival,,,,,,,0.72,0.66,0.84,48,52.4,11.2,65,62,Severe,CVD,low,low,low,low,low,low,low,low,no,no,Placebo-controlled
NMA004,NRCT0090,Davis,2019,Lancet Psychiatry,31992896,France,Treatment B,Treatment B,360,271,binary,99,92,,,,,,,,48,67.9,8.6,46,53,Severe,HTN,low,unclear,low,low,low,low,low,unclear,yes,yes,Head-to-head
NMA004,NRCT0091,Torres,2012,Gut,30674332,USA,Treatment B,Treatment A,263,755,continuous,,,63.1,20.3,66.0,13.1,,,,36,60.3,9.2,66,69,Severe,Diabetes,low,low,low,low,low,low,low,low,yes,yes,Placebo-controlled
NMA004,NRCT0092,Green,2012,Lancet,31432480,Canada,Treatment A,Treatment D,334,201,continuous,,,61.7,24.2,77.3,21.7,,,,36,63.1,10.2,65,56,Mild,CVD,low,unclear,low,low,low,low,low,unclear,no,yes,Placebo-controlled
NMA004,NRCT0093,Clark,2022,Lancet,22457337,Taiwan,Treatment E,Treatment B,640,202,binary,192,109,,,,,,,,12,46.1,8.4,57,84,Moderate-severe,Multiple,low,low,low,low,low,low,low,low,no,yes,Placebo-controlled
NMA004,NRCT0094,Moore,2018,JACC,29435392,India,Treatment A,Treatment B,398,442,binary,215,262,,,,,,,,24,55.0,11.8,50,77,Moderate-severe,HTN,low,low,low,low,low,low,low,low,no,yes,Head-to-head
NMA004,NRCT0095,Evans,2013,Gut,35767814,UK,Treatment A,Treatment B,351,308,binary,75,99,,,,,,,,12,64.3,12.2,47,88,Moderate-severe,Multiple,low,low,low,low,low,low,low,low,no,yes,Placebo-controlled
NMA004,NRCT0096,King,2013,Neurology,33519066,India,Treatment E,Treatment A,741,437,continuous,,,63.6,21.9,46.4,21.7,,,,36,52.7,11.1,51,72,Mild,None,low,low,low,low,low,low,low,low,yes,yes,Placebo-controlled
NMA004,NRCT0097,Green,2021,Blood,29005991,South Korea,Treatment C,Treatment A,421,256,survival,,,,,,,0.84,0.77,0.94,12,66.4,10.6,45,88,Moderate,None,low,low,low,low,low,low,low,low,yes,yes,Placebo-controlled
NMA004,NRCT0098,White,2016,JAMA Dermatol,21426697,Sweden,Treatment A,Treatment B,769,679,binary,204,244,,,,,,,,12,64.3,13.6,51,68,Moderate-severe,Multiple,low,low,low,low,low,low,low,low,no,yes,Head-to-head
NMA004,NRCT0099,Brown,2019,J Clin Oncol,36795384,UK,Treatment C,Treatment B,389,631,binary,161,354,,,,,,,,12,66.2,12.8,55,83,Severe,HTN,low,low,low,low,low,unclear,low,unclear,no,yes,Placebo-controlled
NMA004,NRCT0100,Cook,2013,BMJ,30656247,USA,Treatment A,Treatment C,783,501,binary,324,185,,,,,,,,12,48.5,11.4,43,73,Severe,None,low,low,low,low,low,low,low,low,no,yes,Placebo-controlled
NMA004,NRCT0101,Williams,2017,J Clin Oncol,32951187,Canada,Treatment C,Treatment E,253,315,binary,70,95,,,,,,,,36,52.4,10.3,56,54,Mild,Diabetes,low,low,low,low,low,low,low,low,yes,yes,Head-to-head
NMA004,NRCT0102,Wright,2012,JACC,24893221,India,Treatment C,Treatment D,544,332,continuous,,,47.1,13.7,53.4,19.6,,,,12,43.6,12.0,34,54,Moderate-severe,Multiple,low,low,low,low,low,low,low,low,yes,yes,Placebo-controlled
NMA004,NRCT0103,Williams,2012,Gut,34520981,Germany,Treatment D,Treatment A,625,758,survival,,,,,,,0.62,0.5,0.67,24,57.3,9.3,32,63,Moderate-severe,None,low,low,low,low,low,low,low,low,yes,yes,Placebo-controlled
NMA004,NRCT0104,Davis,2014,Lancet Respir Med,23792060,Mexico,Treatment D,Treatment A,745,705,continuous,,,65.7,24.6,63.5,24.8,,,,24,67.7,12.4,51,71,Mild,Multiple,low,low,low,low,low,low,low,low,yes,yes,Placebo-controlled
NMA004,NRCT0105,Wilson,2012,JAMA,28915041,Italy,Treatment E,Treatment C,584,229,binary,152,87,,,,,,,,24,46.8,13.9,45,53,Moderate,Diabetes,low,low,low,low,low,low,low,low,yes,yes,Head-to-head
NMA004,NRCT0106,Walker,2011,JAMA,21485326,France,Treatment B,Treatment E,317,535,binary,102,138,,,,,,,,24,46.5,11.2,47,74,Mild,CVD,low,low,low,low,low,low,low,low,yes,yes,Head-to-head
NMA004,NRCT0107,Morgan,2019,Lancet,29885811,Japan,Treatment D,Treatment B,735,323,continuous,,,60.7,21.0,56.0,12.7,,,,12,54.9,9.6,48,64,Mild,CVD,low,low,low,low,low,low,low,low,yes,yes,Placebo-controlled
NMA004,NRCT0108,Martin,2020,Neurology,23928211,Australia,Treatment A,Treatment A,652,707,binary,313,133,,,,,,,,36,46.1,11.4,54,69,Mild,CVD,low,low,low,low,low,low,low,low,no,yes,Head-to-head
NMA004,NRCT0109,Morris,2023,BMJ,36874956,Netherlands,Treatment A,Treatment B,220,676,survival,,,,,,,0.98,0.81,1.11,48,48.3,12.1,47,73,Moderate-severe,HTN,low,low,low,low,low,low,low,low,no,yes,Placebo-controlled
NMA004,NRCT0110,Adams,2015,Gut,26194971,Belgium,Treatment A,Treatment E,712,748,survival,,,,,,,0.88,0.72,1.01,12,57.7,13.5,64,55,Mild,CVD,low,low,low,low,low,low,low,low,no,yes,Placebo-controlled
NMA004,NRCT0111,Miller,2011,Ann Rheum Dis,36519046,Belgium,Treatment E,Treatment B,699,323,binary,142,60,,,,,,,,12,67.9,9.5,36,59,Mild,Multiple,low,low,low,low,low,low,low,low,no,no,Head-to-head
NMA004,NRCT0112,Campbell,2016,JACC,33062699,South Korea,Treatment C,Treatment E,261,425,continuous,,,55.6,15.3,70.1,15.2,,,,48,43.7,12.0,47,58,Moderate,Multiple,low,low,low,low,low,low,low,low,yes,yes,Head-to-head
NMA005,NRCT0113,Stewart,2010,JACC,33627891,Canada,Treatment E,Treatment B,800,639,binary,206,173,,,,,,,,12,45.7,8.6,44,55,Mild,Diabetes,low,low,low,low,low,low,low,low,no,yes,Placebo-controlled
NMA005,NRCT0114,Robinson,2022,JAMA Dermatol,26751035,Mexico,Treatment D,Treatment B,779,778,binary,246,271,,,,,,,,36,45.4,9.5,34,82,Mild,CVD,low,low,low,low,high,low,low,high,no,yes,Placebo-controlled
NMA005,NRCT0115,Cooper,2019,Lancet,25117551,Italy,Treatment E,Treatment B,296,672,continuous,,,49.0,14.7,53.2,15.0,,,,12,52.9,8.7,52,60,Severe,Diabetes,low,low,low,low,low,low,low,low,yes,yes,Head-to-head
NMA005,NRCT0116,Phillips,2023,Neurology,28650562,Italy,Treatment D,Treatment E,436,599,survival,,,,,,,0.63,0.55,0.76,36,52.6,9.7,37,87,Moderate-severe,CVD,low,low,low,unclear,low,low,low,unclear,yes,yes,Placebo-controlled
NMA005,NRCT0117,Cooper,2017,JAMA,36239206,Australia,Treatment A,Treatment D,272,538,continuous,,,77.4,22.1,66.0,13.4,,,,12,47.5,12.0,67,52,Severe,HTN,low,low,low,low,low,low,low,low,no,no,Placebo-controlled
NMA005,NRCT0118,Young,2010,JACC,24482728,Netherlands,Treatment E,Treatment A,449,715,survival,,,,,,,1.03,0.9,1.16,12,67.5,11.7,53,57,Mild,None,low,low,low,low,low,low,low,low,yes,yes,Placebo-controlled
NMA005,NRCT0119,Taylor,2017,Lancet Neurol,26071952,Netherlands,Treatment E,Treatment C,402,305,continuous,,,69.9,12.3,66.2,13.4,,,,36,43.5,9.5,50,60,Severe,HTN,low,low,low,low,low,low,low,low,no,yes,Head-to-head
NMA005,NRCT0120,Carter,2014,Lancet,33509186,France,Treatment D,Treatment C,255,387,survival,,,,,,,0.8,0.67,0.87,12,65.7,11.3,62,55,Moderate,HTN,low,low,low,low,low,low,low,low,no,yes,Placebo-controlled
NMA005,NRCT0121,Stewart,2019,Lancet Respir Med,24051156,Denmark,Treatment B,Treatment B,727,701,binary,374,239,,,,,,,,48,50.4,9.2,68,59,Mild,CVD,low,low,low,low,low,low,low,low,no,yes,Placebo-controlled
NMA005,NRCT0122,Green,2017,Circulation,26106925,China,Treatment D,Treatment A,233,241,binary,94,88,,,,,,,,24,45.8,12.9,58,84,Severe,Diabetes,low,low,low,low,low,low,low,low,no,yes,Head-to-head
NMA005,NRCT0123,Cooper,2012,JAMA Dermatol,28924382,Taiwan,Treatment A,Treatment D,579,616,survival,,,,,,,0.98,0.79,1.14,24,59.9,8.3,68,77,Mild,CVD,low,low,low,low,low,unclear,low,unclear,no,no,Placebo-controlled
NMA005,NRCT0124,Howard,2012,NEJM,27510493,Belgium,Treatment C,Treatment D,207,632,continuous,,,61.9,20.9,73.1,18.4,,,,24,64.9,13.5,64,77,Moderate,CVD,low,low,low,low,low,low,low,low,no,yes,Placebo-controlled
NMA005,NRCT0125,Peterson,2019,Gut,26815062,Denmark,Treatment E,Treatment A,565,619,continuous,,,57.4,14.7,52.7,13.9,,,,24,42.7,13.9,59,66,Moderate-severe,CVD,low,low,low,low,low,low,low,low,no,yes,Placebo-controlled
NMA005,NRCT0126,Harris,2019,Lancet Neurol,23594643,Singapore,Treatment E,Treatment E,205,290,binary,115,62,,,,,,,,36,52.7,10.2,51,86,Moderate,None,low,low,low,low,low,low,low,low,no,yes,Head-to-head
NMA005,NRCT0127,Johnson,2011,J Clin Oncol,25765868,Italy,Treatment A,Treatment B,277,621,binary,142,248,,,,,,,,24,48.0,11.3,62,66,Mild,Diabetes,low,low,low,low,low,low,low,low,yes,no,Placebo-controlled
NMA005,NRCT0128,Martin,2011,Blood,30044948,Singapore,Treatment D,Treatment C,532,744,continuous,,,69.9,14.7,62.9,15.4,,,,36,43.9,12.6,60,88,Moderate-severe,Diabetes,low,low,low,low,low,low,low,low,no,yes,Placebo-controlled
NMA005,NRCT0129,Parker,2022,Lancet Oncol,25013580,Netherlands,Treatment A,Treatment B,731,476,binary,376,243,,,,,,,,24,63.7,11.9,36,77,Moderate,None,low,low,low,low,unclear,low,low,unclear,yes,yes,Head-to-head
NMA005,NRCT0130,Rogers,2017,JAMA,28772099,Taiwan,Treatment E,Treatment C,409,552,survival,,,,,,,0.8,0.71,0.88,48,54.1,12.1,67,83,Moderate,Diabetes,low,low,low,low,low,low,low,low,no,yes,Placebo-controlled
NMA005,NRCT0131,Jones,2013,Lancet,33908302,China,Treatment B,Treatment D,206,201,binary,72,56,,,,,,,,36,52.9,11.1,56,78,Moderate-severe,Multiple,low,low,low,low,low,low,low,low,yes,yes,Head-to-head
NMA005,NRCT0132,Smith,2021,Lancet Neurol,26913152,Canada,Treatment E,Treatment E,689,513,binary,368,254,,,,,,,,36,45.5,10.4,53,84,Severe,Diabetes,low,low,low,low,low,low,low,low,yes,yes,Placebo-controlled
NMA005,NRCT0133,Martinez,2011,JAMA,32720938,Singapore,Treatment E,Treatment D,331,214,binary,105,57,,,,,,,,48,61.5,10.2,43,52,Moderate,Multiple,low,high,low,low,low,low,low,high,yes,yes,Placebo-controlled
NMA005,NRCT0134,Turner,2011,NEJM,36962153,Sweden,Treatment D,Treatment A,714,607,continuous,,,60.0,19.2,60.4,13.5,,,,48,54.6,11.0,35,69,Severe,Multiple,low,low,low,low,low,low,low,low,no,yes,Placebo-controlled
NMA005,NRCT0135,Jackson,2014,Neurology,28952425,Italy,Treatment A,Treatment E,699,374,binary,391,131,,,,,,,,12,61.9,13.0,55,71,Moderate-severe,None,low,low,low,low,low,low,low,low,no,no,Placebo-controlled
NMA005,NRCT0136,Adams,2021,JACC,23091751,Denmark,Treatment E,Treatment E,798,361,continuous,,,52.9,22.9,62.0,12.8,,,,12,56.5,11.2,65,77,Moderate,CVD,low,low,low,low,low,low,low,low,yes,yes,Placebo-controlled
NMA005,NRCT0137,Harris,2013,Gut,24895164,Spain,Treatment A,Treatment D,613,602,continuous,,,61.1,17.3,59.8,19.8,,,,48,53.8,12.6,37,55,Severe,CVD,low,low,low,low,low,low,low,low,no,no,Placebo-controlled
NMA005,NRCT0138,Thomas,2019,Lancet Psychiatry,21505165,Mexico,Treatment D,Treatment A,207,222,continuous,,,76.7,21.9,57.9,17.8,,,,12,42.4,12.5,63,83,Moderate-severe,None,low,low,low,low,low,low,low,low,yes,yes,Placebo-controlled
NMA005,NRCT0139,Thompson,2019,J Clin Oncol,25446612,Singapore,Treatment C,Treatment D,512,692,survival,,,,,,,0.86,0.69,0.99,12,61.6,13.1,64,85,Moderate,CVD,low,low,low,low,low,low,low,low,yes,yes,Placebo-controlled
NMA006,NRCT0140,Martin,2015,Blood,26463608,Italy,Treatment D,Treatment B,234,451,binary,115,153,,,,,,,,12,59.7,11.2,49,65,Severe,CVD,low,low,low,low,unclear,low,low,unclear,yes,yes,Placebo-controlled
NMA006,NRCT0141,Evans,2011,Blood,22881262,France,Treatment B,Treatment D,414,360,binary,63,192,,,,,,,,12,62.3,11.3,68,70,Moderate-severe,Diabetes,low,low,low,low,low,low,low,low,yes,yes,Placebo-controlled
NMA006,NRCT0142,Jackson,2019,JACC,30356941,South Korea,Treatment E,Treatment A,655,339,binary,379,74,,,,,,,,24,46.5,11.2,51,68,Severe,None,low,low,low,low,low,low,low,low,no,yes,Placebo-controlled
NMA006,NRCT0143,Moore,2018,Circulation,36215764,UK,Treatment A,Treatment B,557,593,binary,178,280,,,,,,,,36,52.8,11.2,68,67,Moderate-severe,Multiple,low,low,low,low,low,low,low,low,yes,no,Head-to-head
NMA006,NRCT0144,Wright,2022,Ann Rheum Dis,25225416,Sweden,Treatment C,Treatment E,250,785,binary,91,179,,,,,,,,48,50.8,11.8,61,76,Mild,None,low,low,low,low,low,low,low,low,no,yes,Placebo-controlled
NMA006,NRCT0145,Phillips,2019,Lancet Psychiatry,34452436,China,Treatment B,Treatment A,311,215,binary,49,78,,,,,,,,12,56.2,8.8,47,79,Mild,Multiple,low,low,low,low,low,low,low,low,yes,yes,Placebo-controlled
NMA006,NRCT0146,Green,2013,Ann Rheum Dis,32240148,China,Treatment D,Treatment E,794,642,survival,,,,,,,0.73,0.62,0.84,36,52.8,9.9,38,78,Moderate-severe,CVD,low,low,low,low,low,low,low,low,no,no,Placebo-controlled
NMA006,NRCT0147,Martinez,2013,Ann Rheum Dis,25319520,USA,Treatment E,Treatment C,440,312,binary,224,131,,,,,,,,36,58.3,13.8,57,68,Moderate-severe,None,low,low,low,low,low,low,low,low,yes,yes,Placebo-controlled
NMA006,NRCT0148,Moore,2023,J Clin Oncol,27315023,Australia,Treatment D,Treatment C,704,438,binary,120,81,,,,,,,,36,56.6,13.1,51,52,Moderate,Diabetes,low,low,low,low,low,low,low,low,no,yes,Head-to-head
NMA006,NRCT0149,Robinson,2013,BMJ,31793754,Japan,Treatment C,Treatment A,540,326,binary,227,135,,,,,,,,36,62.4,9.5,53,73,Severe,HTN,low,low,low,low,low,low,low,low,no,yes,Placebo-controlled
NMA006,NRCT0150,Mitchell,2021,NEJM,27016281,Canada,Treatment A,Treatment D,239,483,binary,56,73,,,,,,,,24,43.0,8.2,42,56,Moderate-severe,Multiple,low,low,low,low,low,low,low,low,no,yes,Head-to-head
NMA006,NRCT0151,Cook,2016,Neurology,35641260,Mexico,Treatment D,Treatment E,744,557,survival,,,,,,,0.85,0.68,0.92,48,67.0,8.6,47,84,Mild,HTN,low,low,low,low,unclear,low,low,unclear,yes,yes,Placebo-controlled
NMA006,NRCT0152,White,2016,NEJM,27926195,Germany,Treatment C,Treatment A,387,791,binary,98,370,,,,,,,,48,51.5,13.2,47,70,Severe,Multiple,low,low,low,low,low,low,low,low,no,yes,Placebo-controlled
NMA006,NRCT0153,Stewart,2020,JAMA,22872800,Sweden,Treatment D,Treatment D,670,260,continuous,,,47.2,16.1,53.6,22.7,,,,12,52.1,13.4,63,70,Moderate-severe,Multiple,low,low,low,low,low,low,low,low,yes,yes,Placebo-controlled
NMA006,NRCT0154,Phillips,2017,Circulation,25831206,Germany,Treatment E,Treatment B,298,240,binary,161,105,,,,,,,,36,51.9,9.9,64,82,Moderate-severe,HTN,low,low,high,low,low,low,low,high,no,yes,Placebo-controlled
NMA006,NRCT0155,Hall,2023,Ann Rheum Dis,22684186,Belgium,Treatment B,Treatment B,538,475,binary,153,247,,,,,,,,12,64.8,10.7,62,77,Moderate-severe,HTN,low,low,low,low,low,low,low,low,yes,yes,Placebo-controlled
NMA006,NRCT0156,Nguyen,2019,Gut,23921966,Mexico,Treatment B,Treatment E,426,329,continuous,,,62.5,12.1,58.6,12.7,,,,24,63.0,11.0,49,52,Severe,CVD,low,low,low,low,low,low,low,low,no,yes,Placebo-controlled
NMA006,NRCT0157,Anderson,2011,Lancet Oncol,36195711,Taiwan,Treatment E,Treatment D,718,606,binary,387,192,,,,,,,,24,54.5,13.9,41,83,Severe,Diabetes,low,low,low,low,low,low,low,low,no,yes,Placebo-controlled
NMA006,NRCT0158,Mitchell,2011,BMJ,22507224,China,Treatment D,Treatment C,392,251,continuous,,,62.6,15.0,66.3,13.6,,,,24,52.2,11.9,42,85,Severe,CVD,unclear,low,low,low,low,low,low,unclear,no,yes,Placebo-controlled
NMA006,NRCT0159,Cook,2014,Gut,31284208,China,Treatment B,Treatment A,727,696,continuous,,,55.7,15.5,72.6,12.8,,,,48,63.0,12.0,48,84,Mild,None,low,low,low,low,low,low,low,low,yes,yes,Placebo-controlled
NMA006,NRCT0160,Mitchell,2012,JAMA Dermatol,25794087,Japan,Treatment D,Treatment D,503,376,continuous,,,74.7,17.0,50.1,17.7,,,,48,48.3,12.1,68,55,Moderate-severe,Diabetes,low,low,low,low,low,low,low,low,no,yes,Placebo-controlled
NMA006,NRCT0161,Peterson,2013,Circulation,29752391,Australia,Treatment E,Treatment B,537,694,binary,245,402,,,,,,,,48,52.4,10.2,65,72,Moderate-severe,HTN,low,low,low,low,low,low,low,low,no,yes,Head-to-head
NMA006,NRCT0162,Hall,2014,JACC,23096000,UK,Treatment B,Treatment E,339,603,binary,170,139,,,,,,,,12,60.1,13.6,62,79,Mild,CVD,low,low,low,low,low,low,low,low,no,yes,Placebo-controlled
NMA006,NRCT0163,Jackson,2011,BMJ,32261233,Spain,Treatment A,Treatment B,536,568,binary,180,237,,,,,,,,24,53.4,11.7,45,86,Mild,CVD,low,low,low,low,low,low,low,low,no,yes,Placebo-controlled
NMA006,NRCT0164,Wright,2018,JAMA Dermatol,25603039,India,Treatment B,Treatment B,360,259,survival,,,,,,,0.71,0.58,0.78,36,52.5,8.5,51,72,Mild,HTN,low,low,low,low,low,low,low,low,yes,no,Placebo-controlled
NMA006,NRCT0165,Taylor,2014,Lancet Oncol,25139150,South Korea,Treatment E,Treatment E,447,468,survival,,,,,,,0.76,0.64,0.9,48,65.0,9.9,38,69,Mild,Multiple,low,low,low,low,low,low,low,low,yes,yes,Placebo-controlled
NMA006,NRCT0166,Wright,2021,Lancet Respir Med,30204197,South Korea,Treatment C,Treatment B,555,451,continuous,,,63.9,21.9,72.6,12.1,,,,36,61.5,9.2,63,68,Mild,Diabetes,low,low,low,low,low,low,low,low,yes,yes,Placebo-controlled
NMA006,NRCT0167,Green,2012,Lancet Neurol,23690538,USA,Treatment B,Treatment E,640,556,survival,,,,,,,0.82,0.74,0.93,36,45.3,11.7,46,71,Severe,None,low,low,low,low,low,low,low,low,yes,yes,Placebo-controlled
NMA006,NRCT0168,Turner,2022,Lancet Respir Med,26420825,Italy,Treatment A,Treatment A,429,406,survival,,,,,,,0.79,0.72,0.89,48,53.9,9.1,56,72,Moderate,HTN,low,low,low,low,low,low,low,low,yes,yes,Placebo-controlled
NMA006,NRCT0169,Harris,2012,Lancet Respir Med,30025890,Canada,Treatment E,Treatment B,600,568,survival,,,,,,,0.84,0.72,0.96,48,49.2,9.1,50,67,Mild,CVD,low,low,low,low,low,low,low,low,yes,no,Placebo-controlled
NMA006,NRCT0170,Walker,2022,Ann Rheum Dis,24820986,Italy,Treatment E,Treatment C,317,573,binary,133,88,,,,,,,,24,60.1,13.0,63,88,Mild,None,low,low,low,low,low,low,low,low,yes,yes,Placebo-controlled
NMA007,NRCT0171,Wright,2013,Ann Rheum Dis,34503213,Italy,Treatment B,Treatment B,569,700,survival,,,,,,,1.03,0.94,1.12,36,63.8,13.0,55,83,Severe,Multiple,low,low,low,low,low,low,low,low,no,yes,Placebo-controlled
NMA007,NRCT0172,Thompson,2012,BMJ,35131445,Belgium,Treatment E,Treatment D,427,327,binary,207,109,,,,,,,,48,49.4,10.5,47,77,Moderate-severe,HTN,low,low,low,low,low,low,low,low,yes,yes,Placebo-controlled
NMA007,NRCT0173,Moore,2018,Lancet Psychiatry,31930125,Mexico,Treatment C,Treatment B,795,587,continuous,,,45.9,20.2,51.9,17.7,,,,12,50.0,9.5,49,58,Mild,CVD,low,low,low,low,low,low,low,low,yes,yes,Placebo-controlled
NMA007,NRCT0174,Taylor,2011,JACC,23557947,Taiwan,Treatment A,Treatment D,358,778,continuous,,,75.0,19.7,62.2,13.8,,,,48,50.0,11.8,33,58,Severe,Diabetes,low,low,low,low,low,low,low,low,yes,yes,Placebo-controlled
NMA007,NRCT0175,Martin,2010,NEJM,22306678,Spain,Treatment D,Treatment B,474,339,binary,164,118,,,,,,,,12,64.2,9.4,68,65,Mild,None,low,low,low,low,low,low,low,low,no,yes,Head-to-head
NMA007,NRCT0176,Bailey,2014,Gut,26021862,Italy,Treatment D,Treatment D,277,532,continuous,,,60.7,13.5,68.9,19.0,,,,48,67.6,12.0,40,60,Moderate-severe,Multiple,low,low,low,low,low,low,low,low,no,yes,Placebo-controlled
NMA007,NRCT0177,Phillips,2010,Lancet Respir Med,31063736,USA,Treatment E,Treatment D,519,588,binary,90,135,,,,,,,,48,65.7,9.6,64,87,Severe,None,low,low,low,low,low,low,low,low,no,yes,Placebo-controlled
NMA007,NRCT0178,Smith,2020,Neurology,22357715,India,Treatment B,Treatment B,347,743,binary,176,403,,,,,,,,48,61.7,12.7,40,67,Mild,Multiple,low,low,low,low,low,low,low,low,no,yes,Head-to-head
NMA007,NRCT0179,Baker,2021,NEJM,21516182,India,Treatment E,Treatment B,786,789,continuous,,,77.2,24.0,76.5,14.1,,,,24,64.8,11.4,53,54,Severe,Diabetes,low,low,low,low,low,low,unclear,unclear,no,no,Placebo-controlled
NMA007,NRCT0180,Bailey,2017,J Clin Oncol,30545863,Spain,Treatment C,Treatment B,326,210,continuous,,,67.7,24.9,58.6,15.9,,,,12,56.0,12.0,45,72,Mild,HTN,low,low,low,low,low,low,low,low,no,yes,Placebo-controlled
NMA007,NRCT0181,Parker,2016,Lancet,23797398,Spain,Treatment C,Treatment A,247,329,survival,,,,,,,0.65,0.54,0.76,48,60.5,9.6,52,74,Moderate-severe,None,low,low,low,low,unclear,low,low,unclear,no,no,Placebo-controlled
NMA007,NRCT0182,Young,2018,BMJ,23486848,Denmark,Treatment A,Treatment D,798,497,survival,,,,,,,0.92,0.83,1.01,48,64.8,12.9,59,52,Moderate-severe,Multiple,low,low,low,low,low,low,low,low,no,yes,Placebo-controlled
NMA007,NRCT0183,Johnson,2015,JAMA,25639324,Canada,Treatment B,Treatment B,571,568,survival,,,,,,,1.02,0.94,1.18,24,45.9,9.6,40,72,Moderate-severe,None,low,low,low,low,low,low,low,low,no,yes,Placebo-controlled
NMA007,NRCT0184,Bailey,2016,J Clin Oncol,25632439,Denmark,Treatment E,Treatment A,780,457,continuous,,,57.0,19.2,76.2,22.6,,,,24,56.4,8.2,40,82,Moderate-severe,None,low,low,low,low,low,low,low,low,no,yes,Placebo-controlled
NMA007,NRCT0185,Phillips,2014,JAMA Dermatol,30312943,Taiwan,Treatment A,Treatment B,533,457,binary,158,188,,,,,,,,12,57.5,11.7,59,54,Moderate,CVD,low,low,low,low,low,low,low,low,yes,yes,Placebo-controlled
NMA007,NRCT0186,Collins,2017,JAMA Dermatol,28063381,South Korea,Treatment A,Treatment B,339,398,continuous,,,52.6,17.4,57.4,20.6,,,,12,42.5,12.1,60,70,Moderate,None,low,low,low,low,low,low,low,low,no,yes,Placebo-controlled
NMA007,NRCT0187,Garcia,2015,NEJM,33811795,Spain,Treatment A,Treatment B,778,318,binary,146,56,,,,,,,,36,65.7,12.2,67,61,Moderate-severe,None,low,low,low,low,low,low,low,low,no,yes,Placebo-controlled
NMA007,NRCT0188,Nguyen,2015,Lancet Psychiatry,21054361,UK,Treatment A,Treatment A,515,546,continuous,,,73.7,18.8,50.1,16.6,,,,24,58.1,9.9,43,57,Severe,HTN,low,low,low,high,low,low,low,high,no,no,Placebo-controlled
NMA007,NRCT0189,Lewis,2022,Neurology,24683074,Brazil,Treatment D,Treatment E,690,334,binary,243,111,,,,,,,,24,52.6,11.4,39,74,Moderate,Multiple,low,low,low,low,low,low,low,low,yes,no,Head-to-head
NMA007,NRCT0190,Thomas,2010,NEJM,23423338,Canada,Treatment E,Treatment A,406,208,survival,,,,,,,0.82,0.68,0.92,24,64.6,12.3,44,62,Severe,Diabetes,low,low,low,low,low,low,low,low,no,yes,Placebo-controlled
NMA007,NRCT0191,Wilson,2012,Neurology,32522650,India,Treatment B,Treatment A,337,560,binary,163,157,,,,,,,,48,57.2,13.5,52,86,Moderate-severe,HTN,low,low,low,low,low,low,low,low,no,yes,Placebo-controlled
NMA007,NRCT0192,Martin,2017,Gut,32001126,France,Treatment D,Treatment A,780,576,continuous,,,55.1,18.6,70.8,16.5,,,,12,51.6,10.7,68,80,Moderate-severe,None,low,low,low,low,low,low,low,low,yes,yes,Head-to-head
NMA007,NRCT0193,Clark,2019,Circulation,30593176,Denmark,Treatment A,Treatment B,720,223,survival,,,,,,,0.68,0.6,0.81,24,66.8,11.7,33,74,Severe,CVD,low,low,low,low,low,low,low,low,no,yes,Placebo-controlled
NMA007,NRCT0194,Morgan,2019,Ann Rheum Dis,24286705,France,Treatment D,Treatment A,330,593,binary,81,308,,,,,,,,36,58.1,9.2,37,64,Moderate,CVD,low,low,low,low,low,low,low,low,yes,yes,Placebo-controlled
NMA007,NRCT0195,Robinson,2012,Lancet,22061457,Mexico,Treatment E,Treatment D,492,604,survival,,,,,,,0.94,0.81,1.12,36,50.0,8.8,33,72,Severe,None,low,low,low,low,low,low,low,low,yes,no,Placebo-controlled
NMA007,NRCT0196,Martin,2021,Lancet Oncol,24068779,Canada,Treatment A,Treatment C,257,731,survival,,,,,,,0.68,0.58,0.76,24,47.0,12.1,66,62,Moderate-severe,Multiple,low,low,low,low,low,low,low,low,no,yes,Placebo-controlled
NMA007,NRCT0197,Walker,2013,J Clin Oncol,34623931,South Korea,Treatment A,Treatment B,768,745,continuous,,,76.3,16.3,67.9,13.0,,,,12,50.5,11.9,62,85,Mild,Diabetes,low,low,low,low,low,low,low,low,no,yes,Placebo-controlled
NMA007,NRCT0198,Walker,2011,Neurology,24863142,Spain,Treatment B,Treatment B,525,471,continuous,,,76.0,18.5,65.9,20.9,,,,12,59.0,13.3,43,68,Mild,Multiple,low,low,low,low,low,low,low,low,no,yes,Head-to-head
NMA007,NRCT0199,Martin,2012,Blood,33327034,Italy,Treatment E,Treatment E,549,208,survival,,,,,,,0.83,0.68,0.96,12,56.9,13.8,37,64,Mild,CVD,low,low,low,low,low,low,low,low,no,no,Placebo-controlled
NMA007,NRCT0200,Lee,2019,JAMA,33939991,Netherlands,Treatment E,Treatment A,788,676,binary,439,253,,,,,,,,48,46.4,9.9,36,83,Moderate-severe,HTN,low,low,low,low,low,low,low,low,no,yes,Head-to-head
NMA008,NRCT0201,Anderson,2010,Lancet Psychiatry,36882286,Netherlands,Treatment B,Treatment B,751,454,binary,149,251,,,,,,,,48,60.8,11.8,33,59,Moderate-severe,Diabetes,low,low,low,low,low,low,low,low,yes,yes,Head-to-head
NMA008,NRCT0202,Kelly,2010,JACC,25396698,USA,Treatment B,Treatment E,207,345,continuous,,,72.0,13.0,52.0,24.6,,,,48,65.9,12.1,41,66,Moderate-severe,Diabetes,low,low,low,low,low,unclear,low,unclear,yes,yes,Placebo-controlled
NMA008,NRCT0203,Thompson,2012,Neurology,27769683,France,Treatment B,Treatment E,217,489,binary,93,220,,,,,,,,24,56.0,13.5,68,79,Moderate-severe,Diabetes,low,low,low,low,low,low,low,low,no,yes,Placebo-controlled
NMA008,NRCT0204,Roberts,2018,BMJ,35091587,Sweden,Treatment B,Treatment B,662,544,survival,,,,,,,0.99,0.88,1.19,36,45.7,11.0,36,77,Moderate,CVD,low,low,low,low,low,low,low,low,yes,no,Head-to-head
NMA008,NRCT0205,Miller,2011,Lancet,28243478,Taiwan,Treatment A,Treatment A,234,330,survival,,,,,,,0.95,0.79,1.09,24,53.9,13.0,59,79,Mild,HTN,low,low,low,low,low,low,low,low,yes,yes,Placebo-controlled
NMA008,NRCT0206,Green,2021,Lancet,26853354,Germany,Treatment B,Treatment C,423,456,binary,111,232,,,,,,,,48,58.7,8.6,34,87,Moderate-severe,Multiple,low,low,low,low,low,low,low,low,no,yes,Placebo-controlled
NMA008,NRCT0207,Miller,2021,JAMA Dermatol,24546435,France,Treatment B,Treatment A,491,349,binary,285,191,,,,,,,,24,58.6,9.1,33,86,Mild,Multiple,low,low,low,low,low,low,low,low,yes,yes,Placebo-controlled
NMA008,NRCT0208,Thompson,2011,Lancet Oncol,28602415,UK,Treatment A,Treatment C,752,555,binary,262,210,,,,,,,,24,42.0,10.7,32,55,Moderate-severe,Diabetes,low,low,low,low,low,low,low,low,yes,yes,Placebo-controlled
NMA008,NRCT0209,Miller,2023,NEJM,25958261,Sweden,Treatment C,Treatment C,524,437,continuous,,,59.3,12.3,47.3,17.8,,,,48,51.6,10.7,33,57,Mild,HTN,low,low,low,low,low,low,low,low,yes,yes,Head-to-head
NMA008,NRCT0210,Mitchell,2012,Blood,33737736,Denmark,Treatment E,Treatment D,306,508,survival,,,,,,,0.67,0.6,0.79,24,66.0,10.1,40,78,Severe,None,low,low,low,low,low,low,low,low,no,yes,Placebo-controlled
NMA008,NRCT0211,Thompson,2020,J Clin Oncol,24519035,France,Treatment E,Treatment C,254,414,survival,,,,,,,0.9,0.74,1.0,36,46.2,8.1,57,66,Mild,None,low,low,low,low,low,low,low,low,no,no,Placebo-controlled
NMA008,NRCT0212,Green,2012,Blood,25517108,Singapore,Treatment D,Treatment B,800,438,binary,477,193,,,,,,,,24,66.6,9.4,67,57,Moderate,CVD,low,low,unclear,low,low,low,low,unclear,yes,no,Placebo-controlled
NMA008,NRCT0213,Rogers,2017,Lancet Respir Med,36614062,Germany,Treatment D,Treatment A,436,465,binary,207,195,,,,,,,,48,61.4,12.1,61,68,Severe,None,low,low,low,low,low,low,low,low,yes,yes,Placebo-controlled
NMA008,NRCT0214,Torres,2013,Lancet Respir Med,23562917,South Korea,Treatment D,Treatment A,581,440,binary,206,201,,,,,,,,12,50.4,13.7,59,69,Moderate-severe,Diabetes,low,low,low,low,low,low,low,low,yes,yes,Head-to-head
NMA008,NRCT0215,Collins,2011,Gut,36308942,Mexico,Treatment A,Treatment D,577,653,continuous,,,51.0,13.4,71.6,17.4,,,,12,56.1,10.8,39,77,Moderate,HTN,low,low,low,low,low,low,low,low,no,yes,Placebo-controlled
NMA008,NRCT0216,Rogers,2016,JACC,28754757,Singapore,Treatment A,Treatment A,706,234,binary,139,126,,,,,,,,12,65.3,10.3,42,62,Severe,None,low,low,low,low,low,low,low,low,yes,yes,Head-to-head
NMA008,NRCT0217,Phillips,2022,Blood,24376864,France,Treatment B,Treatment E,244,531,survival,,,,,,,0.95,0.78,1.11,24,58.7,13.1,57,85,Severe,CVD,low,low,low,low,low,low,low,low,yes,yes,Head-to-head
NMA008,NRCT0218,Allen,2016,Lancet Respir Med,30655741,Brazil,Treatment D,Treatment D,722,238,continuous,,,61.8,20.8,67.2,22.5,,,,48,61.4,10.2,57,63,Moderate-severe,HTN,low,low,low,low,low,low,low,low,no,yes,Head-to-head
NMA008,NRCT0219,Roberts,2010,Lancet Psychiatry,21336522,Japan,Treatment C,Treatment A,332,515,survival,,,,,,,0.59,0.5,0.7,24,63.4,8.7,35,73,Mild,HTN,low,low,low,low,low,low,low,low,yes,yes,Placebo-controlled
NMA008,NRCT0220,Collins,2017,Lancet Respir Med,24439937,Spain,Treatment E,Treatment B,508,586,continuous,,,58.5,12.9,51.7,24.5,,,,48,43.4,9.4,47,65,Mild,Diabetes,low,low,low,low,low,low,low,low,yes,no,Head-to-head
NMA008,NRCT0221,Reed,2016,BMJ,25805040,USA,Treatment A,Treatment B,693,351,survival,,,,,,,0.59,0.49,0.66,24,55.7,13.5,62,86,Moderate-severe,None,low,low,low,low,low,low,low,low,no,yes,Placebo-controlled
NMA008,NRCT0222,Mitchell,2016,NEJM,23571984,India,Treatment D,Treatment C,384,712,binary,219,218,,,,,,,,36,55.7,9.5,33,72,Severe,Diabetes,low,low,low,low,low,low,low,low,yes,yes,Placebo-controlled
NMA008,NRCT0223,Carter,2021,Lancet Respir Med,27377410,South Korea,Treatment B,Treatment B,509,366,binary,250,194,,,,,,,,36,60.3,11.7,60,85,Moderate-severe,Diabetes,low,low,low,low,low,low,low,low,no,yes,Head-to-head
NMA008,NRCT0224,Smith,2012,NEJM,36690640,Netherlands,Treatment A,Treatment A,472,715,binary,132,255,,,,,,,,36,61.3,8.7,59,63,Severe,Multiple,low,low,low,low,low,low,low,low,no,yes,Placebo-controlled
NMA008,NRCT0225,Kelly,2014,Blood,32287758,Italy,Treatment D,Treatment B,485,236,continuous,,,46.0,12.9,45.2,17.1,,,,36,51.2,10.0,39,76,Moderate-severe,CVD,low,low,low,low,low,low,low,low,no,no,Placebo-controlled
NMA008,NRCT0226,Lee,2019,Neurology,26014273,Germany,Treatment C,Treatment E,549,736,binary,106,378,,,,,,,,12,50.8,9.3,46,63,Severe,Multiple,low,low,low,low,low,low,unclear,unclear,yes,yes,Head-to-head
NMA008,NRCT0227,Lee,2021,J Clin Oncol,36500785,Italy,Treatment C,Treatment C,253,322,binary,89,95,,,,,,,,12,54.3,10.8,42,80,Mild,Diabetes,low,low,low,low,low,low,low,low,yes,yes,Head-to-head
NMA008,NRCT0228,Moore,2018,JAMA Dermatol,23948566,China,Treatment C,Treatment B,538,310,continuous,,,65.3,19.9,66.0,20.7,,,,12,61.5,13.6,47,53,Severe,None,low,low,low,low,low,low,low,low,yes,yes,Placebo-controlled
NMA008,NRCT0229,Bailey,2012,Lancet Respir Med,36008271,France,Treatment D,Treatment D,743,645,continuous,,,73.9,15.5,50.7,20.9,,,,36,63.8,13.9,37,52,Moderate-severe,CVD,low,low,low,low,low,low,low,low,no,yes,Head-to-head
NMA008,NRCT0230,Thompson,2021,JAMA,22178628,USA,Treatment C,Treatment E,416,787,continuous,,,47.6,17.3,49.6,12.9,,,,48,49.1,10.2,66,54,Severe,None,low,low,low,low,low,low,low,low,yes,yes,Head-to-head
NMA008,NRCT0231,Edwards,2013,BMJ,29187545,Netherlands,Treatment C,Treatment D,668,411,binary,369,120,,,,,,,,48,53.7,10.2,51,76,Mild,Diabetes,low,low,low,low,low,low,low,low,yes,yes,Placebo-controlled
NMA008,NRCT0232,Jones,2015,J Clin Oncol,23184422,Germany,Treatment B,Treatment A,543,313,binary,176,103,,,,,,,,24,66.8,10.0,47,88,Mild,CVD,low,low,low,low,low,low,low,low,yes,yes,Placebo-controlled
NMA008,NRCT0233,Parker,2015,Ann Rheum Dis,21507429,UK,Treatment B,Treatment D,632,396,continuous,,,57.1,18.3,72.8,20.2,,,,48,66.9,8.8,36,59,Mild,Diabetes,low,low,low,low,low,unclear,low,unclear,no,yes,Placebo-controlled
NMA008,NRCT0234,Phillips,2019,Blood,28519530,Canada,Treatment C,Treatment E,537,593,binary,283,265,,,,,,,,48,48.9,14.0,47,78,Mild,HTN,low,low,low,low,low,low,low,low,no,yes,Placebo-controlled
NMA009,NRCT0235,Miller,2020,J Clin Oncol,22830312,Italy,Treatment E,Treatment A,514,382,survival,,,,,,,1.03,0.9,1.19,24,59.8,13.2,56,73,Mild,HTN,low,low,low,low,low,low,low,low,yes,yes,Head-to-head
NMA009,NRCT0236,Bailey,2023,Lancet Oncol,34382440,Denmark,Treatment D,Treatment E,265,617,binary,89,345,,,,,,,,24,58.7,8.6,53,56,Moderate-severe,CVD,low,low,low,low,low,low,low,low,no,yes,Placebo-controlled
NMA009,NRCT0237,Harris,2011,Blood,33135558,Brazil,Treatment B,Treatment B,767,355,continuous,,,53.6,13.6,71.9,19.0,,,,12,50.2,13.5,33,59,Moderate,HTN,low,low,low,low,low,low,low,low,no,yes,Placebo-controlled
NMA009,NRCT0238,Smith,2016,Lancet Respir Med,29250151,Brazil,Treatment A,Treatment A,695,759,binary,245,221,,,,,,,,48,49.0,11.3,68,63,Severe,HTN,low,low,low,low,low,low,low,low,no,yes,Placebo-controlled
NMA009,NRCT0239,Thomas,2012,Ann Rheum Dis,25278162,France,Treatment B,Treatment D,670,280,continuous,,,61.7,21.4,54.3,22.5,,,,48,48.4,10.4,42,78,Severe,None,low,low,low,low,low,low,low,low,yes,yes,Placebo-controlled
NMA009,NRCT0240,Nelson,2010,Lancet Psychiatry,26042775,Germany,Treatment D,Treatment C,462,423,continuous,,,77.3,16.3,77.6,24.7,,,,48,59.3,12.5,40,82,Moderate,HTN,low,low,low,low,low,low,low,low,no,no,Head-to-head
NMA009,NRCT0241,Jones,2014,JACC,27816150,Canada,Treatment E,Treatment D,307,585,binary,67,108,,,,,,,,48,55.4,8.1,57,69,Mild,Diabetes,low,low,low,low,low,low,low,low,yes,yes,Head-to-head
NMA009,NRCT0242,King,2022,Ann Rheum Dis,22261851,Spain,Treatment D,Treatment E,568,640,continuous,,,45.9,19.8,53.6,22.0,,,,24,49.0,12.0,36,54,Mild,HTN,low,low,low,low,low,low,low,low,no,no,Placebo-controlled
NMA009,NRCT0243,Martin,2020,Lancet Oncol,28626294,Sweden,Treatment C,Treatment B,479,783,continuous,,,60.9,12.3,63.6,18.0,,,,48,52.8,12.8,68,58,Mild,Multiple,low,low,low,low,low,low,low,low,yes,no,Head-to-head
NMA009,NRCT0244,Cook,2014,Lancet,33166327,Japan,Treatment A,Treatment C,392,711,continuous,,,56.4,20.0,66.8,24.2,,,,24,51.8,12.1,35,79,Moderate,None,low,low,low,low,low,low,low,low,no,yes,Placebo-controlled
NMA009,NRCT0245,Evans,2012,JAMA Dermatol,36000703,India,Treatment D,Treatment A,696,555,continuous,,,67.0,18.8,59.4,24.6,,,,24,64.3,12.5,62,88,Moderate,Multiple,low,low,low,low,low,low,low,low,no,yes,Placebo-controlled
NMA009,NRCT0246,Moore,2016,J Clin Oncol,28396586,Japan,Treatment E,Treatment C,627,629,binary,311,291,,,,,,,,12,56.1,12.7,62,78,Severe,CVD,low,unclear,low,low,low,low,low,unclear,yes,yes,Placebo-controlled
NMA009,NRCT0247,Cooper,2020,J Clin Oncol,26161204,Spain,Treatment E,Treatment B,522,600,survival,,,,,,,0.6,0.48,0.7,48,67.2,10.1,35,68,Moderate,Multiple,low,low,low,low,low,low,low,low,no,yes,Head-to-head
NMA009,NRCT0248,Davis,2014,Neurology,22005148,India,Treatment E,Treatment D,302,444,continuous,,,77.8,19.7,70.6,23.6,,,,24,47.1,8.1,63,66,Moderate-severe,CVD,low,low,low,low,low,low,low,low,yes,yes,Head-to-head
NMA009,NRCT0249,Nelson,2020,NEJM,21733412,Spain,Treatment A,Treatment C,321,342,survival,,,,,,,0.98,0.79,1.15,12,50.0,9.8,68,77,Moderate,CVD,low,low,low,low,low,low,low,low,yes,yes,Head-to-head
NMA009,NRCT0250,Evans,2020,Lancet Oncol,31919320,Taiwan,Treatment B,Treatment C,439,753,binary,186,404,,,,,,,,12,43.1,10.7,56,86,Mild,HTN,low,low,low,low,low,low,low,low,no,no,Placebo-controlled
NMA009,NRCT0251,Hall,2018,NEJM,27570702,Germany,Treatment E,Treatment E,594,437,survival,,,,,,,0.82,0.72,0.94,36,56.5,12.9,38,83,Moderate,CVD,high,low,low,low,low,low,unclear,high,no,yes,Head-to-head
NMA009,NRCT0252,Taylor,2021,J Clin Oncol,22078787,China,Treatment A,Treatment A,470,203,survival,,,,,,,0.72,0.6,0.83,12,50.7,11.7,38,54,Moderate-severe,Diabetes,low,low,low,low,low,low,low,low,yes,yes,Placebo-controlled
NMA009,NRCT0253,Nguyen,2012,Circulation,24597224,UK,Treatment E,Treatment E,527,578,survival,,,,,,,0.86,0.75,0.94,12,42.9,9.5,63,69,Severe,HTN,low,low,low,low,low,low,low,low,yes,yes,Placebo-controlled
NMA009,NRCT0254,Baker,2022,JAMA,36425947,Mexico,Treatment B,Treatment E,325,351,binary,155,166,,,,,,,,12,53.1,10.0,67,87,Moderate-severe,CVD,low,low,low,low,low,low,low,low,yes,no,Placebo-controlled
NMA009,NRCT0255,Martin,2021,Blood,24630281,Denmark,Treatment B,Treatment C,354,479,binary,112,265,,,,,,,,12,43.5,13.9,54,70,Moderate-severe,None,low,low,low,low,low,low,low,low,no,yes,Placebo-controlled
NMA009,NRCT0256,Jones,2011,Circulation,28410848,Netherlands,Treatment C,Treatment E,543,335,binary,230,80,,,,,,,,48,65.7,13.6,57,75,Moderate,None,low,low,low,low,low,low,low,low,no,yes,Placebo-controlled
NMA009,NRCT0257,Green,2015,Lancet Respir Med,32093267,Canada,Treatment B,Treatment C,457,526,continuous,,,69.7,16.0,77.6,12.1,,,,36,43.9,12.9,34,53,Severe,Multiple,low,low,low,low,low,low,low,low,yes,yes,Placebo-controlled
NMA009,NRCT0258,Morris,2021,JAMA,27249609,Australia,Treatment D,Treatment C,475,434,survival,,,,,,,0.73,0.63,0.79,24,43.7,12.1,51,77,Mild,CVD,low,low,low,low,low,low,low,low,yes,yes,Placebo-controlled
NMA009,NRCT0259,White,2017,J Clin Oncol,34140669,Germany,Treatment D,Treatment E,533,545,binary,314,162,,,,,,,,36,46.8,9.3,67,60,Moderate-severe,None,high,low,low,low,low,low,low,high,no,yes,Head-to-head
NMA009,NRCT0260,Garcia,2014,Lancet Psychiatry,33179639,India,Treatment A,Treatment D,612,590,binary,287,315,,,,,,,,12,47.9,12.5,40,62,Mild,None,low,low,low,low,low,high,low,high,no,no,Placebo-controlled
NMA009,NRCT0261,Parker,2022,Circulation,25887981,France,Treatment D,Treatment A,244,442,binary,51,73,,,,,,,,48,47.1,13.8,54,68,Severe,Multiple,low,low,low,low,low,low,low,low,yes,yes,Placebo-controlled
NMA009,NRCT0262,Mitchell,2013,BMJ,23847255,Italy,Treatment D,Treatment B,206,217,continuous,,,76.2,12.5,45.6,20.7,,,,36,64.8,13.0,41,61,Moderate,None,low,low,unclear,high,low,low,low,high,yes,yes,Placebo-controlled
NMA009,NRCT0263,Hill,2017,Ann Rheum Dis,29103566,Japan,Treatment D,Treatment D,338,781,survival,,,,,,,1.05,0.9,1.25,24,53.1,11.4,45,52,Moderate-severe,Multiple,low,low,low,low,unclear,low,low,unclear,no,no,Head-to-head
NMA009,NRCT0264,Reed,2018,BMJ,21299259,Belgium,Treatment C,Treatment D,746,354,survival,,,,,,,0.62,0.53,0.72,48,50.7,10.7,60,87,Severe,None,low,low,low,low,low,low,low,low,no,yes,Head-to-head
NMA009,NRCT0265,Green,2010,BMJ,34993256,Denmark,Treatment D,Treatment C,526,406,binary,119,124,,,,,,,,24,62.7,8.2,49,86,Severe,HTN,low,low,low,low,low,low,low,low,yes,yes,Head-to-head
NMA009,NRCT0266,Edwards,2010,J Clin Oncol,27237686,Germany,Treatment C,Treatment C,421,630,continuous,,,45.2,13.2,70.6,20.6,,,,12,55.6,11.1,45,78,Moderate,None,low,low,low,low,low,low,low,low,yes,yes,Head-to-head
NMA009,NRCT0267,Hill,2021,Lancet Psychiatry,31758214,Singapore,Treatment A,Treatment C,453,695,binary,217,336,,,,,,,,24,55.1,10.9,49,75,Severe,Diabetes,high,low,low,low,low,low,low,high,no,no,Placebo-controlled
NMA010,NRCT0268,Thomas,2019,J Clin Oncol,32247985,Taiwan,Treatment B,Treatment D,320,356,survival,,,,,,,0.99,0.82,1.08,36,67.9,8.9,48,78,Mild,HTN,low,low,unclear,low,low,low,low,unclear,no,no,Placebo-controlled
NMA010,NRCT0269,Mitchell,2021,Blood,30637758,Singapore,Treatment D,Treatment A,367,436,survival,,,,,,,0.75,0.66,0.83,24,64.4,9.6,46,69,Moderate,None,low,low,low,low,low,low,low,low,yes,yes,Placebo-controlled
NMA010,NRCT0270,Edwards,2013,Ann Rheum Dis,24028059,Singapore,Treatment D,Treatment C,519,222,continuous,,,73.4,19.4,72.6,22.9,,,,36,65.7,12.7,62,74,Moderate,CVD,low,low,low,low,low,low,low,low,yes,yes,Head-to-head
NMA010,NRCT0271,Campbell,2012,Blood,26144449,Denmark,Treatment B,Treatment C,308,272,survival,,,,,,,0.94,0.84,1.07,48,43.0,9.9,63,83,Mild,None,low,low,low,low,low,low,low,low,yes,yes,Head-to-head
NMA010,NRCT0272,Harris,2011,Gut,35184644,Germany,Treatment A,Treatment C,397,525,continuous,,,61.0,12.0,71.4,22.6,,,,24,43.8,8.2,57,71,Moderate-severe,Multiple,low,low,low,low,low,low,low,low,no,yes,Placebo-controlled
NMA010,NRCT0273,Collins,2019,Circulation,35098742,UK,Treatment A,Treatment D,532,777,binary,108,357,,,,,,,,24,51.9,9.3,49,58,Moderate-severe,HTN,low,low,low,low,low,low,low,low,yes,yes,Placebo-controlled
NMA010,NRCT0274,Nguyen,2022,Lancet Oncol,31685299,Spain,Treatment A,Treatment E,457,536,continuous,,,65.8,12.2,48.3,17.7,,,,36,63.4,8.1,55,52,Mild,Diabetes,low,low,low,low,low,low,low,low,yes,no,Head-to-head
NMA010,NRCT0275,Cook,2014,Ann Rheum Dis,25092092,Denmark,Treatment A,Treatment A,299,552,binary,121,212,,,,,,,,36,51.7,11.2,68,75,Mild,Diabetes,low,low,low,low,low,low,low,low,no,yes,Placebo-controlled
NMA010,NRCT0276,Martin,2014,Gut,28424827,Mexico,Treatment C,Treatment E,566,209,binary,325,69,,,,,,,,12,59.7,11.2,63,61,Severe,Multiple,low,low,low,low,low,low,low,low,yes,yes,Head-to-head
NMA010,NRCT0277,Cook,2014,JAMA,25926093,Netherlands,Treatment C,Treatment B,361,238,survival,,,,,,,1.04,0.84,1.14,24,48.1,11.5,33,88,Mild,CVD,low,low,low,low,low,low,low,low,yes,yes,Placebo-controlled
NMA010,NRCT0278,Campbell,2023,Ann Rheum Dis,24991221,Taiwan,Treatment D,Treatment C,370,598,binary,167,298,,,,,,,,12,61.9,8.0,65,65,Severe,Diabetes,low,low,low,low,low,low,low,low,no,yes,Head-to-head
NMA010,NRCT0279,Lewis,2019,Lancet Psychiatry,24092694,Sweden,Treatment D,Treatment C,243,449,continuous,,,71.4,18.5,50.9,18.2,,,,12,49.4,9.0,67,75,Mild,HTN,low,low,low,low,low,low,low,low,no,yes,Placebo-controlled
NMA010,NRCT0280,Reed,2015,BMJ,26178028,USA,Treatment B,Treatment C,663,322,continuous,,,73.3,15.1,60.9,21.5,,,,36,46.7,11.9,35,77,Mild,Multiple,low,low,low,low,low,low,low,low,no,yes,Placebo-controlled
NMA010,NRCT0281,Taylor,2010,BMJ,28897069,UK,Treatment A,Treatment C,578,240,survival,,,,,,,0.73,0.61,0.8,12,42.5,9.9,36,54,Mild,None,low,low,low,low,low,low,low,low,no,yes,Placebo-controlled
NMA010,NRCT0282,Edwards,2021,BMJ,35261590,Netherlands,Treatment D,Treatment B,766,333,binary,350,182,,,,,,,,48,63.3,8.8,43,66,Mild,None,low,low,low,low,low,low,low,low,no,no,Head-to-head
NMA010,NRCT0283,Phillips,2014,Lancet Respir Med,21008053,Spain,Treatment A,Treatment B,794,664,continuous,,,71.2,17.3,56.4,14.2,,,,48,67.0,11.3,63,52,Moderate,Diabetes,low,low,low,unclear,low,low,low,unclear,no,yes,Head-to-head
NMA010,NRCT0284,Young,2019,Lancet,22123158,India,Treatment C,Treatment C,316,580,survival,,,,,,,0.99,0.88,1.18,24,46.6,12.4,59,58,Moderate,HTN,low,low,low,low,low,low,low,low,yes,no,Head-to-head
NMA010,NRCT0285,Young,2011,Gut,34644109,Taiwan,Treatment E,Treatment E,277,353,binary,94,187,,,,,,,,12,44.9,10.5,34,62,Moderate-severe,Diabetes,low,low,low,low,low,low,low,low,no,yes,Placebo-controlled
NMA010,NRCT0286,Jones,2019,Neurology,23468155,Denmark,Treatment C,Treatment C,588,341,binary,270,64,,,,,,,,24,48.6,10.2,60,76,Severe,CVD,low,low,low,low,low,low,low,low,yes,yes,Placebo-controlled
NMA010,NRCT0287,Garcia,2012,J Clin Oncol,34984092,France,Treatment A,Treatment E,243,721,binary,128,248,,,,,,,,48,53.5,8.6,39,74,Severe,None,low,low,low,low,low,low,low,low,no,yes,Placebo-controlled
NMA010,NRCT0288,Carter,2015,JAMA Dermatol,31953363,France,Treatment B,Treatment C,478,201,binary,157,41,,,,,,,,12,64.6,10.0,39,71,Severe,None,low,low,low,low,low,low,low,low,yes,yes,Head-to-head
NMA010,NRCT0289,Jackson,2015,Lancet Psychiatry,32221714,Canada,Treatment D,Treatment A,695,470,binary,122,229,,,,,,,,36,67.3,13.3,43,57,Severe,None,low,low,low,low,low,low,low,low,no,yes,Placebo-controlled
NMA010,NRCT0290,Rodriguez,2019,Lancet Psychiatry,22114797,USA,Treatment A,Treatment D,519,583,continuous,,,50.7,20.3,56.4,16.7,,,,48,50.9,9.8,42,71,Mild,None,low,low,low,low,low,low,low,low,no,yes,Head-to-head
NMA010,NRCT0291,Peterson,2014,NEJM,31855620,Japan,Treatment D,Treatment B,236,629,survival,,,,,,,0.61,0.51,0.69,12,67.5,13.4,41,71,Severe,Diabetes,low,low,low,low,low,high,low,high,no,yes,Head-to-head
NMA010,NRCT0292,Lee,2012,Lancet,32579547,Mexico,Treatment C,Treatment C,506,621,binary,275,317,,,,,,,,24,55.8,10.7,49,84,Severe,None,low,low,low,low,low,low,unclear,unclear,yes,yes,Head-to-head
NMA010,NRCT0293,Martinez,2011,J Clin Oncol,22543155,South Korea,Treatment D,Treatment E,389,307,survival,,,,,,,0.96,0.81,1.08,24,55.5,8.2,68,63,Severe,HTN,low,low,low,low,low,low,low,low,yes,yes,Head-to-head
NMA011,NRCT0294,Green,2022,JACC,30622823,Singapore,Treatment A,Treatment E,668,646,survival,,,,,,,0.89,0.75,0.98,48,42.9,12.8,46,84,Moderate-severe,Diabetes,low,low,low,low,low,low,low,low,no,yes,Placebo-controlled
NMA011,NRCT0295,Walker,2020,Circulation,24064302,Denmark,Treatment B,Treatment C,258,573,continuous,,,68.2,14.3,63.6,14.5,,,,12,51.1,11.7,56,84,Moderate-severe,Multiple,low,low,low,low,low,low,low,low,yes,yes,Placebo-controlled
NMA011,NRCT0296,Evans,2023,Lancet Respir Med,25891452,USA,Treatment E,Treatment E,733,264,survival,,,,,,,0.89,0.81,1.04,12,64.8,10.9,57,66,Mild,Multiple,low,low,low,low,low,low,low,low,no,no,Placebo-controlled
NMA011,NRCT0297,Nelson,2020,JAMA Dermatol,36254970,France,Treatment E,Treatment D,202,756,binary,112,319,,,,,,,,36,44.1,13.6,36,74,Severe,None,low,low,low,low,low,low,high,high,no,yes,Head-to-head
NMA011,NRCT0298,Wright,2019,Lancet Oncol,29510331,Canada,Treatment B,Treatment B,610,665,binary,342,118,,,,,,,,36,44.6,12.5,60,73,Mild,HTN,low,low,low,low,low,low,low,low,yes,yes,Placebo-controlled
NMA011,NRCT0299,Harris,2012,Lancet Neurol,26007065,India,Treatment B,Treatment B,663,742,binary,314,400,,,,,,,,24,52.1,9.4,66,71,Moderate,None,low,low,low,low,low,low,low,low,no,yes,Head-to-head
NMA011,NRCT0300,Bailey,2014,Gut,24667440,Brazil,Treatment A,Treatment A,749,344,binary,315,90,,,,,,,,48,57.1,11.0,43,78,Severe,None,low,low,unclear,low,low,low,low,unclear,yes,yes,Placebo-controlled
NMA011,NRCT0301,Reed,2020,Circulation,28558308,Mexico,Treatment B,Treatment E,373,664,survival,,,,,,,0.8,0.69,0.92,24,52.4,13.9,61,87,Moderate-severe,Diabetes,low,low,low,low,low,low,low,low,no,yes,Placebo-controlled
NMA011,NRCT0302,Kelly,2018,JACC,34986993,Sweden,Treatment C,Treatment E,553,416,binary,268,248,,,,,,,,12,66.1,12.9,56,87,Moderate,Diabetes,low,low,low,low,low,low,low,low,no,yes,Placebo-controlled
NMA011,NRCT0303,Harris,2012,Lancet Respir Med,28389410,Japan,Treatment C,Treatment D,709,774,binary,240,350,,,,,,,,12,64.8,11.0,55,86,Severe,CVD,low,low,low,low,low,low,low,low,no,yes,Placebo-controlled
NMA011,NRCT0304,Kelly,2012,Lancet,25613330,Denmark,Treatment E,Treatment B,266,227,continuous,,,58.8,16.8,67.9,15.3,,,,12,66.4,13.6,35,63,Moderate-severe,CVD,low,low,low,low,low,low,low,low,yes,yes,Head-to-head
NMA011,NRCT0305,Turner,2013,Lancet Neurol,21304208,Germany,Treatment C,Treatment E,583,798,survival,,,,,,,0.76,0.7,0.9,36,42.6,10.4,59,79,Moderate,Multiple,low,low,low,low,low,low,low,low,yes,no,Placebo-controlled
NMA011,NRCT0306,Edwards,2017,Lancet Respir Med,34665766,Australia,Treatment A,Treatment E,640,537,continuous,,,62.6,16.7,68.0,14.4,,,,12,50.1,9.3,37,83,Mild,HTN,low,low,low,low,low,low,low,low,no,yes,Placebo-controlled
NMA011,NRCT0307,Jackson,2022,JAMA,33064928,Netherlands,Treatment A,Treatment D,620,723,continuous,,,75.6,23.2,72.8,16.3,,,,12,52.4,13.8,33,54,Mild,HTN,low,low,low,low,low,low,low,low,no,yes,Head-to-head
NMA011,NRCT0308,Nelson,2010,JACC,25463289,China,Treatment B,Treatment D,288,321,survival,,,,,,,0.93,0.81,1.01,24,66.2,10.7,42,62,Mild,HTN,low,low,low,low,low,low,low,low,no,yes,Placebo-controlled
NMA011,NRCT0309,Thomas,2016,Blood,30675011,Australia,Treatment A,Treatment C,458,719,binary,247,417,,,,,,,,36,59.7,9.8,43,70,Moderate,CVD,low,low,low,low,low,low,low,low,no,yes,Head-to-head
NMA011,NRCT0310,Wilson,2021,BMJ,29253022,Brazil,Treatment E,Treatment B,248,786,binary,83,207,,,,,,,,24,62.0,13.0,52,58,Moderate-severe,Multiple,low,low,low,low,low,low,low,low,no,yes,Placebo-controlled
NMA011,NRCT0311,Rogers,2017,BMJ,33685304,Denmark,Treatment A,Treatment C,649,347,continuous,,,54.5,24.7,57.5,17.5,,,,36,64.5,12.9,32,57,Mild,Diabetes,low,low,low,low,low,low,low,low,no,yes,Placebo-controlled
NMA011,NRCT0312,Rogers,2021,Lancet Oncol,27863284,China,Treatment D,Treatment D,275,240,survival,,,,,,,0.86,0.76,0.97,48,67.2,10.2,33,85,Moderate-severe,CVD,low,low,low,low,low,low,low,low,no,yes,Placebo-controlled
NMA011,NRCT0313,Phillips,2017,Lancet Neurol,28110309,Taiwan,Treatment E,Treatment A,687,731,binary,233,226,,,,,,,,48,66.0,9.7,58,71,Moderate,Multiple,low,low,low,low,low,low,low,low,yes,yes,Placebo-controlled
NMA011,NRCT0314,Carter,2011,Lancet Psychiatry,27661622,Singapore,Treatment A,Treatment A,761,473,binary,159,221,,,,,,,,36,45.5,13.2,51,56,Moderate-severe,None,low,low,low,low,low,low,low,low,no,yes,Head-to-head
NMA011,NRCT0315,Miller,2010,Lancet,25814167,Denmark,Treatment A,Treatment C,793,269,survival,,,,,,,0.9,0.79,1.03,48,56.1,8.3,61,84,Severe,Multiple,low,low,low,low,low,low,low,low,no,yes,Placebo-controlled
NMA011,NRCT0316,Baker,2016,Lancet Neurol,23299999,Denmark,Treatment D,Treatment C,302,425,survival,,,,,,,0.64,0.55,0.77,36,60.7,11.6,65,64,Mild,Diabetes,low,low,low,low,low,low,unclear,unclear,yes,yes,Placebo-controlled
NMA011,NRCT0317,Thompson,2014,JAMA Dermatol,34774278,South Korea,Treatment B,Treatment C,261,340,binary,103,123,,,,,,,,36,56.7,11.6,37,88,Moderate-severe,Multiple,low,low,low,low,low,low,low,low,no,yes,Placebo-controlled
NMA011,NRCT0318,Davis,2023,JACC,35331069,China,Treatment A,Treatment D,240,451,binary,117,239,,,,,,,,24,63.0,12.0,32,82,Mild,CVD,low,low,low,low,low,low,low,low,no,yes,Head-to-head
NMA011,NRCT0319,Mitchell,2021,Lancet Oncol,32866449,Mexico,Treatment B,Treatment D,268,251,binary,152,67,,,,,,,,48,58.9,10.0,53,64,Moderate,Multiple,low,high,unclear,low,low,low,low,high,yes,yes,Head-to-head
NMA011,NRCT0320,Hall,2021,Lancet Oncol,29980571,USA,Treatment E,Treatment A,678,219,binary,339,91,,,,,,,,24,66.8,10.1,64,56,Moderate-severe,HTN,low,low,low,low,low,low,low,low,no,yes,Placebo-controlled
NMA011,NRCT0321,Clark,2017,NEJM,23118893,Singapore,Treatment B,Treatment B,238,298,survival,,,,,,,1.02,0.85,1.14,36,42.3,8.0,50,77,Moderate,None,low,low,low,low,low,low,low,low,yes,yes,Placebo-controlled
NMA011,NRCT0322,Taylor,2015,Lancet Oncol,33149426,Italy,Treatment A,Treatment D,321,505,continuous,,,58.0,12.1,62.8,18.1,,,,48,58.9,9.4,52,57,Severe,CVD,low,low,low,low,low,low,low,low,no,yes,Placebo-controlled
NMA011,NRCT0323,Wilson,2017,Lancet Oncol,35393233,Canada,Treatment D,Treatment B,282,534,survival,,,,,,,0.85,0.72,0.93,36,59.9,10.6,38,54,Moderate-severe,HTN,low,low,low,low,low,low,low,low,no,yes,Placebo-controlled
NMA011,NRCT0324,Moore,2021,J Clin Oncol,35730542,Belgium,Treatment C,Treatment C,547,307,survival,,,,,,,0.87,0.75,0.95,36,50.5,8.3,36,76,Mild,HTN,low,low,low,low,low,low,low,low,no,no,Placebo-controlled
NMA011,NRCT0325,Baker,2014,Lancet,34190383,Brazil,Treatment E,Treatment A,600,600,survival,,,,,,,0.67,0.58,0.76,12,57.6,12.9,53,78,Moderate-severe,Diabetes,low,low,low,low,low,low,low,low,no,yes,Placebo-controlled
NMA011,NRCT0326,Evans,2022,Gut,32638622,USA,Treatment A,Treatment C,586,730,binary,88,309,,,,,,,,36,66.3,9.6,37,80,Severe,Multiple,low,low,low,low,low,unclear,low,unclear,no,yes,Placebo-controlled
NMA012,NRCT0327,Carter,2014,Lancet Neurol,35542228,India,Treatment C,Treatment A,468,312,survival,,,,,,,1.01,0.81,1.15,12,49.4,9.5,61,55,Severe,HTN,low,low,low,low,low,low,low,low,no,yes,Head-to-head
NMA012,NRCT0328,Cook,2010,JAMA Dermatol,24379211,USA,Treatment E,Treatment A,714,678,continuous,,,70.0,17.7,66.4,20.9,,,,24,50.7,9.6,47,68,Moderate,HTN,low,low,low,low,low,unclear,low,unclear,no,yes,Head-to-head
NMA012,NRCT0329,Allen,2018,Gut,35326467,Spain,Treatment C,Treatment B,286,673,binary,166,303,,,,,,,,24,64.4,9.4,58,78,Moderate-severe,None,low,low,low,low,low,low,low,low,no,yes,Placebo-controlled
NMA012,NRCT0330,Morgan,2019,Lancet Respir Med,33704599,UK,Treatment C,Treatment E,706,651,survival,,,,,,,0.93,0.76,1.11,24,66.1,11.4,34,85,Moderate,CVD,low,low,low,low,low,low,low,low,yes,yes,Placebo-controlled
NMA012,NRCT0331,Wilson,2010,Gut,32962354,Canada,Treatment A,Treatment B,256,216,continuous,,,74.4,13.0,67.7,18.8,,,,36,44.7,9.1,60,86,Mild,HTN,low,low,low,low,low,low,low,low,no,yes,Placebo-controlled
NMA012,NRCT0332,Peterson,2015,J Clin Oncol,27240898,Taiwan,Treatment B,Treatment E,670,503,survival,,,,,,,1.02,0.84,1.13,12,65.6,10.2,32,53,Severe,HTN,low,low,low,low,low,low,low,low,yes,yes,Placebo-controlled
NMA012,NRCT0333,Campbell,2011,Lancet Respir Med,30136114,Taiwan,Treatment B,Treatment C,415,277,binary,198,127,,,,,,,,36,50.4,10.7,38,62,Moderate,Diabetes,low,low,low,low,low,low,low,low,yes,yes,Placebo-controlled
NMA012,NRCT0334,Clark,2020,NEJM,29388400,Brazil,Treatment B,Treatment A,578,204,continuous,,,77.3,13.3,48.7,23.6,,,,12,45.7,13.6,62,59,Moderate,Multiple,low,low,low,high,low,low,low,high,yes,yes,Placebo-controlled
NMA012,NRCT0335,Lee,2014,Gut,23310259,France,Treatment B,Treatment A,792,494,binary,239,205,,,,,,,,24,64.2,13.6,51,74,Severe,None,low,low,low,low,low,low,low,low,yes,yes,Placebo-controlled
NMA012,NRCT0336,Mitchell,2016,Lancet Neurol,30893501,France,Treatment D,Treatment D,624,722,binary,227,387,,,,,,,,24,50.6,8.1,66,68,Moderate-severe,Diabetes,low,low,low,low,low,low,low,low,yes,yes,Placebo-controlled
NMA012,NRCT0337,Campbell,2017,Ann Rheum Dis,24036449,India,Treatment A,Treatment B,229,658,binary,103,198,,,,,,,,24,46.0,9.5,63,59,Moderate-severe,CVD,low,low,low,low,low,low,unclear,unclear,yes,no,Placebo-controlled
NMA012,NRCT0338,Baker,2013,BMJ,36340615,Sweden,Treatment A,Treatment C,221,454,binary,40,84,,,,,,,,36,58.9,11.9,48,63,Moderate,CVD,low,low,low,low,low,low,low,low,no,yes,Placebo-controlled
NMA012,NRCT0339,King,2022,Ann Rheum Dis,23689511,Spain,Treatment B,Treatment C,684,587,continuous,,,59.3,23.1,70.0,20.9,,,,24,67.3,12.1,47,81,Moderate,Multiple,low,low,low,low,low,low,low,low,no,yes,Placebo-controlled
NMA012,NRCT0340,Edwards,2016,Lancet Neurol,32468645,USA,Treatment A,Treatment E,487,601,binary,181,309,,,,,,,,36,61.6,12.2,51,56,Severe,CVD,low,low,low,low,low,low,low,low,no,no,Placebo-controlled
NMA012,NRCT0341,Phillips,2015,Lancet Respir Med,25974335,Belgium,Treatment B,Treatment E,284,317,survival,,,,,,,0.81,0.71,0.92,12,48.8,12.4,66,76,Mild,HTN,low,low,low,high,low,low,low,high,yes,yes,Placebo-controlled
NMA012,NRCT0342,Johnson,2014,Lancet,22192925,Spain,Treatment A,Treatment C,509,536,binary,260,180,,,,,,,,48,67.1,9.4,35,71,Moderate,Multiple,low,low,low,low,low,low,low,low,yes,yes,Placebo-controlled
NMA012,NRCT0343,Evans,2013,JAMA Dermatol,27735752,Mexico,Treatment D,Treatment B,438,553,binary,182,120,,,,,,,,12,66.0,11.0,68,56,Moderate-severe,Diabetes,low,low,low,low,low,low,low,low,yes,yes,Placebo-controlled
NMA012,NRCT0344,Martin,2019,Circulation,22878200,Sweden,Treatment C,Treatment E,533,540,binary,212,190,,,,,,,,48,54.4,11.7,59,73,Moderate-severe,None,low,low,low,low,low,low,low,low,yes,no,Head-to-head
NMA012,NRCT0345,Edwards,2011,J Clin Oncol,34242219,Brazil,Treatment A,Treatment C,591,383,survival,,,,,,,0.69,0.6,0.79,12,57.9,8.7,53,82,Severe,Diabetes,low,low,low,low,low,low,low,low,no,yes,Placebo-controlled
NMA012,NRCT0346,Nguyen,2015,JACC,25342909,China,Treatment E,Treatment A,254,717,survival,,,,,,,0.95,0.83,1.08,12,56.1,12.4,50,65,Moderate,None,low,low,unclear,low,low,low,low,unclear,yes,yes,Placebo-controlled
NMA012,NRCT0347,Baker,2022,Ann Rheum Dis,36004709,Denmark,Treatment C,Treatment D,757,234,binary,150,41,,,,,,,,12,44.1,13.5,59,59,Severe,HTN,low,low,low,low,low,low,low,low,yes,yes,Placebo-controlled
NMA012,NRCT0348,Torres,2018,Neurology,23664184,Denmark,Treatment C,Treatment A,242,282,binary,86,81,,,,,,,,24,50.5,9.3,48,71,Mild,Multiple,low,low,low,low,low,low,low,low,no,no,Placebo-controlled
NMA012,NRCT0349,Taylor,2023,NEJM,29443083,Australia,Treatment E,Treatment E,342,439,binary,139,121,,,,,,,,36,53.4,12.4,60,55,Moderate-severe,Diabetes,low,low,low,low,low,low,low,low,no,yes,Placebo-controlled
NMA012,NRCT0350,Martin,2010,Blood,28598779,Australia,Treatment A,Treatment D,755,231,binary,198,86,,,,,,,,48,47.4,12.2,42,71,Moderate,None,low,low,high,low,low,low,low,high,yes,yes,Placebo-controlled
NMA012,NRCT0351,Williams,2020,Lancet Oncol,32129424,USA,Treatment A,Treatment C,360,358,continuous,,,76.1,16.8,46.1,22.5,,,,48,63.7,13.3,54,54,Severe,CVD,low,low,low,low,low,low,low,low,yes,yes,Placebo-controlled
NMA012,NRCT0352,Phillips,2018,Lancet Psychiatry,24775042,Netherlands,Treatment E,Treatment B,612,704,survival,,,,,,,1.05,0.88,1.18,48,48.4,10.7,54,57,Severe,CVD,low,low,low,low,low,low,low,low,yes,yes,Head-to-head
NMA013,NRCT0353,Edwards,2019,Neurology,22595875,Italy,Treatment E,Treatment B,560,499,continuous,,,62.8,12.7,63.2,20.2,,,,12,59.8,9.4,53,67,Moderate-severe,Diabetes,low,low,low,low,low,low,low,low,yes,yes,Head-to-head
NMA013,NRCT0354,Campbell,2022,Lancet Psychiatry,31990382,India,Treatment B,Treatment E,423,432,binary,80,79,,,,,,,,12,49.4,9.0,55,53,Moderate,CVD,low,low,low,low,low,low,low,low,no,no,Placebo-controlled
NMA013,NRCT0355,Morgan,2020,Blood,25622179,Mexico,Treatment C,Treatment D,290,531,binary,109,132,,,,,,,,12,65.1,13.6,49,64,Moderate,Diabetes,low,low,low,high,low,low,low,high,no,no,Placebo-controlled
NMA013,NRCT0356,Rodriguez,2017,Lancet Oncol,36094108,China,Treatment E,Treatment E,643,616,binary,231,230,,,,,,,,36,48.9,9.3,51,86,Moderate-severe,Multiple,low,low,low,low,low,low,low,low,yes,no,Placebo-controlled
NMA013,NRCT0357,Howard,2018,Neurology,25899173,China,Treatment D,Treatment D,257,615,survival,,,,,,,1.0,0.81,1.18,48,60.8,10.0,48,77,Mild,None,low,low,low,low,low,low,low,low,yes,yes,Head-to-head
NMA013,NRCT0358,Jackson,2013,BMJ,35634683,Belgium,Treatment B,Treatment B,509,213,continuous,,,62.6,19.5,63.4,20.8,,,,48,48.4,11.4,56,81,Moderate,CVD,low,low,low,low,low,low,low,low,yes,yes,Placebo-controlled
NMA013,NRCT0359,Thompson,2013,Neurology,28255984,China,Treatment C,Treatment B,800,330,binary,297,155,,,,,,,,12,65.7,8.5,59,81,Moderate-severe,HTN,low,low,low,low,low,low,low,low,yes,no,Placebo-controlled
NMA013,NRCT0360,Green,2014,Gut,23599041,France,Treatment B,Treatment B,293,697,survival,,,,,,,0.97,0.82,1.11,12,57.7,13.1,55,63,Moderate,CVD,low,low,low,low,low,low,low,low,no,yes,Head-to-head
NMA013,NRCT0361,Smith,2016,Lancet Neurol,21293756,Spain,Treatment E,Treatment D,532,420,binary,128,200,,,,,,,,48,51.7,8.5,34,59,Severe,None,low,low,low,low,low,low,low,low,yes,yes,Placebo-controlled
NMA013,NRCT0362,Lewis,2014,Gut,27780263,Italy,Treatment A,Treatment E,248,785,binary,87,210,,,,,,,,12,59.7,12.2,60,65,Mild,CVD,low,low,low,low,low,low,low,low,yes,yes,Head-to-head
NMA013,NRCT0363,Young,2021,JACC,25924231,Singapore,Treatment B,Treatment E,391,315,survival,,,,,,,0.9,0.77,1.05,48,56.2,8.4,65,57,Moderate,HTN,low,low,low,low,low,unclear,low,unclear,no,no,Placebo-controlled
NMA013,NRCT0364,Young,2022,NEJM,22137246,Brazil,Treatment C,Treatment B,487,752,binary,242,276,,,,,,,,48,66.0,10.4,61,82,Severe,HTN,low,low,low,low,low,low,low,low,no,no,Head-to-head
NMA013,NRCT0365,Green,2014,Lancet Oncol,36119475,South Korea,Treatment D,Treatment A,723,265,binary,226,148,,,,,,,,12,46.2,13.7,36,87,Moderate,CVD,low,low,low,low,low,unclear,low,unclear,no,yes,Placebo-controlled
NMA013,NRCT0366,Brown,2020,Lancet Neurol,28626734,France,Treatment B,Treatment C,312,785,binary,124,394,,,,,,,,36,54.0,12.4,35,70,Moderate,HTN,low,low,low,low,low,low,low,low,no,yes,Head-to-head
NMA013,NRCT0367,Hill,2020,NEJM,22110430,Canada,Treatment B,Treatment E,752,320,binary,305,113,,,,,,,,48,52.0,8.3,68,66,Mild,Diabetes,low,low,low,low,low,low,low,low,no,yes,Placebo-controlled
NMA013,NRCT0368,Jackson,2021,NEJM,28269930,Mexico,Treatment B,Treatment D,710,632,binary,313,248,,,,,,,,36,47.0,10.2,47,78,Mild,Diabetes,low,low,low,low,low,low,unclear,unclear,yes,yes,Placebo-controlled
NMA013,NRCT0369,Murphy,2017,Lancet Psychiatry,35425073,Brazil,Treatment C,Treatment B,312,670,binary,71,268,,,,,,,,36,61.0,13.5,57,59,Mild,Diabetes,low,low,low,low,low,low,low,low,yes,yes,Placebo-controlled
NMA013,NRCT0370,Stewart,2019,JAMA,27524163,India,Treatment E,Treatment B,622,225,binary,139,96,,,,,,,,24,56.1,11.2,58,75,Mild,HTN,low,low,low,low,unclear,low,low,unclear,yes,yes,Placebo-controlled
NMA013,NRCT0371,Peterson,2011,Lancet Oncol,23427711,China,Treatment A,Treatment D,439,657,binary,99,273,,,,,,,,24,60.1,9.6,38,61,Moderate,Diabetes,low,low,low,low,low,low,low,low,no,yes,Placebo-controlled
NMA013,NRCT0372,Martin,2019,J Clin Oncol,33328025,Brazil,Treatment C,Treatment A,408,679,continuous,,,59.8,24.9,69.6,13.3,,,,24,51.5,13.6,61,71,Mild,Diabetes,low,low,low,low,low,low,low,low,yes,yes,Placebo-controlled
NMA013,NRCT0373,Carter,2022,Lancet Psychiatry,25207876,Sweden,Treatment D,Treatment A,766,469,continuous,,,64.5,23.1,55.5,23.1,,,,12,67.9,9.0,35,79,Moderate-severe,HTN,low,low,low,low,low,low,low,low,no,no,Placebo-controlled
NMA013,NRCT0374,Jones,2021,Lancet,25965472,Spain,Treatment B,Treatment C,781,529,continuous,,,57.5,13.6,64.2,21.6,,,,48,43.3,9.3,65,82,Moderate-severe,None,low,low,low,low,low,low,low,low,no,yes,Placebo-controlled
NMA013,NRCT0375,Wilson,2015,Gut,26958420,Belgium,Treatment A,Treatment C,621,348,survival,,,,,,,0.84,0.76,0.95,24,65.9,11.9,35,82,Moderate,CVD,low,low,low,low,low,low,low,low,yes,yes,Placebo-controlled
NMA013,NRCT0376,Parker,2020,JAMA,22008028,Mexico,Treatment E,Treatment C,417,726,binary,150,250,,,,,,,,36,67.5,13.5,48,58,Mild,Diabetes,low,low,low,low,low,low,low,low,yes,yes,Head-to-head
NMA013,NRCT0377,Young,2016,Lancet,34572508,Denmark,Treatment A,Treatment E,257,575,binary,139,159,,,,,,,,48,54.1,13.2,33,62,Mild,HTN,low,low,low,low,low,low,low,low,yes,yes,Placebo-controlled
NMA013,NRCT0378,Bailey,2023,Lancet Respir Med,28616170,Japan,Treatment E,Treatment A,781,221,continuous,,,67.4,20.6,65.5,12.9,,,,24,62.8,8.5,48,71,Mild,CVD,low,low,low,low,low,low,low,low,no,no,Placebo-controlled
NMA013,NRCT0379,Lee,2018,Lancet Psychiatry,32277947,Italy,Treatment C,Treatment A,462,212,binary,175,87,,,,,,,,48,65.0,12.2,47,69,Moderate-severe,CVD,low,low,low,low,low,low,low,low,yes,yes,Placebo-controlled
NMA013,NRCT0380,Cook,2020,J Clin Oncol,30547712,Australia,Treatment E,Treatment C,483,591,binary,117,285,,,,,,,,24,53.0,12.4,60,88,Severe,None,unclear,high,low,low,low,low,low,high,yes,yes,Placebo-controlled
NMA013,NRCT0381,Kelly,2013,Ann Rheum Dis,32742383,Denmark,Treatment E,Treatment B,660,226,survival,,,,,,,0.75,0.64,0.84,24,44.1,9.3,41,73,Severe,CVD,low,low,low,low,low,unclear,low,unclear,no,yes,Placebo-controlled
NMA013,NRCT0382,Cooper,2017,Lancet Psychiatry,23305653,Belgium,Treatment E,Treatment C,269,339,continuous,,,69.3,15.6,54.6,15.3,,,,24,67.7,11.4,63,71,Moderate,Diabetes,low,low,low,low,low,low,low,low,no,yes,Placebo-controlled
NMA013,NRCT0383,Edwards,2017,Ann Rheum Dis,21018447,Canada,Treatment B,Treatment B,716,486,binary,317,160,,,,,,,,48,64.2,9.9,33,52,Mild,None,low,low,low,low,low,low,low,low,yes,yes,Placebo-controlled
NMA014,NRCT0384,Turner,2015,Lancet Neurol,24361088,Canada,Treatment A,Treatment B,515,462,continuous,,,47.2,22.8,50.4,14.9,,,,24,44.4,10.9,67,64,Mild,Diabetes,low,low,low,low,low,low,low,low,no,yes,Placebo-controlled
NMA014,NRCT0385,Lee,2015,Lancet Respir Med,29750708,Sweden,Treatment A,Treatment E,601,256,binary,218,129,,,,,,,,48,44.1,13.8,58,61,Moderate-severe,Diabetes,low,low,low,low,low,low,low,low,yes,no,Placebo-controlled
NMA014,NRCT0386,Carter,2018,JACC,35347036,Denmark,Treatment D,Treatment D,248,596,binary,147,195,,,,,,,,24,52.2,10.3,48,63,Moderate-severe,HTN,low,low,low,low,low,low,unclear,unclear,yes,yes,Placebo-controlled
NMA014,NRCT0387,Robinson,2016,Lancet,23438358,UK,Treatment A,Treatment C,340,287,binary,171,146,,,,,,,,48,59.4,10.4,57,82,Moderate-severe,HTN,low,low,low,low,low,low,low,low,yes,no,Placebo-controlled
NMA014,NRCT0388,White,2017,JACC,35806222,Singapore,Treatment E,Treatment A,276,504,survival,,,,,,,0.92,0.83,1.02,24,46.7,8.3,34,75,Severe,HTN,low,low,low,low,low,low,low,low,no,yes,Head-to-head
NMA014,NRCT0389,Morris,2023,Lancet Oncol,35273584,China,Treatment C,Treatment B,560,721,binary,291,163,,,,,,,,48,64.5,12.8,61,88,Mild,HTN,low,low,low,low,low,low,low,low,no,no,Placebo-controlled
NMA014,NRCT0390,Campbell,2017,JAMA Dermatol,36957477,Brazil,Treatment C,Treatment B,349,375,binary,122,186,,,,,,,,48,67.0,14.0,53,68,Mild,Diabetes,low,low,low,low,low,low,low,low,yes,yes,Placebo-controlled
NMA014,NRCT0391,Murphy,2019,Neurology,22908199,USA,Treatment C,Treatment D,222,786,binary,121,180,,,,,,,,12,50.2,8.2,38,86,Mild,None,unclear,low,low,low,low,low,low,unclear,yes,no,Placebo-controlled
NMA014,NRCT0392,Cook,2015,Gut,26555483,UK,Treatment C,Treatment D,305,504,binary,68,83,,,,,,,,36,61.3,13.5,68,56,Mild,Multiple,low,low,low,low,low,low,low,low,yes,yes,Placebo-controlled
NMA014,NRCT0393,Turner,2022,Circulation,25272183,Sweden,Treatment C,Treatment E,220,604,binary,105,187,,,,,,,,12,64.1,13.8,41,78,Severe,CVD,low,low,low,low,low,low,low,low,yes,yes,Head-to-head
NMA014,NRCT0394,King,2012,JAMA,26198630,Canada,Treatment C,Treatment E,641,212,binary,210,90,,,,,,,,36,63.8,13.6,35,63,Severe,None,low,low,high,low,low,low,low,high,yes,yes,Placebo-controlled
NMA014,NRCT0395,White,2022,Circulation,27730202,Denmark,Treatment A,Treatment C,581,701,binary,154,193,,,,,,,,12,47.8,9.1,68,55,Moderate,Diabetes,low,low,low,low,low,low,low,low,no,yes,Head-to-head
NMA014,NRCT0396,Green,2019,Ann Rheum Dis,27655970,Australia,Treatment B,Treatment E,564,750,continuous,,,63.7,16.0,53.6,18.4,,,,36,58.9,12.6,64,61,Moderate,Multiple,low,unclear,low,low,low,low,low,unclear,yes,yes,Placebo-controlled
NMA014,NRCT0397,King,2012,BMJ,34378993,Australia,Treatment D,Treatment A,677,228,binary,329,132,,,,,,,,24,62.8,10.4,67,55,Mild,CVD,low,low,low,low,low,low,low,low,no,yes,Head-to-head
NMA014,NRCT0398,White,2015,Neurology,24813905,Singapore,Treatment D,Treatment B,266,378,continuous,,,60.4,15.1,65.2,24.2,,,,36,54.9,12.1,67,56,Severe,None,low,low,low,low,low,low,low,low,yes,yes,Head-to-head
NMA014,NRCT0399,Moore,2018,JAMA Dermatol,24282203,France,Treatment E,Treatment E,618,748,binary,255,378,,,,,,,,24,62.5,13.5,61,85,Severe,None,low,low,low,low,low,low,low,low,yes,yes,Head-to-head
NMA014,NRCT0400,Clark,2015,Lancet,35627428,Australia,Treatment D,Treatment D,760,510,binary,325,249,,,,,,,,12,55.7,9.0,41,63,Moderate-severe,HTN,low,low,low,low,low,low,low,low,no,yes,Placebo-controlled
NMA014,NRCT0401,Campbell,2014,Lancet Psychiatry,26759303,South Korea,Treatment B,Treatment D,403,325,survival,,,,,,,0.59,0.49,0.68,48,44.6,9.7,63,58,Moderate,HTN,low,low,low,low,low,low,low,low,no,yes,Placebo-controlled
NMA014,NRCT0402,Wright,2012,Lancet Respir Med,21228190,Belgium,Treatment D,Treatment D,769,335,survival,,,,,,,0.89,0.72,1.0,24,57.9,9.0,61,63,Moderate-severe,Multiple,low,low,low,low,low,low,low,low,yes,yes,Placebo-controlled
NMA014,NRCT0403,Kelly,2018,NEJM,34650838,Germany,Treatment C,Treatment B,324,229,continuous,,,58.7,12.9,76.0,22.6,,,,36,66.6,11.4,48,82,Severe,CVD,low,unclear,low,low,low,low,low,unclear,yes,yes,Placebo-controlled
NMA014,NRCT0404,Roberts,2017,Circulation,36401574,Singapore,Treatment B,Treatment A,442,324,survival,,,,,,,0.79,0.66,0.94,12,51.7,11.1,32,77,Moderate-severe,CVD,low,low,low,low,low,low,unclear,unclear,yes,yes,Placebo-controlled
NMA014,NRCT0405,Morris,2020,Lancet Psychiatry,26544168,Taiwan,Treatment D,Treatment D,250,754,binary,136,367,,,,,,,,36,50.0,13.3,34,80,Moderate,CVD,low,low,low,low,low,low,low,low,no,yes,Placebo-controlled
NMA014,NRCT0406,Morris,2020,BMJ,31318359,France,Treatment C,Treatment E,593,602,continuous,,,69.2,15.5,53.3,20.8,,,,12,52.3,9.4,34,54,Moderate,Multiple,low,low,low,low,low,low,low,low,yes,yes,Placebo-controlled
NMA014,NRCT0407,Robinson,2018,Blood,21797023,Singapore,Treatment B,Treatment E,308,405,survival,,,,,,,0.94,0.81,1.13,12,55.1,11.8,60,65,Mild,None,low,low,low,low,low,unclear,low,unclear,yes,yes,Placebo-controlled
NMA014,NRCT0408,Thompson,2013,Ann Rheum Dis,31302938,UK,Treatment A,Treatment B,741,420,survival,,,,,,,0.77,0.64,0.92,12,61.1,8.3,63,60,Mild,CVD,low,low,low,low,low,low,low,low,no,yes,Head-to-head
NMA014,NRCT0409,Moore,2015,Lancet Respir Med,24752076,Italy,Treatment E,Treatment E,774,408,binary,346,201,,,,,,,,36,42.4,13.8,67,61,Moderate-severe,Multiple,low,low,low,low,low,low,low,low,yes,yes,Placebo-controlled
NMA014,NRCT0410,Bailey,2019,J Clin Oncol,25364972,Mexico,Treatment B,Treatment E,564,668,binary,105,147,,,,,,,,12,49.0,10.8,44,66,Moderate,Diabetes,low,low,low,low,low,low,low,low,yes,yes,Placebo-controlled
NMA014,NRCT0411,Reed,2010,BMJ,30033275,China,Treatment C,Treatment A,376,728,binary,192,180,,,,,,,,48,52.2,11.6,63,78,Severe,Diabetes,low,low,low,low,low,low,low,low,no,no,Placebo-controlled
NMA014,NRCT0412,Nguyen,2021,JACC,25068040,Netherlands,Treatment C,Treatment E,485,316,continuous,,,65.8,21.5,62.9,24.3,,,,48,50.0,8.7,51,85,Severe,Multiple,low,low,low,low,low,low,low,low,yes,no,Placebo-controlled
NMA015,NRCT0413,Hall,2023,Lancet Oncol,26180581,Italy,Treatment E,Treatment C,315,371,survival,,,,,,,0.97,0.85,1.14,48,50.8,9.4,53,53,Mild,CVD,low,low,low,low,low,low,low,low,no,no,Placebo-controlled
NMA015,NRCT0414,Kelly,2013,Gut,36869257,Japan,Treatment D,Treatment B,409,563,continuous,,,64.0,19.2,65.7,22.9,,,,48,59.4,13.5,36,52,Moderate-severe,Multiple,low,low,low,low,low,low,low,low,no,yes,Placebo-controlled
NMA015,NRCT0415,Wilson,2011,Gut,23753086,Mexico,Treatment A,Treatment E,358,592,binary,78,175,,,,,,,,24,50.6,11.6,49,66,Severe,Multiple,low,low,low,low,low,low,low,low,no,no,Placebo-controlled
NMA015,NRCT0416,Allen,2012,JAMA,28822134,UK,Treatment A,Treatment C,343,498,continuous,,,57.1,20.1,66.1,17.7,,,,24,50.9,9.5,46,80,Moderate,CVD,low,low,low,low,low,high,low,high,yes,yes,Placebo-controlled
NMA015,NRCT0417,Nelson,2015,JAMA Dermatol,26659259,Netherlands,Treatment A,Treatment C,300,240,binary,174,75,,,,,,,,24,64.8,12.2,53,63,Moderate,HTN,low,low,low,low,low,low,low,low,yes,no,Placebo-controlled
NMA015,NRCT0418,Williams,2014,NEJM,34092443,Spain,Treatment B,Treatment C,760,462,survival,,,,,,,1.0,0.88,1.15,48,49.6,13.9,46,74,Mild,Diabetes,low,low,low,low,low,low,low,low,yes,yes,Placebo-controlled
NMA015,NRCT0419,Nguyen,2013,JAMA Dermatol,23557059,India,Treatment C,Treatment A,527,333,continuous,,,52.7,14.9,58.4,21.3,,,,24,53.2,13.9,61,78,Moderate,Diabetes,low,low,low,unclear,low,low,low,unclear,no,yes,Placebo-controlled
NMA015,NRCT0420,Kelly,2019,Lancet,23762862,Belgium,Treatment C,Treatment B,595,557,survival,,,,,,,0.89,0.77,1.01,12,59.3,8.6,47,74,Moderate,None,low,low,low,low,low,low,low,low,no,yes,Placebo-controlled
NMA015,NRCT0421,Howard,2010,Lancet Neurol,30473517,India,Treatment E,Treatment A,223,766,survival,,,,,,,0.62,0.56,0.7,12,45.0,10.4,43,62,Mild,Diabetes,low,low,low,low,high,low,low,high,no,yes,Placebo-controlled
NMA015,NRCT0422,Clark,2012,Lancet Neurol,30939536,Japan,Treatment E,Treatment D,264,628,survival,,,,,,,0.98,0.8,1.1,48,52.3,13.6,60,74,Moderate-severe,CVD,low,low,low,low,low,low,low,low,yes,yes,Head-to-head
NMA015,NRCT0423,Cook,2022,Lancet Psychiatry,36713004,Denmark,Treatment C,Treatment C,674,412,binary,248,116,,,,,,,,12,57.7,12.1,37,60,Moderate-severe,HTN,low,low,high,low,low,low,low,high,yes,yes,Placebo-controlled
NMA015,NRCT0424,Morris,2023,Ann Rheum Dis,33727996,Denmark,Treatment D,Treatment E,611,411,binary,139,193,,,,,,,,24,52.2,11.2,33,70,Moderate-severe,CVD,low,low,low,low,low,low,low,low,yes,yes,Head-to-head
NMA015,NRCT0425,Mitchell,2013,Blood,31456760,Italy,Treatment A,Treatment B,253,361,survival,,,,,,,0.65,0.53,0.71,12,52.8,9.0,37,77,Moderate-severe,HTN,low,low,low,low,low,low,low,low,no,no,Head-to-head
NMA015,NRCT0426,Baker,2020,Neurology,33388630,India,Treatment A,Treatment E,412,619,binary,82,364,,,,,,,,24,53.8,12.4,56,79,Moderate-severe,Diabetes,low,low,low,low,low,low,low,low,yes,yes,Placebo-controlled
NMA015,NRCT0427,Lewis,2012,JACC,27318357,Germany,Treatment D,Treatment B,484,567,binary,177,339,,,,,,,,12,51.2,9.2,39,62,Moderate-severe,None,low,low,low,low,low,low,low,low,yes,yes,Head-to-head
NMA015,NRCT0428,Martinez,2010,Gut,29904600,Australia,Treatment C,Treatment A,425,597,binary,232,95,,,,,,,,36,59.7,11.5,40,52,Moderate,None,low,low,low,low,low,low,low,low,yes,yes,Head-to-head
NMA015,NRCT0429,Wilson,2017,Lancet Oncol,28152568,USA,Treatment C,Treatment D,263,278,binary,85,154,,,,,,,,48,51.9,13.5,41,52,Moderate,Diabetes,low,low,low,low,low,low,low,low,no,yes,Placebo-controlled
NMA015,NRCT0430,Phillips,2011,Gut,32188397,Germany,Treatment D,Treatment D,584,480,binary,253,261,,,,,,,,36,51.9,8.4,41,86,Moderate-severe,HTN,low,low,low,low,low,low,low,low,no,yes,Placebo-controlled
NMA015,NRCT0431,Nelson,2012,Neurology,22782021,China,Treatment D,Treatment A,574,200,survival,,,,,,,1.0,0.85,1.15,24,60.3,11.0,36,86,Mild,HTN,low,low,low,low,low,low,low,low,no,yes,Head-to-head
NMA015,NRCT0432,Peterson,2021,Ann Rheum Dis,28271107,Italy,Treatment D,Treatment E,604,422,binary,128,109,,,,,,,,36,50.6,9.3,54,79,Severe,Diabetes,low,low,low,low,low,low,low,low,no,yes,Placebo-controlled
NMA015,NRCT0433,Torres,2020,BMJ,30799721,UK,Treatment D,Treatment A,751,774,survival,,,,,,,0.99,0.86,1.15,36,54.4,10.7,38,77,Moderate,None,unclear,low,low,low,low,low,low,unclear,yes,yes,Placebo-controlled
NMA015,NRCT0434,Roberts,2019,Ann Rheum Dis,36416092,Germany,Treatment A,Treatment D,727,402,continuous,,,76.0,16.8,69.1,14.3,,,,12,43.3,8.5,47,74,Moderate,Diabetes,low,low,low,low,low,low,low,low,no,no,Placebo-controlled
NMA015,NRCT0435,Campbell,2010,Lancet Oncol,32051485,UK,Treatment E,Treatment E,787,793,survival,,,,,,,0.75,0.65,0.81,24,52.1,12.4,51,69,Moderate,HTN,low,low,low,low,low,low,low,low,yes,yes,Placebo-controlled
NMA015,NRCT0436,Evans,2022,Ann Rheum Dis,31378314,Netherlands,Treatment D,Treatment D,529,725,binary,225,268,,,,,,,,24,62.0,9.0,66,62,Moderate,HTN,low,low,low,low,low,low,low,low,yes,yes,Placebo-controlled
NMA015,NRCT0437,Adams,2018,Blood,29958656,China,Treatment D,Treatment B,247,418,continuous,,,70.0,19.7,47.2,23.8,,,,12,58.7,10.0,65,55,Moderate-severe,Multiple,low,low,low,low,low,low,high,high,no,yes,Placebo-controlled
NMA015,NRCT0438,Kelly,2010,Neurology,32023005,Taiwan,Treatment D,Treatment B,217,519,continuous,,,55.5,19.8,52.0,18.9,,,,24,56.9,13.2,50,62,Mild,Multiple,low,low,low,unclear,low,low,low,unclear,no,no,Placebo-controlled
NMA015,NRCT0439,Collins,2018,Lancet Neurol,34675913,USA,Treatment D,Treatment C,593,780,binary,157,346,,,,,,,,48,56.1,13.1,35,53,Moderate-severe,Diabetes,unclear,low,low,low,low,low,low,unclear,no,yes,Placebo-controlled
NMA015,NRCT0440,Bell,2020,Lancet Oncol,31784013,India,Treatment C,Treatment C,438,693,binary,151,205,,,,,,,,12,53.4,8.9,34,81,Mild,None,low,low,low,low,low,low,low,low,no,yes,Placebo-controlled
NMA015,NRCT0441,Cook,2014,Neurology,26824340,China,Treatment C,Treatment D,465,359,survival,,,,,,,0.9,0.75,1.0,24,57.0,9.4,64,87,Mild,Diabetes,low,low,low,low,low,low,low,low,yes,yes,Head-to-head
NMA015,NRCT0442,Kelly,2018,JACC,28455613,Singapore,Treatment E,Treatment D,339,444,continuous,,,48.1,22.6,62.3,19.6,,,,12,58.1,13.4,68,71,Mild,None,low,low,low,low,low,low,low,low,no,yes,Placebo-controlled
NMA015,NRCT0443,Robinson,2013,Lancet Neurol,24886406,Japan,Treatment C,Treatment E,331,505,survival,,,,,,,0.84,0.73,0.98,12,44.5,13.5,61,66,Moderate,Diabetes,low,low,low,low,low,low,low,low,yes,yes,Placebo-controlled
NMA015,NRCT0444,Young,2010,BMJ,24647469,Australia,Treatment E,Treatment A,356,346,binary,188,137,,,,,,,,48,61.1,12.8,41,68,Moderate-severe,None,low,low,low,low,low,low,low,low,no,yes,Placebo-controlled
NMA015,NRCT0445,Young,2023,J Clin Oncol,30149685,Japan,Treatment E,Treatment C,545,485,binary,107,227,,,,,,,,12,63.4,13.6,39,81,Moderate-severe,CVD,low,low,low,low,low,low,low,low,no,yes,Placebo-controlled
NMA015,NRCT0446,Johnson,2010,Gut,31774589,UK,Treatment B,Treatment B,695,444,binary,363,235,,,,,,,,24,42.2,10.0,58,58,Mild,Diabetes,low,low,low,low,low,low,low,low,yes,yes,Placebo-controlled
NMA016,NRCT0447,Kelly,2020,J Clin Oncol,27136475,USA,Treatment E,Treatment B,781,794,binary,324,457,,,,,,,,48,46.4,9.2,43,87,Mild,CVD,low,low,low,low,low,low,low,low,yes,yes,Placebo-controlled
NMA016,NRCT0448,Bell,2021,Circulation,25561001,India,Treatment A,Treatment C,785,593,continuous,,,52.2,17.7,48.3,20.5,,,,36,62.0,9.5,45,74,Moderate-severe,None,low,low,low,low,low,low,low,low,yes,yes,Placebo-controlled
NMA016,NRCT0449,Martin,2017,Lancet Psychiatry,33354160,Netherlands,Treatment C,Treatment C,529,705,survival,,,,,,,0.85,0.74,1.01,24,51.9,13.8,62,60,Mild,Multiple,low,low,low,low,low,low,low,low,no,yes,Placebo-controlled
NMA016,NRCT0450,Thompson,2017,Lancet Oncol,34552552,Canada,Treatment E,Treatment D,778,307,binary,128,80,,,,,,,,36,62.5,10.7,50,84,Moderate-severe,CVD,low,low,low,low,low,low,low,low,yes,yes,Placebo-controlled
NMA016,NRCT0451,Mitchell,2019,Blood,25089852,Belgium,Treatment B,Treatment B,729,772,survival,,,,,,,0.93,0.84,1.05,48,52.7,11.9,49,61,Mild,HTN,low,low,low,low,low,low,low,low,yes,yes,Placebo-controlled
NMA016,NRCT0452,Lewis,2018,Neurology,33419677,Italy,Treatment D,Treatment A,603,706,binary,245,344,,,,,,,,36,45.3,13.0,32,80,Mild,HTN,low,low,low,low,low,low,low,low,no,yes,Placebo-controlled
NMA016,NRCT0453,Thompson,2018,Lancet,21505970,Canada,Treatment E,Treatment B,377,258,continuous,,,45.7,13.6,65.3,21.3,,,,12,42.7,9.6,36,77,Severe,CVD,low,low,low,low,low,low,low,low,yes,no,Head-to-head
NMA016,NRCT0454,Cooper,2019,Lancet Neurol,21393515,UK,Treatment C,Treatment D,204,785,binary,111,173,,,,,,,,36,45.5,9.2,50,79,Severe,None,low,low,low,low,low,low,low,low,no,yes,Placebo-controlled
NMA016,NRCT0455,Martin,2018,JAMA,25012565,Denmark,Treatment B,Treatment B,253,645,continuous,,,76.7,21.6,60.3,22.0,,,,48,57.1,11.3,51,65,Severe,CVD,low,low,low,low,low,low,low,low,yes,yes,Placebo-controlled
NMA016,NRCT0456,Parker,2017,Ann Rheum Dis,29356328,Sweden,Treatment E,Treatment D,675,670,continuous,,,67.0,18.8,51.7,15.4,,,,24,65.9,8.9,36,83,Severe,HTN,low,low,low,low,unclear,low,low,unclear,yes,yes,Placebo-controlled
NMA016,NRCT0457,Martinez,2023,JAMA Dermatol,30637301,Spain,Treatment D,Treatment B,516,296,binary,210,45,,,,,,,,24,59.9,10.2,60,86,Moderate-severe,Diabetes,low,low,low,low,low,low,low,low,yes,yes,Placebo-controlled
NMA016,NRCT0458,Cook,2018,Lancet Respir Med,30179626,France,Treatment B,Treatment B,350,599,binary,157,205,,,,,,,,24,67.9,9.2,53,67,Moderate,None,low,low,low,low,low,high,low,high,no,yes,Placebo-controlled
NMA016,NRCT0459,Roberts,2015,Ann Rheum Dis,26212972,Sweden,Treatment E,Treatment D,403,434,binary,162,257,,,,,,,,12,63.6,12.6,54,77,Moderate,Multiple,low,low,low,low,low,low,low,low,yes,yes,Placebo-controlled
NMA016,NRCT0460,Torres,2019,Lancet,32391373,Japan,Treatment C,Treatment B,367,546,binary,91,194,,,,,,,,12,63.1,10.4,47,86,Moderate,HTN,low,low,low,low,low,low,low,low,no,yes,Placebo-controlled
NMA016,NRCT0461,Anderson,2011,JAMA Dermatol,25228221,Singapore,Treatment A,Treatment D,766,697,binary,447,391,,,,,,,,12,47.2,13.2,41,75,Severe,None,low,low,low,low,low,low,low,low,no,yes,Placebo-controlled
NMA016,NRCT0462,Howard,2021,JAMA,32465531,Denmark,Treatment C,Treatment A,463,307,continuous,,,73.8,12.9,49.2,17.0,,,,48,65.9,12.1,37,80,Severe,None,low,low,low,low,low,low,low,low,yes,yes,Placebo-controlled
NMA016,NRCT0463,Harris,2013,Lancet,30332248,India,Treatment D,Treatment B,746,439,binary,181,71,,,,,,,,12,60.5,11.0,63,78,Mild,None,low,unclear,low,low,low,low,low,unclear,yes,yes,Placebo-controlled
NMA016,NRCT0464,Smith,2012,JAMA Dermatol,24378288,Canada,Treatment C,Treatment B,532,625,binary,109,337,,,,,,,,12,47.9,14.0,39,80,Moderate-severe,Diabetes,low,low,low,low,low,low,low,low,no,no,Placebo-controlled
NMA016,NRCT0465,Miller,2019,J Clin Oncol,34859367,Netherlands,Treatment B,Treatment A,776,800,survival,,,,,,,0.74,0.67,0.86,12,44.1,11.3,55,88,Moderate-severe,Multiple,low,low,low,low,low,low,low,low,no,yes,Head-to-head
NMA016,NRCT0466,Davis,2019,Blood,24178206,Italy,Treatment D,Treatment B,520,753,binary,157,190,,,,,,,,24,67.8,11.9,52,60,Moderate-severe,CVD,low,low,low,low,low,low,low,low,yes,yes,Placebo-controlled
NMA016,NRCT0467,Peterson,2014,Neurology,27880073,UK,Treatment B,Treatment A,502,370,binary,165,89,,,,,,,,36,43.1,8.2,50,55,Severe,Multiple,low,low,low,low,low,low,low,low,no,yes,Placebo-controlled
NMA016,NRCT0468,Jackson,2015,Neurology,29493480,UK,Treatment C,Treatment C,488,414,continuous,,,47.9,24.1,46.8,23.7,,,,24,49.8,13.3,40,66,Moderate-severe,Diabetes,low,low,low,low,unclear,low,low,unclear,no,no,Head-to-head
NMA016,NRCT0469,Phillips,2018,BMJ,31774696,Denmark,Treatment B,Treatment B,559,795,survival,,,,,,,0.79,0.66,0.9,24,57.9,10.8,40,65,Moderate-severe,Diabetes,low,low,low,low,low,low,low,low,no,no,Head-to-head
NMA016,NRCT0470,Bailey,2020,Lancet,31936793,South Korea,Treatment E,Treatment D,445,594,survival,,,,,,,0.69,0.58,0.8,36,64.9,8.5,55,52,Mild,Diabetes,low,low,low,low,low,low,low,low,yes,yes,Placebo-controlled
NMA016,NRCT0471,Davis,2017,JAMA Dermatol,27252325,Italy,Treatment C,Treatment A,272,752,binary,48,294,,,,,,,,36,45.3,10.0,66,60,Moderate-severe,Multiple,low,low,low,low,low,low,low,low,yes,yes,Head-to-head
NMA016,NRCT0472,Thompson,2022,Circulation,29448088,UK,Treatment D,Treatment A,630,563,binary,114,204,,,,,,,,36,66.8,9.1,37,81,Moderate,CVD,low,low,low,low,low,low,low,low,no,yes,Placebo-controlled
NMA016,NRCT0473,Green,2019,JACC,24323298,Canada,Treatment A,Treatment B,610,790,survival,,,,,,,1.0,0.81,1.1,24,46.2,13.5,39,72,Moderate,HTN,low,low,low,low,low,low,low,low,yes,yes,Placebo-controlled
NMA016,NRCT0474,Adams,2020,Circulation,24119573,Australia,Treatment E,Treatment B,606,413,survival,,,,,,,0.79,0.68,0.94,36,61.5,11.9,48,64,Moderate-severe,None,low,low,low,low,low,low,low,low,yes,no,Placebo-controlled
NMA016,NRCT0475,Moore,2023,J Clin Oncol,24272417,Japan,Treatment E,Treatment C,318,226,binary,116,93,,,,,,,,24,43.2,9.9,50,71,Mild,HTN,low,low,low,low,unclear,low,low,unclear,no,yes,Placebo-controlled
NMA016,NRCT0476,Thomas,2023,Lancet Oncol,24330091,Italy,Treatment B,Treatment D,643,479,survival,,,,,,,0.66,0.59,0.77,48,63.0,9.5,61,60,Mild,CVD,low,low,low,low,low,low,low,low,yes,yes,Head-to-head
NMA016,NRCT0477,Howard,2018,JACC,36902595,Japan,Treatment B,Treatment A,283,602,survival,,,,,,,0.82,0.66,0.92,12,65.3,13.8,40,72,Severe,Multiple,low,low,low,low,low,low,low,low,yes,yes,Head-to-head
NMA016,NRCT0478,Williams,2022,Ann Rheum Dis,27307641,Japan,Treatment B,Treatment C,601,503,continuous,,,71.8,20.6,54.3,13.7,,,,36,64.9,12.0,59,65,Moderate-severe,Multiple,low,low,low,low,low,low,low,low,no,yes,Placebo-controlled
NMA016,NRCT0479,Murphy,2021,JACC,31912706,Japan,Treatment A,Treatment E,687,369,continuous,,,77.0,18.8,74.3,19.8,,,,48,50.5,13.8,48,85,Moderate-severe,Diabetes,low,low,low,unclear,low,low,low,unclear,yes,yes,Placebo-controlled
NMA016,NRCT0480,Miller,2010,NEJM,28595160,Spain,Treatment E,Treatment A,289,726,survival,,,,,,,0.78,0.68,0.91,48,52.8,12.8,33,80,Moderate-severe,HTN,low,low,low,low,low,low,low,low,no,yes,Placebo-controlled
NMA016,NRCT0481,Stewart,2018,Lancet Psychiatry,31618280,France,Treatment B,Treatment B,476,493,binary,97,281,,,,,,,,36,60.3,13.7,33,86,Moderate,Diabetes,low,low,low,low,low,low,low,low,yes,yes,Head-to-head
NMA017,NRCT0482,Bell,2010,Circulation,24410119,Spain,Treatment D,Treatment E,646,361,binary,333,211,,,,,,,,48,53.5,12.7,45,70,Severe,CVD,low,low,low,low,low,low,low,low,no,yes,Placebo-controlled
NMA017,NRCT0483,Smith,2010,Circulation,32143745,South Korea,Treatment B,Treatment D,552,310,binary,208,49,,,,,,,,48,52.8,11.6,33,71,Moderate-severe,HTN,low,low,low,low,low,low,low,low,yes,no,Head-to-head
NMA017,NRCT0484,Lewis,2012,Lancet Psychiatry,32752121,Japan,Treatment E,Treatment B,264,659,survival,,,,,,,0.73,0.64,0.86,36,49.0,10.7,55,74,Mild,None,low,low,unclear,low,low,low,low,unclear,no,yes,Placebo-controlled
NMA017,NRCT0485,Roberts,2013,Neurology,24541530,South Korea,Treatment E,Treatment E,377,387,binary,57,90,,,,,,,,36,64.0,11.7,33,84,Severe,None,low,low,low,low,low,low,low,low,yes,yes,Placebo-controlled
NMA017,NRCT0486,Anderson,2017,JACC,22966794,Japan,Treatment D,Treatment C,497,360,survival,,,,,,,0.62,0.51,0.74,48,59.7,8.0,55,76,Moderate,CVD,low,low,low,unclear,low,low,low,unclear,no,no,Placebo-controlled
NMA017,NRCT0487,Mitchell,2022,JAMA Dermatol,24587007,France,Treatment D,Treatment E,405,209,binary,98,44,,,,,,,,36,62.4,13.7,42,88,Mild,Diabetes,low,low,unclear,low,low,low,low,unclear,no,yes,Placebo-controlled
NMA017,NRCT0488,Bell,2020,Neurology,33178761,China,Treatment B,Treatment D,353,334,survival,,,,,,,0.86,0.69,0.94,24,59.4,8.3,52,85,Severe,HTN,low,low,low,low,low,low,low,low,yes,yes,Placebo-controlled
NMA017,NRCT0489,Moore,2020,JACC,30705352,Canada,Treatment D,Treatment A,253,202,binary,120,95,,,,,,,,24,55.0,10.8,63,85,Severe,Diabetes,low,low,low,low,low,low,low,low,no,yes,Placebo-controlled
NMA017,NRCT0490,Campbell,2023,BMJ,34536622,USA,Treatment B,Treatment D,492,224,survival,,,,,,,0.92,0.79,1.06,24,49.0,8.8,63,76,Mild,CVD,low,low,low,low,low,low,low,low,no,yes,Placebo-controlled
NMA017,NRCT0491,Lee,2023,Lancet Oncol,31903200,Taiwan,Treatment C,Treatment B,736,265,continuous,,,70.0,16.3,56.5,21.3,,,,24,50.9,12.9,44,63,Mild,CVD,low,low,low,low,low,low,low,low,yes,yes,Placebo-controlled
NMA017,NRCT0492,Lewis,2022,NEJM,26136069,India,Treatment A,Treatment B,757,548,survival,,,,,,,0.97,0.89,1.12,36,65.2,12.8,62,74,Moderate,CVD,low,low,low,low,low,low,low,low,yes,yes,Placebo-controlled
NMA017,NRCT0493,Williams,2013,Lancet Respir Med,25622852,UK,Treatment D,Treatment E,231,538,continuous,,,68.6,22.1,68.7,17.5,,,,36,56.0,10.9,53,78,Severe,None,low,low,low,low,low,low,low,low,yes,no,Placebo-controlled
NMA017,NRCT0494,Harris,2023,JAMA,35673675,Sweden,Treatment B,Treatment B,800,335,survival,,,,,,,1.01,0.91,1.19,12,48.5,13.7,63,64,Moderate-severe,Diabetes,low,low,low,low,low,low,low,low,yes,yes,Head-to-head
NMA017,NRCT0495,Jackson,2012,Neurology,23379248,India,Treatment A,Treatment C,423,416,survival,,,,,,,0.97,0.79,1.07,12,46.4,10.4,52,84,Severe,None,low,low,low,low,low,unclear,low,unclear,yes,no,Placebo-controlled
NMA017,NRCT0496,Taylor,2022,NEJM,30159395,Mexico,Treatment C,Treatment C,409,306,survival,,,,,,,0.88,0.81,0.96,48,63.7,10.9,32,78,Moderate-severe,HTN,low,low,low,low,low,low,low,low,yes,yes,Placebo-controlled
NMA017,NRCT0497,Rogers,2019,NEJM,26046565,Mexico,Treatment E,Treatment C,465,510,binary,126,268,,,,,,,,24,52.0,11.2,53,54,Severe,CVD,low,low,low,low,low,low,low,low,no,yes,Head-to-head
NMA017,NRCT0498,Reed,2021,BMJ,32783743,India,Treatment E,Treatment A,250,652,survival,,,,,,,0.68,0.62,0.77,24,45.8,10.5,56,88,Severe,HTN,low,low,low,low,low,low,low,low,no,yes,Placebo-controlled
NMA017,NRCT0499,Nelson,2011,Gut,34718536,Australia,Treatment B,Treatment C,546,334,binary,319,84,,,,,,,,24,54.3,12.2,60,65,Mild,HTN,low,low,low,low,low,low,low,low,no,yes,Placebo-controlled
NMA017,NRCT0500,Roberts,2018,Ann Rheum Dis,24717192,Sweden,Treatment C,Treatment A,239,645,binary,98,355,,,,,,,,48,65.9,13.6,60,76,Moderate-severe,None,low,low,low,low,low,low,low,low,no,yes,Placebo-controlled
NMA017,NRCT0501,Anderson,2022,Lancet,21025554,South Korea,Treatment B,Treatment C,441,445,continuous,,,73.4,15.3,47.4,15.1,,,,48,49.5,13.4,37,74,Severe,HTN,low,low,low,low,low,low,low,low,yes,yes,Placebo-controlled
NMA017,NRCT0502,Kelly,2013,Neurology,34127928,France,Treatment C,Treatment A,689,735,binary,132,314,,,,,,,,36,61.5,8.2,44,83,Moderate,Multiple,low,low,low,low,low,low,low,low,no,yes,Head-to-head
NMA017,NRCT0503,Harris,2016,JAMA,26912647,Spain,Treatment A,Treatment A,792,606,survival,,,,,,,0.68,0.59,0.74,48,48.6,12.3,32,69,Moderate,HTN,low,low,low,low,low,low,low,low,no,no,Placebo-controlled
NMA017,NRCT0504,Wright,2015,Circulation,30511168,Germany,Treatment C,Treatment A,768,239,binary,176,58,,,,,,,,36,66.7,9.0,35,82,Moderate-severe,CVD,low,low,high,low,low,low,low,high,no,yes,Placebo-controlled
NMA017,NRCT0505,Stewart,2013,Blood,21615284,Germany,Treatment E,Treatment B,643,323,survival,,,,,,,0.85,0.71,0.94,48,66.3,10.6,67,77,Mild,None,low,low,low,low,low,low,low,low,yes,no,Placebo-controlled
NMA017,NRCT0506,Martinez,2016,Lancet Respir Med,30473339,France,Treatment C,Treatment C,454,307,binary,74,136,,,,,,,,12,67.7,8.6,59,69,Mild,CVD,low,low,low,low,low,low,low,low,yes,yes,Placebo-controlled
NMA017,NRCT0507,Phillips,2010,JAMA Dermatol,26073975,Belgium,Treatment A,Treatment B,439,323,survival,,,,,,,0.95,0.85,1.12,24,44.0,10.2,33,77,Moderate,None,low,low,low,low,low,low,low,low,yes,yes,Head-to-head
NMA017,NRCT0508,Morgan,2020,J Clin Oncol,31665471,Sweden,Treatment A,Treatment E,289,714,continuous,,,67.6,23.2,48.6,16.2,,,,36,58.3,8.7,48,63,Moderate,Multiple,low,low,low,low,low,low,unclear,unclear,yes,yes,Placebo-controlled
NMA017,NRCT0509,Rogers,2022,Lancet Oncol,36293274,South Korea,Treatment A,Treatment E,429,213,binary,242,81,,,,,,,,48,48.4,11.9,66,85,Severe,CVD,low,low,low,low,low,low,low,low,yes,yes,Head-to-head
NMA017,NRCT0510,Roberts,2012,JAMA,22090488,Germany,Treatment E,Treatment D,269,602,binary,146,269,,,,,,,,24,60.9,9.8,33,53,Mild,Multiple,low,low,low,low,low,low,low,low,yes,no,Placebo-controlled
NMA017,NRCT0511,Hill,2015,J Clin Oncol,30567624,Netherlands,Treatment D,Treatment A,622,320,survival,,,,,,,0.68,0.6,0.78,36,65.8,11.9,51,53,Mild,Multiple,low,low,low,low,low,low,low,low,no,yes,Placebo-controlled
NMA018,NRCT0512,Roberts,2018,Lancet Respir Med,28472181,USA,Treatment D,Treatment E,593,638,survival,,,,,,,1.0,0.84,1.15,36,65.4,11.1,39,67,Mild,CVD,low,low,low,low,low,low,low,low,yes,yes,Head-to-head
NMA018,NRCT0513,Peterson,2020,Lancet Oncol,24818269,Netherlands,Treatment A,Treatment E,446,534,continuous,,,64.6,17.6,73.0,22.8,,,,48,62.3,12.7,62,66,Mild,HTN,low,low,low,low,low,low,low,low,no,yes,Head-to-head
NMA018,NRCT0514,Moore,2021,Neurology,27783682,Belgium,Treatment E,Treatment B,623,691,binary,269,229,,,,,,,,48,46.6,8.7,60,73,Moderate-severe,Multiple,low,low,low,low,low,low,low,low,yes,yes,Placebo-controlled
NMA018,NRCT0515,Turner,2020,JAMA Dermatol,29895896,UK,Treatment C,Treatment B,751,228,binary,429,125,,,,,,,,24,65.5,9.6,38,84,Mild,CVD,low,low,low,unclear,low,low,low,unclear,no,yes,Placebo-controlled
NMA018,NRCT0516,Lewis,2014,Lancet Oncol,25821744,Canada,Treatment B,Treatment B,255,686,binary,115,329,,,,,,,,48,53.9,12.0,45,71,Moderate,Diabetes,low,low,low,low,low,low,low,low,yes,yes,Placebo-controlled
NMA018,NRCT0517,Evans,2012,Neurology,28370235,France,Treatment D,Treatment B,532,752,binary,199,424,,,,,,,,48,62.7,10.5,53,52,Mild,None,low,low,low,low,low,low,low,low,no,yes,Placebo-controlled
NMA018,NRCT0518,Stewart,2019,Circulation,36421827,UK,Treatment A,Treatment C,360,258,continuous,,,66.2,17.6,75.5,17.0,,,,12,65.8,11.8,39,75,Moderate,None,low,low,low,low,low,low,low,low,no,yes,Head-to-head
NMA018,NRCT0519,Stewart,2019,JAMA,26201348,Belgium,Treatment B,Treatment E,650,376,binary,319,183,,,,,,,,36,67.8,9.2,68,76,Mild,Multiple,low,low,low,low,low,low,low,low,yes,yes,Placebo-controlled
NMA018,NRCT0520,Young,2016,Neurology,30919787,Denmark,Treatment B,Treatment E,401,754,binary,106,228,,,,,,,,48,61.7,9.0,59,82,Moderate-severe,Diabetes,low,low,low,low,low,low,low,low,yes,yes,Placebo-controlled
NMA018,NRCT0521,Williams,2010,Ann Rheum Dis,22225508,South Korea,Treatment E,Treatment D,782,793,continuous,,,68.0,23.0,63.4,12.4,,,,24,50.2,12.4,48,76,Moderate,Diabetes,low,low,low,low,low,low,low,low,no,yes,Placebo-controlled
NMA018,NRCT0522,Baker,2017,Circulation,33434513,Canada,Treatment C,Treatment D,535,743,binary,80,221,,,,,,,,12,52.3,8.2,51,72,Moderate-severe,Diabetes,low,low,low,unclear,low,low,low,unclear,yes,no,Placebo-controlled
NMA018,NRCT0523,Taylor,2016,Lancet Oncol,23043774,Canada,Treatment C,Treatment A,614,787,binary,178,364,,,,,,,,12,62.9,13.5,42,79,Moderate,CVD,low,low,low,low,low,low,low,low,no,yes,Head-to-head
NMA018,NRCT0524,Young,2011,Lancet Respir Med,30870016,Sweden,Treatment E,Treatment D,317,370,binary,151,85,,,,,,,,12,44.5,9.1,32,76,Moderate-severe,None,low,low,low,low,low,low,low,low,no,yes,Placebo-controlled
NMA018,NRCT0525,King,2016,Blood,34043008,Taiwan,Treatment C,Treatment E,453,749,continuous,,,45.2,21.7,74.9,18.3,,,,12,62.7,13.1,43,84,Severe,CVD,low,low,low,high,low,low,low,high,yes,yes,Head-to-head
NMA018,NRCT0526,Edwards,2019,Lancet Neurol,31272061,Taiwan,Treatment A,Treatment E,567,678,binary,240,351,,,,,,,,48,42.3,10.1,66,55,Moderate,Diabetes,low,low,low,low,low,low,low,low,no,yes,Placebo-controlled
NMA018,NRCT0527,Howard,2016,Lancet Psychiatry,24236916,India,Treatment D,Treatment A,736,367,binary,268,77,,,,,,,,12,60.1,10.1,58,82,Mild,Diabetes,low,low,low,low,low,low,low,low,yes,yes,Head-to-head
NMA018,NRCT0528,Thomas,2023,Lancet Psychiatry,27369792,USA,Treatment B,Treatment B,431,239,survival,,,,,,,0.79,0.66,0.9,24,62.9,13.2,39,59,Severe,Multiple,low,low,low,low,low,low,low,low,yes,yes,Placebo-controlled
NMA018,NRCT0529,King,2011,Neurology,24232752,Netherlands,Treatment A,Treatment C,503,359,survival,,,,,,,0.83,0.73,0.95,36,62.0,10.9,32,82,Mild,Multiple,low,low,low,low,low,low,low,low,no,yes,Head-to-head
NMA018,NRCT0530,Lee,2011,Neurology,24566043,Spain,Treatment A,Treatment E,563,384,binary,106,218,,,,,,,,36,49.1,13.3,64,85,Severe,None,low,low,low,low,low,low,low,low,yes,yes,Placebo-controlled
NMA018,NRCT0531,Cook,2012,JAMA,25940514,Australia,Treatment A,Treatment D,409,610,continuous,,,76.3,23.5,62.4,22.8,,,,36,49.7,11.6,52,86,Moderate,Multiple,low,low,low,unclear,low,low,low,unclear,no,yes,Placebo-controlled
NMA018,NRCT0532,Jackson,2012,Neurology,36095157,USA,Treatment C,Treatment E,433,589,binary,195,312,,,,,,,,12,48.5,11.4,56,78,Moderate-severe,None,low,low,low,low,low,low,low,low,no,no,Head-to-head
NMA018,NRCT0533,Howard,2020,Circulation,33569869,Brazil,Treatment A,Treatment A,504,312,binary,154,125,,,,,,,,24,51.6,12.4,62,86,Moderate-severe,None,low,low,low,low,low,low,low,low,yes,yes,Placebo-controlled
NMA018,NRCT0534,Bailey,2023,Lancet Psychiatry,29032427,Netherlands,Treatment C,Treatment E,714,667,continuous,,,45.4,23.1,72.9,19.0,,,,48,45.7,8.9,44,88,Severe,Diabetes,low,unclear,low,low,low,low,low,unclear,yes,yes,Placebo-controlled
NMA018,NRCT0535,Wright,2010,Circulation,31958513,China,Treatment B,Treatment E,307,316,survival,,,,,,,1.03,0.93,1.21,24,57.7,10.7,64,67,Moderate,HTN,low,low,low,low,low,low,low,low,no,yes,Placebo-controlled
NMA018,NRCT0536,Bailey,2018,NEJM,34835506,Japan,Treatment E,Treatment A,434,505,binary,191,251,,,,,,,,24,48.0,10.4,59,77,Moderate-severe,Diabetes,low,low,low,low,low,low,low,low,no,yes,Head-to-head
NMA018,NRCT0537,Hill,2014,JAMA Dermatol,28284779,Taiwan,Treatment E,Treatment D,705,585,binary,357,220,,,,,,,,48,44.9,13.4,47,67,Mild,HTN,low,low,low,low,low,unclear,low,unclear,yes,yes,Placebo-controlled
NMA018,NRCT0538,Reed,2021,J Clin Oncol,35070777,Japan,Treatment C,Treatment E,513,793,survival,,,,,,,0.83,0.74,0.92,48,49.2,10.7,56,53,Severe,Multiple,low,low,low,low,low,low,low,low,yes,yes,Placebo-controlled
NMA018,NRCT0539,Phillips,2020,Blood,22746466,India,Treatment E,Treatment B,543,655,binary,240,183,,,,,,,,36,62.5,14.0,47,52,Mild,None,low,low,low,low,low,low,low,low,no,yes,Placebo-controlled
NMA018,NRCT0540,Thomas,2012,Circulation,22098944,Italy,Treatment C,Treatment A,511,235,survival,,,,,,,0.93,0.79,1.06,24,63.8,9.1,41,58,Mild,HTN,low,low,low,low,low,low,low,low,yes,yes,Placebo-controlled
NMA018,NRCT0541,Reed,2016,Lancet Neurol,31539923,Canada,Treatment A,Treatment B,576,751,binary,260,362,,,,,,,,24,64.1,12.3,32,54,Severe,Multiple,low,low,low,low,low,low,high,high,no,yes,Head-to-head
NMA018,NRCT0542,Green,2018,Ann Rheum Dis,21210624,Denmark,Treatment B,Treatment A,403,212,continuous,,,77.1,17.3,65.8,22.2,,,,48,53.5,13.7,67,71,Moderate-severe,HTN,low,low,unclear,low,low,low,low,unclear,no,yes,Head-to-head
NMA018,NRCT0543,Nguyen,2014,NEJM,21313522,Germany,Treatment C,Treatment D,658,443,survival,,,,,,,0.89,0.71,1.0,36,59.3,8.5,52,83,Severe,None,low,low,low,low,low,low,low,low,yes,yes,Placebo-controlled
NMA018,NRCT0544,Young,2018,Gut,34206414,Japan,Treatment C,Treatment E,784,340,continuous,,,53.9,20.4,60.1,21.0,,,,48,44.5,10.1,40,70,Severe,Multiple,low,low,low,low,low,low,low,low,no,yes,Head-to-head
NMA019,NRCT0545,Morgan,2021,Neurology,25193646,UK,Treatment C,Treatment C,515,649,continuous,,,47.7,17.9,65.7,23.5,,,,48,65.9,11.8,68,88,Moderate,CVD,low,low,unclear,low,low,low,high,high,no,no,Head-to-head
NMA019,NRCT0546,Evans,2019,Lancet Neurol,28528491,France,Treatment D,Treatment B,316,792,continuous,,,58.4,22.6,62.1,13.9,,,,12,66.2,8.8,47,71,Mild,None,low,low,low,low,low,low,low,low,yes,yes,Placebo-controlled
NMA019,NRCT0547,Nelson,2016,J Clin Oncol,24342099,France,Treatment C,Treatment E,252,288,binary,89,58,,,,,,,,36,48.8,12.1,68,79,Moderate,Diabetes,low,low,low,low,low,low,unclear,unclear,yes,yes,Head-to-head
NMA019,NRCT0548,Cooper,2022,Lancet Neurol,27618069,Germany,Treatment C,Treatment C,443,380,binary,137,206,,,,,,,,36,60.7,10.4,34,75,Mild,CVD,low,low,low,low,low,low,low,low,no,yes,Head-to-head
NMA019,NRCT0549,Morris,2015,JAMA,21186428,Sweden,Treatment D,Treatment A,382,223,continuous,,,73.1,17.0,49.9,24.0,,,,24,58.4,8.6,62,68,Moderate-severe,HTN,low,low,low,low,low,low,low,low,no,yes,Placebo-controlled
NMA019,NRCT0550,Campbell,2016,Gut,36834560,Netherlands,Treatment A,Treatment A,407,510,binary,158,144,,,,,,,,24,54.9,10.8,40,65,Moderate,None,low,low,low,low,low,low,low,low,no,yes,Head-to-head
NMA019,NRCT0551,Peterson,2018,NEJM,25696305,Germany,Treatment A,Treatment C,621,480,binary,117,92,,,,,,,,24,58.2,9.8,56,84,Severe,Multiple,low,low,low,low,low,low,low,low,yes,yes,Placebo-controlled
NMA019,NRCT0552,Thompson,2017,Lancet Neurol,34845765,Singapore,Treatment D,Treatment E,387,461,survival,,,,,,,0.95,0.86,1.05,36,58.6,12.5,54,58,Moderate-severe,HTN,low,low,low,low,low,low,low,low,no,yes,Placebo-controlled
NMA019,NRCT0553,Turner,2018,JAMA Dermatol,35438022,Denmark,Treatment C,Treatment B,334,240,continuous,,,66.7,24.5,55.4,21.7,,,,24,49.2,9.1,59,69,Severe,CVD,low,low,low,low,low,low,low,low,yes,yes,Placebo-controlled
NMA019,NRCT0554,Campbell,2021,J Clin Oncol,27124754,Japan,Treatment E,Treatment E,393,420,survival,,,,,,,0.98,0.83,1.08,48,57.2,9.8,56,79,Mild,None,low,low,low,low,low,low,low,low,no,yes,Placebo-controlled
NMA019,NRCT0555,Hall,2016,Blood,30638951,Canada,Treatment E,Treatment D,319,510,binary,105,291,,,,,,,,48,57.0,9.1,49,86,Mild,Diabetes,low,low,low,low,low,low,low,low,yes,no,Placebo-controlled
NMA019,NRCT0556,Peterson,2016,JAMA,31093787,Spain,Treatment C,Treatment D,201,655,continuous,,,65.9,21.0,48.1,20.3,,,,24,51.3,13.6,52,67,Mild,CVD,low,low,low,low,low,low,low,low,no,yes,Placebo-controlled
NMA019,NRCT0557,Mitchell,2022,Ann Rheum Dis,28250253,USA,Treatment B,Treatment A,679,631,binary,377,344,,,,,,,,12,63.2,10.4,42,65,Mild,Multiple,low,low,high,low,low,low,low,high,no,yes,Head-to-head
NMA019,NRCT0558,Martin,2016,NEJM,33834560,Spain,Treatment B,Treatment A,781,626,binary,339,230,,,,,,,,48,55.7,13.6,67,78,Mild,CVD,low,low,low,low,low,low,low,low,no,yes,Placebo-controlled
NMA019,NRCT0559,Harris,2019,BMJ,21830474,China,Treatment D,Treatment A,520,659,survival,,,,,,,0.77,0.66,0.88,48,50.2,13.8,48,73,Severe,Diabetes,low,low,low,low,low,low,low,low,no,yes,Placebo-controlled
NMA019,NRCT0560,Wright,2013,BMJ,24851946,UK,Treatment C,Treatment C,278,624,binary,158,332,,,,,,,,36,51.1,9.9,67,52,Moderate-severe,Multiple,low,low,low,low,low,low,low,low,no,yes,Placebo-controlled
NMA019,NRCT0561,Thomas,2015,Neurology,33076104,Australia,Treatment E,Treatment B,397,391,binary,171,136,,,,,,,,48,57.6,13.7,43,54,Severe,Multiple,low,low,low,low,low,low,unclear,unclear,no,yes,Placebo-controlled
NMA019,NRCT0562,Turner,2020,Neurology,25813344,Taiwan,Treatment C,Treatment B,549,440,binary,272,186,,,,,,,,48,59.1,12.4,58,84,Severe,HTN,low,low,low,low,low,low,low,low,yes,yes,Placebo-controlled
NMA019,NRCT0563,Davis,2021,JAMA Dermatol,28836689,Germany,Treatment A,Treatment C,728,367,binary,181,162,,,,,,,,48,62.4,12.9,44,75,Mild,Diabetes,low,low,low,low,low,low,low,low,yes,yes,Placebo-controlled
NMA019,NRCT0564,Nelson,2010,Gut,25165865,China,Treatment A,Treatment C,747,566,survival,,,,,,,0.67,0.61,0.75,36,62.7,10.4,38,69,Moderate,Diabetes,low,low,low,low,low,low,low,low,yes,yes,Placebo-controlled
NMA019,NRCT0565,Martin,2017,Gut,34057566,Italy,Treatment E,Treatment A,767,280,survival,,,,,,,0.63,0.52,0.68,48,45.5,9.8,67,78,Moderate-severe,Multiple,low,low,low,low,low,low,low,low,yes,yes,Placebo-controlled
NMA019,NRCT0566,Rodriguez,2020,Blood,24505546,Belgium,Treatment B,Treatment B,682,236,continuous,,,50.5,18.9,74.5,19.8,,,,12,46.0,13.1,52,70,Moderate,None,low,low,low,low,low,low,low,low,no,yes,Head-to-head
NMA019,NRCT0567,Taylor,2020,Gut,25675375,China,Treatment C,Treatment D,645,711,binary,317,407,,,,,,,,12,66.7,11.7,62,54,Moderate-severe,CVD,low,low,low,low,low,low,low,low,no,yes,Placebo-controlled
NMA019,NRCT0568,Campbell,2011,Gut,33621889,France,Treatment A,Treatment E,384,466,binary,142,134,,,,,,,,36,65.1,10.8,62,82,Severe,Diabetes,low,low,low,low,low,low,low,low,no,yes,Placebo-controlled
NMA019,NRCT0569,Howard,2012,JACC,32731065,South Korea,Treatment C,Treatment D,651,671,continuous,,,71.3,18.5,46.5,21.8,,,,48,44.9,10.1,41,60,Mild,None,low,low,low,low,low,low,low,low,no,yes,Placebo-controlled
NMA019,NRCT0570,Howard,2015,Lancet Oncol,23778768,Denmark,Treatment E,Treatment A,611,705,binary,158,133,,,,,,,,12,42.5,8.2,64,85,Mild,Diabetes,unclear,low,low,low,low,low,low,unclear,yes,yes,Placebo-controlled
NMA019,NRCT0571,Turner,2015,Lancet Respir Med,35452778,Denmark,Treatment D,Treatment B,399,410,survival,,,,,,,0.85,0.72,0.96,12,66.9,10.7,36,71,Severe,Diabetes,low,low,low,low,low,low,low,low,yes,yes,Placebo-controlled
NMA019,NRCT0572,Wright,2011,Circulation,21108763,Spain,Treatment D,Treatment C,342,354,continuous,,,74.7,22.2,72.6,16.7,,,,12,52.8,9.2,60,65,Mild,CVD,low,low,low,low,low,low,low,low,no,yes,Placebo-controlled
NMA019,NRCT0573,Brown,2022,Lancet Oncol,29638066,Japan,Treatment E,Treatment B,658,659,continuous,,,55.6,19.0,67.1,21.3,,,,36,50.7,8.0,34,69,Mild,CVD,low,low,low,low,low,low,low,low,yes,yes,Placebo-controlled
NMA019,NRCT0574,Davis,2016,BMJ,29682313,China,Treatment D,Treatment A,217,716,binary,38,134,,,,,,,,12,53.9,9.9,36,56,Moderate,CVD,low,low,low,low,low,low,low,low,no,yes,Head-to-head
NMA019,NRCT0575,Jackson,2017,JAMA,22660902,Sweden,Treatment C,Treatment D,595,595,binary,207,278,,,,,,,,24,46.6,11.5,59,83,Severe,None,low,low,low,low,low,low,low,low,no,yes,Placebo-controlled
NMA019,NRCT0576,Adams,2013,Lancet,21030749,Canada,Treatment D,Treatment E,543,654,survival,,,,,,,0.83,0.68,0.98,36,56.3,12.5,45,60,Severe,HTN,low,low,low,low,low,low,low,low,no,yes,Placebo-controlled
NMA020,NRCT0577,Cooper,2015,Neurology,22806599,India,Treatment E,Treatment A,447,318,survival,,,,,,,0.76,0.68,0.9,36,55.1,12.6,35,80,Moderate,HTN,low,low,low,low,low,low,low,low,yes,yes,Placebo-controlled
NMA020,NRCT0578,Johnson,2012,NEJM,34404793,India,Treatment C,Treatment C,231,292,survival,,,,,,,0.84,0.68,0.99,12,48.8,11.0,57,78,Mild,Multiple,low,low,low,low,low,low,low,low,yes,yes,Placebo-controlled
NMA020,NRCT0579,Martinez,2017,Ann Rheum Dis,31399350,Taiwan,Treatment E,Treatment E,375,512,binary,142,120,,,,,,,,48,48.7,11.1,67,73,Moderate,CVD,low,low,low,low,low,low,low,low,no,yes,Placebo-controlled
NMA020,NRCT0580,Clark,2010,NEJM,22447519,USA,Treatment E,Treatment B,593,310,survival,,,,,,,1.01,0.87,1.18,36,60.5,9.8,34,61,Mild,Diabetes,low,high,low,low,low,low,low,high,yes,yes,Placebo-controlled
NMA020,NRCT0581,Turner,2019,JACC,29928896,Singapore,Treatment E,Treatment D,560,384,binary,101,187,,,,,,,,48,46.2,13.6,50,59,Moderate-severe,HTN,low,low,low,low,low,low,high,high,no,yes,Head-to-head
NMA020,NRCT0582,Anderson,2019,Lancet Neurol,22747270,Germany,Treatment C,Treatment D,709,554,binary,136,222,,,,,,,,48,66.7,8.6,60,62,Severe,None,low,low,low,low,low,low,low,low,yes,no,Placebo-controlled
NMA020,NRCT0583,Baker,2010,J Clin Oncol,33478989,Sweden,Treatment E,Treatment B,370,269,continuous,,,52.4,12.5,47.8,19.4,,,,24,59.5,12.8,32,74,Moderate-severe,None,low,low,low,low,low,low,low,low,no,yes,Head-to-head
NMA020,NRCT0584,Martinez,2014,JAMA Dermatol,27972391,Australia,Treatment A,Treatment D,667,610,continuous,,,72.8,21.9,47.1,24.9,,,,36,42.3,10.8,49,79,Moderate,HTN,low,low,low,low,low,low,low,low,no,yes,Placebo-controlled
NMA020,NRCT0585,Carter,2011,Lancet Respir Med,21474744,Australia,Treatment A,Treatment E,450,225,binary,95,134,,,,,,,,36,59.2,10.5,51,77,Mild,CVD,low,low,low,low,low,low,low,low,no,yes,Placebo-controlled
NMA020,NRCT0586,Parker,2012,BMJ,29958385,China,Treatment C,Treatment C,200,689,survival,,,,,,,0.6,0.52,0.65,24,66.1,8.3,46,54,Severe,HTN,low,low,low,low,low,low,low,low,yes,yes,Head-to-head
NMA020,NRCT0587,Collins,2016,Lancet Respir Med,34222987,Taiwan,Treatment B,Treatment E,640,716,continuous,,,53.5,16.1,76.4,16.2,,,,24,58.6,13.0,64,69,Moderate,CVD,low,low,low,low,low,low,low,low,no,yes,Placebo-controlled
NMA020,NRCT0588,Martinez,2011,Blood,26327655,Spain,Treatment C,Treatment A,413,264,binary,113,116,,,,,,,,12,63.7,13.1,61,85,Moderate-severe,Multiple,low,unclear,low,low,low,low,low,unclear,no,yes,Placebo-controlled
NMA020,NRCT0589,Collins,2014,Lancet Respir Med,29248783,Brazil,Treatment A,Treatment E,638,509,binary,310,106,,,,,,,,36,48.0,12.9,68,58,Moderate,CVD,low,low,low,low,low,low,low,low,yes,yes,Placebo-controlled
NMA020,NRCT0590,Smith,2015,Lancet Neurol,33016872,Netherlands,Treatment D,Treatment D,601,204,survival,,,,,,,0.9,0.79,1.05,48,49.2,8.1,46,85,Severe,None,low,low,low,low,low,low,low,low,yes,yes,Head-to-head
NMA020,NRCT0591,Wright,2014,Lancet Oncol,28381280,Canada,Treatment B,Treatment A,651,439,continuous,,,46.3,13.7,74.2,17.4,,,,12,67.5,9.6,37,65,Severe,CVD,low,low,low,low,low,low,low,low,yes,no,Placebo-controlled
NMA020,NRCT0592,Allen,2010,BMJ,22217680,Australia,Treatment D,Treatment D,399,277,binary,91,102,,,,,,,,12,52.0,9.5,36,81,Moderate,CVD,low,low,low,low,low,low,low,low,yes,yes,Placebo-controlled
NMA020,NRCT0593,Baker,2011,Lancet Respir Med,29116016,Belgium,Treatment B,Treatment E,259,480,continuous,,,51.3,18.3,51.0,14.5,,,,48,64.0,10.3,41,63,Mild,Multiple,low,low,low,low,low,low,low,low,no,no,Placebo-controlled
NMA020,NRCT0594,Nelson,2013,NEJM,33931205,Japan,Treatment A,Treatment E,395,286,survival,,,,,,,0.99,0.83,1.07,24,53.1,9.2,64,75,Mild,CVD,low,low,low,low,low,low,unclear,unclear,yes,yes,Placebo-controlled
NMA020,NRCT0595,Reed,2010,BMJ,23630101,Germany,Treatment E,Treatment A,756,208,binary,156,48,,,,,,,,24,59.9,11.4,52,60,Moderate-severe,CVD,low,low,low,low,low,low,low,low,yes,no,Placebo-controlled
NMA020,NRCT0596,Baker,2018,NEJM,26001726,Belgium,Treatment D,Treatment A,529,571,survival,,,,,,,0.78,0.64,0.92,48,44.3,10.8,50,86,Severe,CVD,low,low,low,low,low,low,low,low,yes,yes,Placebo-controlled
NMA020,NRCT0597,Peterson,2021,JACC,35757866,India,Treatment B,Treatment D,347,397,binary,111,214,,,,,,,,24,45.4,11.8,57,58,Severe,Multiple,low,low,low,low,low,low,low,low,no,yes,Placebo-controlled
NMA020,NRCT0598,Mitchell,2013,JACC,21410096,Sweden,Treatment E,Treatment C,484,792,binary,180,431,,,,,,,,36,50.8,9.2,53,55,Moderate,CVD,low,low,low,low,low,low,low,low,yes,yes,Placebo-controlled
NMA020,NRCT0599,Smith,2012,JAMA,34672235,Belgium,Treatment A,Treatment B,769,342,survival,,,,,,,0.74,0.62,0.81,12,54.3,9.0,46,54,Mild,Diabetes,low,low,low,low,low,low,low,low,no,yes,Placebo-controlled
NMA020,NRCT0600,Campbell,2019,JAMA Dermatol,28518304,India,Treatment C,Treatment A,464,427,continuous,,,48.2,22.5,47.9,22.6,,,,48,48.4,9.6,34,56,Moderate,None,low,low,low,low,low,low,low,low,no,yes,Placebo-controlled
NMA020,NRCT0601,Parker,2022,Ann Rheum Dis,25439662,Brazil,Treatment E,Treatment B,314,551,survival,,,,,,,0.69,0.62,0.78,48,57.9,9.4,51,60,Moderate-severe,Multiple,unclear,low,low,low,low,low,low,unclear,no,yes,Placebo-controlled
NMA020,NRCT0602,Torres,2013,J Clin Oncol,28629289,South Korea,Treatment A,Treatment C,486,218,survival,,,,,,,0.83,0.73,0.94,36,48.8,9.2,56,76,Mild,CVD,low,low,low,low,low,low,low,low,no,yes,Placebo-controlled
NMA020,NRCT0603,Howard,2023,JAMA Dermatol,28224977,France,Treatment B,Treatment D,275,514,binary,86,147,,,,,,,,24,67.7,12.4,66,82,Severe,Diabetes,low,unclear,low,low,low,low,low,unclear,yes,yes,Placebo-controlled
NMA020,NRCT0604,Baker,2015,Gut,22068771,USA,Treatment A,Treatment C,252,645,binary,134,117,,,,,,,,48,54.9,11.1,35,86,Moderate,Diabetes,low,low,low,low,low,low,low,low,yes,yes,Placebo-controlled
NMA020,NRCT0605,Smith,2013,Lancet Oncol,22954585,Brazil,Treatment D,Treatment C,636,387,binary,287,118,,,,,,,,36,44.4,11.6,40,73,Severe,Diabetes,low,low,low,low,low,low,low,low,yes,yes,Placebo-controlled
NMA020,NRCT0606,Moore,2016,Lancet Respir Med,24120459,Germany,Treatment B,Treatment B,306,759,continuous,,,52.9,18.1,76.2,14.5,,,,48,64.4,12.6,47,84,Mild,Diabetes,low,low,low,low,low,low,low,low,yes,yes,Placebo-controlled
NMA020,NRCT0607,Wright,2018,BMJ,26818759,Taiwan,Treatment D,Treatment D,377,658,continuous,,,47.0,21.9,60.3,12.1,,,,12,48.7,9.6,43,60,Moderate-severe,HTN,low,low,low,low,low,low,low,low,no,yes,Placebo-controlled
NMA021,NRCT0608,Turner,2017,Lancet Psychiatry,27498587,Spain,Treatment A,Treatment C,612,575,binary,273,95,,,,,,,,36,62.5,13.8,43,81,Moderate,HTN,low,low,low,low,low,low,low,low,yes,yes,Placebo-controlled
NMA021,NRCT0609,Carter,2023,Blood,25025566,France,Treatment C,Treatment B,632,737,continuous,,,45.6,22.4,49.7,18.9,,,,12,62.7,9.4,48,73,Severe,CVD,low,low,low,low,low,low,low,low,no,yes,Head-to-head
NMA021,NRCT0610,Bailey,2019,Circulation,28928446,Spain,Treatment C,Treatment E,390,653,continuous,,,46.5,13.4,67.2,15.3,,,,12,63.7,13.2,41,80,Mild,Diabetes,low,low,low,low,low,low,low,low,no,yes,Head-to-head
NMA021,NRCT0611,Howard,2019,Gut,32424245,Belgium,Treatment D,Treatment A,435,389,binary,248,127,,,,,,,,48,60.4,8.8,54,68,Severe,Diabetes,low,low,low,low,low,low,low,low,no,yes,Placebo-controlled
NMA021,NRCT0612,Miller,2013,Lancet Neurol,35432047,Belgium,Treatment D,Treatment A,675,547,continuous,,,75.0,16.7,58.4,13.0,,,,36,44.0,8.7,36,61,Moderate-severe,Diabetes,low,low,low,low,low,low,low,low,yes,yes,Placebo-controlled
NMA021,NRCT0613,Cooper,2012,JAMA,22395182,Taiwan,Treatment D,Treatment C,533,436,binary,251,153,,,,,,,,48,45.7,10.5,52,75,Moderate,CVD,low,low,low,low,low,low,low,low,yes,yes,Placebo-controlled
NMA021,NRCT0614,Harris,2013,JAMA Dermatol,22955723,Mexico,Treatment E,Treatment B,577,316,binary,111,103,,,,,,,,48,59.9,9.1,62,63,Mild,HTN,low,low,low,low,low,low,low,low,no,yes,Placebo-controlled
NMA021,NRCT0615,Kelly,2011,Lancet Neurol,28846339,USA,Treatment B,Treatment E,207,776,binary,91,301,,,,,,,,48,54.0,11.9,52,66,Mild,HTN,low,low,low,low,low,low,low,low,yes,yes,Placebo-controlled
NMA021,NRCT0616,Bailey,2018,Ann Rheum Dis,25097966,Taiwan,Treatment A,Treatment B,393,453,continuous,,,54.0,14.9,55.9,23.6,,,,24,66.4,13.3,55,86,Moderate-severe,None,low,low,low,low,low,low,low,low,yes,yes,Placebo-controlled
NMA021,NRCT0617,White,2011,Circulation,31079721,Japan,Treatment D,Treatment A,312,680,survival,,,,,,,0.59,0.49,0.67,48,60.6,13.8,57,80,Moderate,HTN,low,low,low,low,low,low,low,low,no,yes,Placebo-controlled
NMA021,NRCT0618,Smith,2020,Gut,22309075,Singapore,Treatment B,Treatment E,233,359,binary,80,180,,,,,,,,48,44.7,12.3,60,64,Moderate,Diabetes,low,low,low,low,low,low,low,low,no,no,Placebo-controlled
NMA021,NRCT0619,Brown,2018,J Clin Oncol,36402787,Italy,Treatment E,Treatment C,219,613,continuous,,,56.9,21.5,57.4,15.4,,,,12,60.4,11.0,64,64,Moderate,None,low,low,low,low,low,low,low,low,no,yes,Head-to-head
NMA021,NRCT0620,Edwards,2019,Lancet Respir Med,21394577,India,Treatment C,Treatment D,446,446,survival,,,,,,,0.79,0.71,0.91,48,67.7,8.9,66,69,Moderate,CVD,low,low,low,low,low,low,low,low,yes,yes,Placebo-controlled
NMA021,NRCT0621,Collins,2017,Circulation,34299485,India,Treatment B,Treatment C,545,291,survival,,,,,,,0.68,0.56,0.74,24,67.3,12.3,54,53,Moderate-severe,HTN,low,low,low,low,low,low,low,low,yes,yes,Head-to-head
NMA021,NRCT0622,Peterson,2017,JAMA Dermatol,36073118,Belgium,Treatment B,Treatment C,498,307,continuous,,,61.9,12.6,55.9,14.4,,,,12,54.4,13.6,58,56,Moderate-severe,Diabetes,low,low,low,low,low,low,low,low,no,no,Placebo-controlled
NMA021,NRCT0623,Roberts,2015,Gut,26961922,Italy,Treatment B,Treatment D,283,375,survival,,,,,,,0.94,0.86,1.07,36,60.1,12.8,54,59,Moderate,CVD,low,low,low,low,low,low,low,low,no,yes,Placebo-controlled
NMA021,NRCT0624,Murphy,2010,Ann Rheum Dis,32170401,USA,Treatment E,Treatment D,513,541,continuous,,,46.6,17.2,66.1,14.7,,,,24,59.6,12.9,68,79,Mild,HTN,low,low,low,low,low,low,low,low,no,yes,Placebo-controlled
NMA021,NRCT0625,Johnson,2021,Ann Rheum Dis,28228939,Mexico,Treatment D,Treatment D,399,463,binary,61,184,,,,,,,,36,61.9,12.8,55,68,Moderate,HTN,low,low,low,low,low,unclear,low,unclear,yes,yes,Placebo-controlled
NMA021,NRCT0626,Brown,2016,Lancet Psychiatry,27386710,Australia,Treatment A,Treatment D,691,540,binary,334,228,,,,,,,,48,57.2,9.4,44,84,Severe,HTN,low,low,low,low,low,low,low,low,no,no,Placebo-controlled
NMA021,NRCT0627,Wilson,2012,Blood,21308908,USA,Treatment B,Treatment B,229,211,continuous,,,52.3,18.0,69.4,17.8,,,,36,66.6,8.3,40,87,Mild,Diabetes,low,low,low,low,low,low,low,low,yes,yes,Placebo-controlled
NMA021,NRCT0628,Campbell,2011,Ann Rheum Dis,26675045,Canada,Treatment D,Treatment C,585,382,continuous,,,70.3,21.3,48.0,17.0,,,,12,42.4,12.7,59,59,Moderate,HTN,low,low,low,low,low,low,low,low,yes,yes,Placebo-controlled
NMA021,NRCT0629,Thompson,2016,NEJM,26331434,Spain,Treatment E,Treatment E,725,440,survival,,,,,,,0.66,0.54,0.74,24,64.7,11.3,58,60,Severe,Multiple,low,low,low,low,low,low,low,low,yes,no,Head-to-head
NMA021,NRCT0630,Torres,2016,NEJM,35007692,Belgium,Treatment D,Treatment A,454,601,continuous,,,66.2,23.5,64.0,21.0,,,,24,45.5,10.9,68,85,Severe,HTN,low,low,low,low,low,low,low,low,no,yes,Placebo-controlled
NMA021,NRCT0631,Harris,2012,NEJM,27686453,Sweden,Treatment E,Treatment D,758,748,survival,,,,,,,0.72,0.65,0.83,24,47.9,12.8,34,71,Moderate,None,low,low,low,low,low,low,low,low,yes,yes,Placebo-controlled
NMA021,NRCT0632,Martinez,2014,Neurology,35439363,India,Treatment A,Treatment B,439,586,survival,,,,,,,0.68,0.57,0.77,36,44.5,9.6,59,57,Mild,Diabetes,low,low,low,low,low,low,low,low,yes,yes,Head-to-head
NMA021,NRCT0633,Jones,2011,NEJM,26870172,Mexico,Treatment E,Treatment D,336,235,binary,68,112,,,,,,,,12,64.5,11.5,68,83,Moderate-severe,CVD,low,low,low,low,low,low,low,low,yes,no,Placebo-controlled
NMA021,NRCT0634,Taylor,2014,Circulation,23681838,Japan,Treatment B,Treatment D,617,579,continuous,,,58.6,24.2,77.5,22.1,,,,12,55.3,8.7,39,65,Severe,HTN,low,low,low,low,low,low,low,low,no,yes,Head-to-head
NMA021,NRCT0635,Hall,2012,Ann Rheum Dis,25529131,Spain,Treatment B,Treatment D,248,616,binary,66,235,,,,,,,,36,50.2,9.9,67,76,Moderate-severe,Diabetes,low,low,low,low,low,low,low,low,no,yes,Placebo-controlled
NMA021,NRCT0636,Stewart,2022,Circulation,34040842,Sweden,Treatment C,Treatment A,247,767,binary,114,306,,,,,,,,12,55.2,12.8,40,69,Mild,CVD,low,low,low,low,low,low,low,low,no,yes,Placebo-controlled
NMA021,NRCT0637,Morris,2019,BMJ,31184907,Sweden,Treatment C,Treatment D,484,388,binary,111,111,,,,,,,,12,50.3,12.0,52,61,Mild,HTN,low,low,low,low,low,low,low,low,yes,yes,Placebo-controlled
NMA022,NRCT0638,Hall,2017,JAMA Dermatol,36969017,USA,Treatment B,Treatment D,494,397,continuous,,,55.3,16.8,53.7,18.5,,,,36,51.0,11.5,59,65,Mild,CVD,low,low,low,low,low,low,low,low,no,no,Placebo-controlled
NMA022,NRCT0639,Thomas,2021,J Clin Oncol,35025555,China,Treatment B,Treatment C,203,265,binary,34,90,,,,,,,,48,47.1,11.3,43,56,Severe,None,low,low,low,low,low,low,low,low,no,no,Placebo-controlled
NMA022,NRCT0640,Collins,2017,JAMA,28708741,Taiwan,Treatment E,Treatment A,568,232,binary,224,120,,,,,,,,36,43.7,11.0,40,70,Moderate,Multiple,low,low,low,low,low,low,low,low,no,yes,Placebo-controlled
NMA022,NRCT0641,Edwards,2010,Gut,36577662,Germany,Treatment D,Treatment A,360,343,survival,,,,,,,0.85,0.7,0.98,12,43.5,13.2,44,53,Moderate-severe,CVD,low,low,low,low,low,low,low,low,no,yes,Placebo-controlled
NMA022,NRCT0642,Edwards,2010,Gut,24811090,Canada,Treatment C,Treatment D,347,564,continuous,,,56.1,20.3,73.7,18.0,,,,36,45.0,9.2,44,77,Moderate-severe,Multiple,low,low,high,low,low,low,low,high,yes,yes,Placebo-controlled
NMA022,NRCT0643,Walker,2023,Ann Rheum Dis,31067078,Singapore,Treatment C,Treatment C,517,579,binary,288,156,,,,,,,,12,47.4,9.4,50,64,Mild,CVD,low,low,low,low,low,low,unclear,unclear,no,yes,Placebo-controlled
NMA022,NRCT0644,Carter,2013,Gut,21859764,Canada,Treatment E,Treatment A,585,750,survival,,,,,,,1.02,0.89,1.19,12,44.9,13.6,49,56,Moderate,Diabetes,low,low,low,low,low,low,low,low,no,no,Head-to-head
NMA022,NRCT0645,Garcia,2021,Lancet Respir Med,30355410,Taiwan,Treatment B,Treatment D,232,743,continuous,,,77.1,12.1,53.3,16.7,,,,36,65.9,10.3,42,68,Moderate,None,low,low,low,low,low,low,low,low,no,no,Placebo-controlled
NMA022,NRCT0646,Rogers,2016,Circulation,35191895,Denmark,Treatment B,Treatment E,625,555,survival,,,,,,,0.67,0.6,0.73,36,47.7,9.8,36,83,Moderate-severe,Diabetes,low,low,low,low,low,low,low,low,no,yes,Placebo-controlled
NMA022,NRCT0647,Reed,2011,Blood,26846965,Australia,Treatment E,Treatment E,777,285,survival,,,,,,,0.77,0.67,0.91,48,50.1,12.0,44,66,Mild,None,low,low,low,low,low,low,low,low,yes,yes,Placebo-controlled
NMA022,NRCT0648,Jackson,2015,JACC,33677067,Canada,Treatment B,Treatment C,595,208,survival,,,,,,,0.67,0.6,0.78,12,60.4,11.7,46,65,Mild,Diabetes,low,unclear,low,low,low,low,low,unclear,yes,yes,Placebo-controlled
NMA022,NRCT0649,Stewart,2014,Neurology,21962469,South Korea,Treatment A,Treatment D,732,645,survival,,,,,,,0.88,0.75,1.04,36,54.8,11.0,58,68,Moderate,HTN,low,low,low,low,low,low,low,low,no,no,Placebo-controlled
NMA022,NRCT0650,Morgan,2017,J Clin Oncol,29705589,Brazil,Treatment A,Treatment A,325,749,binary,66,145,,,,,,,,12,52.2,9.0,64,58,Severe,Multiple,low,low,low,low,low,low,low,low,yes,yes,Placebo-controlled
NMA022,NRCT0651,Miller,2018,Neurology,32259221,Italy,Treatment C,Treatment C,231,699,binary,76,290,,,,,,,,48,42.8,9.5,42,54,Moderate,None,low,high,low,low,low,low,low,high,yes,no,Head-to-head
NMA022,NRCT0652,Jackson,2020,JAMA Dermatol,32248077,Canada,Treatment A,Treatment D,218,296,binary,112,88,,,,,,,,48,53.3,11.1,39,86,Mild,Multiple,low,low,low,low,low,low,low,low,no,yes,Head-to-head
NMA022,NRCT0653,Allen,2022,Circulation,32611628,USA,Treatment D,Treatment C,297,459,binary,114,231,,,,,,,,24,48.8,9.0,63,81,Mild,Multiple,low,low,low,low,low,low,low,low,yes,no,Placebo-controlled
NMA022,NRCT0654,Moore,2023,JAMA,26019052,China,Treatment D,Treatment C,382,557,binary,62,104,,,,,,,,36,48.4,8.1,35,62,Mild,HTN,low,low,low,low,low,low,low,low,no,no,Placebo-controlled
NMA022,NRCT0655,Allen,2019,Lancet Respir Med,25437541,Netherlands,Treatment C,Treatment E,783,298,binary,305,162,,,,,,,,12,57.5,8.2,36,70,Moderate,Diabetes,low,low,low,low,low,low,low,low,no,yes,Placebo-controlled
NMA022,NRCT0656,Morgan,2022,Lancet,23307686,Germany,Treatment D,Treatment A,221,459,binary,86,124,,,,,,,,48,43.8,11.9,63,69,Mild,HTN,low,low,low,low,high,unclear,low,high,no,no,Head-to-head
NMA022,NRCT0657,Campbell,2018,Ann Rheum Dis,35294522,UK,Treatment D,Treatment B,475,452,binary,129,93,,,,,,,,12,42.5,13.0,47,52,Moderate,Multiple,low,low,low,low,low,low,low,low,yes,yes,Placebo-controlled
NMA022,NRCT0658,Bell,2014,Lancet Psychiatry,34917825,China,Treatment E,Treatment E,569,372,survival,,,,,,,0.98,0.84,1.15,24,45.2,13.8,41,79,Moderate,None,low,low,low,low,low,low,low,low,no,yes,Placebo-controlled
NMA022,NRCT0659,Reed,2013,Blood,31471126,Singapore,Treatment B,Treatment E,326,648,binary,190,349,,,,,,,,36,55.5,10.8,44,65,Severe,Multiple,low,low,low,low,low,low,low,low,yes,yes,Placebo-controlled
NMA022,NRCT0660,Jones,2016,JACC,33859982,Italy,Treatment B,Treatment A,726,328,binary,397,144,,,,,,,,48,56.4,9.4,61,63,Severe,Multiple,low,low,low,low,low,low,low,low,no,yes,Placebo-controlled
NMA022,NRCT0661,Anderson,2020,JACC,33004062,Germany,Treatment A,Treatment C,203,607,survival,,,,,,,0.91,0.75,0.99,12,66.5,10.9,45,55,Moderate-severe,CVD,low,low,low,low,low,low,low,low,no,yes,Head-to-head
NMA022,NRCT0662,Smith,2023,Lancet Psychiatry,25838685,Italy,Treatment C,Treatment E,760,283,survival,,,,,,,1.04,0.85,1.22,36,42.0,9.4,40,66,Moderate,CVD,low,low,low,low,low,low,low,low,yes,yes,Placebo-controlled
NMA022,NRCT0663,Smith,2012,NEJM,36349941,France,Treatment C,Treatment C,701,560,continuous,,,56.6,17.3,67.0,23.4,,,,48,65.8,12.7,40,52,Moderate-severe,CVD,low,low,low,low,low,low,low,low,no,yes,Placebo-controlled
NMA023,NRCT0664,Anderson,2016,Lancet Neurol,33297138,Germany,Treatment A,Treatment A,452,511,binary,93,224,,,,,,,,36,55.3,13.2,41,77,Severe,Multiple,low,low,low,low,low,low,low,low,yes,yes,Head-to-head
NMA023,NRCT0665,Bell,2021,Blood,21236029,China,Treatment A,Treatment C,276,438,continuous,,,63.6,15.4,55.8,16.3,,,,24,52.3,10.5,48,70,Mild,HTN,low,low,low,low,low,low,low,low,no,no,Placebo-controlled
NMA023,NRCT0666,Walker,2017,NEJM,27299560,Denmark,Treatment B,Treatment A,223,431,survival,,,,,,,0.87,0.78,0.98,12,44.7,10.2,35,66,Mild,None,low,unclear,low,low,low,low,low,unclear,yes,no,Placebo-controlled
NMA023,NRCT0667,Brown,2019,BMJ,35808085,Spain,Treatment D,Treatment E,360,525,binary,164,277,,,,,,,,48,43.9,9.4,33,72,Severe,None,low,low,low,low,low,unclear,low,unclear,yes,yes,Head-to-head
NMA023,NRCT0668,Martinez,2012,Lancet Oncol,35561961,Germany,Treatment B,Treatment C,512,620,continuous,,,72.0,14.6,70.4,19.6,,,,24,56.6,8.5,34,79,Mild,Diabetes,low,low,low,low,low,low,low,low,yes,yes,Placebo-controlled
NMA023,NRCT0669,Campbell,2015,Ann Rheum Dis,35811011,USA,Treatment A,Treatment A,519,433,continuous,,,77.3,16.0,63.5,22.3,,,,48,61.9,12.2,51,76,Mild,None,low,low,low,low,low,low,low,low,yes,yes,Placebo-controlled
NMA023,NRCT0670,Rodriguez,2016,BMJ,33836500,Mexico,Treatment D,Treatment C,303,226,survival,,,,,,,1.03,0.94,1.13,12,49.3,10.3,39,64,Moderate-severe,Multiple,low,low,low,low,low,low,low,low,yes,yes,Placebo-controlled
NMA023,NRCT0671,Lewis,2023,J Clin Oncol,29298563,Netherlands,Treatment C,Treatment E,639,764,survival,,,,,,,0.74,0.65,0.81,48,67.9,10.2,49,81,Moderate,HTN,low,low,low,low,low,low,low,low,yes,yes,Placebo-controlled
NMA023,NRCT0672,Torres,2014,JAMA,22453071,Canada,Treatment D,Treatment D,253,404,binary,41,181,,,,,,,,48,57.0,11.5,51,54,Severe,CVD,low,low,low,low,low,low,low,low,no,yes,Placebo-controlled
NMA023,NRCT0673,Young,2018,Blood,24200053,Australia,Treatment C,Treatment E,733,229,survival,,,,,,,0.8,0.7,0.88,12,57.9,10.1,53,68,Moderate-severe,Diabetes,high,low,low,low,low,low,low,high,yes,yes,Placebo-controlled
NMA023,NRCT0674,Rodriguez,2013,Lancet Oncol,22286997,Canada,Treatment B,Treatment A,616,358,binary,293,140,,,,,,,,12,58.3,9.4,49,68,Mild,None,low,low,low,low,low,low,low,low,yes,yes,Placebo-controlled
NMA023,NRCT0675,Stewart,2014,Gut,25026241,Canada,Treatment E,Treatment A,281,538,binary,70,262,,,,,,,,48,64.3,9.5,45,80,Mild,Multiple,low,low,low,low,low,low,low,low,no,yes,Placebo-controlled
NMA023,NRCT0676,White,2013,JAMA,31353605,Denmark,Treatment E,Treatment E,553,724,survival,,,,,,,0.61,0.5,0.66,24,53.4,12.6,42,64,Moderate,Diabetes,low,low,low,low,low,low,low,low,yes,yes,Placebo-controlled
NMA023,NRCT0677,Lewis,2011,Blood,29952032,Netherlands,Treatment D,Treatment C,605,552,binary,205,204,,,,,,,,36,58.1,11.0,60,67,Mild,None,low,low,low,low,low,low,low,low,no,yes,Placebo-controlled
NMA023,NRCT0678,Howard,2013,Lancet Respir Med,30157616,Australia,Treatment C,Treatment D,604,471,survival,,,,,,,0.72,0.65,0.8,48,58.6,9.0,64,56,Moderate,Diabetes,low,low,low,low,low,low,low,low,no,yes,Placebo-controlled
NMA023,NRCT0679,Lewis,2015,JAMA Dermatol,24597056,Netherlands,Treatment D,Treatment D,396,471,continuous,,,67.9,14.4,55.9,17.0,,,,36,42.4,13.4,36,85,Moderate-severe,HTN,low,low,low,low,low,low,low,low,no,yes,Placebo-controlled
NMA023,NRCT0680,Wilson,2012,Lancet Psychiatry,24037643,USA,Treatment B,Treatment D,707,319,binary,205,186,,,,,,,,48,57.3,11.1,59,79,Moderate-severe,None,low,low,low,low,low,low,low,low,no,yes,Head-to-head
NMA023,NRCT0681,Martinez,2020,Gut,31736555,Canada,Treatment D,Treatment E,777,284,survival,,,,,,,0.62,0.52,0.72,48,52.0,10.3,68,76,Severe,CVD,low,low,low,low,low,low,low,low,yes,yes,Placebo-controlled
NMA023,NRCT0682,Taylor,2021,Lancet Respir Med,32682505,USA,Treatment C,Treatment C,664,646,continuous,,,61.3,17.1,50.5,16.9,,,,24,64.7,10.5,48,62,Moderate-severe,Diabetes,low,low,low,low,low,low,low,low,no,no,Placebo-controlled
NMA023,NRCT0683,Jackson,2016,Lancet,22234783,Japan,Treatment E,Treatment A,531,203,survival,,,,,,,0.6,0.52,0.68,36,45.6,12.9,50,84,Moderate,Multiple,low,low,low,low,low,low,low,low,yes,yes,Head-to-head
NMA023,NRCT0684,Adams,2019,Neurology,32699318,Belgium,Treatment C,Treatment E,574,446,survival,,,,,,,0.9,0.78,1.01,12,47.1,11.1,48,55,Mild,HTN,low,low,low,low,low,low,low,low,no,yes,Placebo-controlled
NMA023,NRCT0685,Robinson,2020,Circulation,26421551,Mexico,Treatment E,Treatment B,687,489,survival,,,,,,,0.93,0.78,1.12,36,65.9,11.6,46,85,Moderate,Multiple,low,low,low,low,low,low,low,low,yes,yes,Placebo-controlled
NMA023,NRCT0686,Baker,2016,Circulation,24272498,Italy,Treatment A,Treatment B,739,400,continuous,,,48.3,22.9,70.4,19.1,,,,24,58.5,13.8,36,84,Severe,HTN,low,low,low,low,low,low,low,low,no,yes,Placebo-controlled
NMA023,NRCT0687,Peterson,2018,Blood,26292081,Denmark,Treatment C,Treatment B,220,573,survival,,,,,,,0.84,0.77,0.99,24,51.2,10.7,43,56,Moderate-severe,Diabetes,low,low,low,low,low,low,low,low,no,no,Placebo-controlled
NMA023,NRCT0688,Bailey,2015,Blood,26573953,Taiwan,Treatment D,Treatment A,775,749,binary,375,188,,,,,,,,48,46.6,12.8,41,76,Mild,Diabetes,low,low,low,low,low,low,low,low,yes,no,Placebo-controlled
NMA023,NRCT0689,Nelson,2022,Circulation,34039385,Canada,Treatment C,Treatment B,241,613,survival,,,,,,,0.87,0.79,0.96,36,49.9,10.4,47,71,Moderate,None,low,low,low,low,low,low,low,low,no,yes,Placebo-controlled
NMA024,NRCT0690,Lewis,2023,Circulation,21589016,India,Treatment B,Treatment B,353,445,binary,120,118,,,,,,,,36,51.4,8.2,62,84,Moderate,CVD,low,low,low,low,low,low,low,low,no,yes,Placebo-controlled
NMA024,NRCT0691,Hall,2020,Lancet Neurol,27395000,Denmark,Treatment E,Treatment E,284,524,binary,82,234,,,,,,,,36,47.1,9.6,55,83,Moderate,CVD,low,low,low,low,low,low,low,low,yes,yes,Placebo-controlled
NMA024,NRCT0692,Taylor,2021,BMJ,29226799,Germany,Treatment B,Treatment B,703,258,binary,115,73,,,,,,,,12,60.5,8.3,45,59,Severe,Multiple,low,low,low,unclear,low,low,low,unclear,yes,yes,Placebo-controlled
NMA024,NRCT0693,White,2020,Lancet Oncol,36321919,Sweden,Treatment A,Treatment A,380,569,survival,,,,,,,0.75,0.64,0.84,12,48.4,11.2,36,53,Moderate-severe,CVD,low,low,low,low,low,unclear,low,unclear,no,yes,Placebo-controlled
NMA024,NRCT0694,Edwards,2023,BMJ,21677963,Germany,Treatment D,Treatment B,594,362,survival,,,,,,,0.88,0.73,0.98,12,58.7,8.4,50,71,Severe,HTN,low,low,low,low,low,low,low,low,yes,yes,Placebo-controlled
NMA024,NRCT0695,Cooper,2014,Lancet Psychiatry,36927212,Netherlands,Treatment E,Treatment B,449,284,continuous,,,70.9,12.2,66.6,20.2,,,,12,51.8,8.3,32,85,Mild,Diabetes,unclear,low,low,low,low,low,low,unclear,yes,yes,Placebo-controlled
NMA024,NRCT0696,Davis,2023,BMJ,21367908,Brazil,Treatment C,Treatment E,672,300,binary,304,57,,,,,,,,36,53.5,11.2,58,65,Mild,HTN,low,low,low,unclear,low,low,low,unclear,no,no,Placebo-controlled
NMA024,NRCT0697,White,2022,Gut,33095453,Mexico,Treatment D,Treatment E,338,752,survival,,,,,,,0.59,0.48,0.71,48,44.6,10.4,56,81,Mild,Diabetes,low,low,unclear,low,low,low,low,unclear,no,yes,Head-to-head
NMA024,NRCT0698,Baker,2022,JACC,34164331,South Korea,Treatment C,Treatment C,586,233,binary,296,56,,,,,,,,24,66.0,12.4,34,81,Moderate,CVD,low,low,low,low,low,low,low,low,yes,yes,Placebo-controlled
NMA024,NRCT0699,Young,2017,Ann Rheum Dis,31724956,USA,Treatment B,Treatment E,313,337,binary,115,67,,,,,,,,48,46.8,9.0,35,55,Mild,HTN,low,low,low,low,low,low,low,low,no,yes,Placebo-controlled
NMA024,NRCT0700,Hall,2022,JAMA Dermatol,25875218,Germany,Treatment A,Treatment B,278,395,survival,,,,,,,0.84,0.7,0.99,48,45.3,10.0,40,68,Moderate-severe,CVD,low,low,low,low,low,low,low,low,no,yes,Placebo-controlled
NMA024,NRCT0701,Hill,2010,Neurology,31146108,India,Treatment C,Treatment D,772,311,survival,,,,,,,0.6,0.48,0.7,12,64.2,9.7,67,78,Moderate,Multiple,low,low,low,low,low,low,low,low,no,no,Head-to-head
NMA024,NRCT0702,Morris,2012,Lancet,29499115,Belgium,Treatment C,Treatment B,293,523,continuous,,,53.0,23.2,60.9,23.9,,,,12,52.2,13.5,37,83,Moderate-severe,Multiple,low,low,low,low,low,low,low,low,no,yes,Placebo-controlled
NMA024,NRCT0703,Evans,2014,JAMA,32435070,Italy,Treatment E,Treatment B,396,745,binary,61,214,,,,,,,,48,59.6,9.2,39,86,Mild,Diabetes,low,low,low,low,low,low,low,low,yes,yes,Head-to-head
NMA024,NRCT0704,Martinez,2011,NEJM,33079997,China,Treatment B,Treatment C,605,730,survival,,,,,,,0.61,0.5,0.67,48,47.8,13.0,36,54,Moderate-severe,CVD,low,low,low,low,low,low,low,low,no,no,Placebo-controlled
NMA024,NRCT0705,Roberts,2011,Lancet Respir Med,31450519,UK,Treatment A,Treatment D,561,469,binary,184,109,,,,,,,,12,44.0,8.8,62,78,Moderate,HTN,low,low,low,low,low,low,low,low,no,no,Placebo-controlled
NMA024,NRCT0706,Phillips,2023,JACC,36871766,Japan,Treatment E,Treatment D,537,497,continuous,,,47.3,14.5,78.0,22.1,,,,24,58.9,11.7,49,72,Moderate,Multiple,low,low,low,low,low,low,low,low,no,yes,Placebo-controlled
NMA024,NRCT0707,Lee,2014,Lancet Oncol,36605775,China,Treatment E,Treatment D,614,330,binary,213,153,,,,,,,,24,57.4,12.9,64,78,Mild,Diabetes,low,low,low,low,low,low,low,low,yes,yes,Placebo-controlled
NMA024,NRCT0708,Carter,2020,JAMA Dermatol,36006550,Singapore,Treatment C,Treatment E,373,334,binary,101,51,,,,,,,,12,61.7,10.8,68,81,Moderate,CVD,low,low,low,low,low,low,low,low,no,yes,Placebo-controlled
NMA024,NRCT0709,Johnson,2021,JAMA Dermatol,28876326,Australia,Treatment C,Treatment E,328,716,continuous,,,49.0,21.2,47.2,15.3,,,,48,44.0,13.2,53,73,Moderate,None,low,low,low,low,low,low,low,low,yes,yes,Placebo-controlled
NMA024,NRCT0710,Miller,2018,JAMA,27623550,Canada,Treatment A,Treatment B,666,738,binary,315,144,,,,,,,,36,60.4,12.3,60,78,Moderate,Diabetes,low,low,unclear,low,low,low,low,unclear,no,yes,Placebo-controlled
NMA024,NRCT0711,Cooper,2016,BMJ,36995420,Mexico,Treatment A,Treatment C,687,651,binary,232,328,,,,,,,,24,60.2,11.4,63,60,Moderate,Diabetes,low,low,low,low,low,low,low,low,no,yes,Placebo-controlled
NMA024,NRCT0712,Allen,2014,JAMA Dermatol,32775749,Italy,Treatment C,Treatment D,480,631,binary,119,289,,,,,,,,36,60.1,9.3,57,80,Mild,Multiple,low,low,low,unclear,low,low,low,unclear,yes,yes,Placebo-controlled
NMA024,NRCT0713,Nguyen,2011,JACC,35798352,USA,Treatment E,Treatment B,513,364,binary,307,195,,,,,,,,36,57.1,10.7,32,67,Severe,None,low,low,low,low,low,low,low,low,no,yes,Placebo-controlled
NMA024,NRCT0714,Clark,2014,JAMA,31713156,Australia,Treatment D,Treatment B,321,613,binary,179,169,,,,,,,,12,63.5,10.5,61,77,Moderate-severe,CVD,low,low,low,low,low,low,low,low,no,yes,Placebo-controlled
NMA024,NRCT0715,Walker,2019,Lancet Psychiatry,32583388,Italy,Treatment E,Treatment A,447,681,continuous,,,48.1,14.3,50.5,15.5,,,,48,60.1,13.3,56,75,Severe,None,low,low,low,low,low,low,low,low,no,yes,Placebo-controlled
NMA024,NRCT0716,Wilson,2021,Blood,21111212,Mexico,Treatment C,Treatment B,739,458,survival,,,,,,,0.76,0.64,0.84,36,61.8,9.6,42,62,Severe,Multiple,low,low,low,low,low,low,low,low,no,yes,Placebo-controlled
NMA024,NRCT0717,Stewart,2015,Lancet Psychiatry,22954529,Italy,Treatment E,Treatment A,760,319,continuous,,,51.1,16.2,71.7,14.2,,,,12,55.3,11.4,32,81,Severe,None,low,low,low,low,low,low,low,low,yes,no,Head-to-head
NMA024,NRCT0718,Wilson,2015,J Clin Oncol,36830033,Germany,Treatment D,Treatment B,422,724,binary,166,280,,,,,,,,48,61.7,11.6,68,54,Moderate,Diabetes,low,low,low,low,low,low,low,low,no,yes,Placebo-controlled
NMA024,NRCT0719,Green,2012,J Clin Oncol,33928459,France,Treatment E,Treatment B,627,404,binary,177,95,,,,,,,,12,48.5,8.8,66,71,Moderate,Diabetes,low,low,low,low,low,low,low,low,yes,yes,Head-to-head
NMA024,NRCT0720,Garcia,2014,Lancet Respir Med,33203574,Sweden,Treatment D,Treatment E,626,498,binary,287,146,,,,,,,,36,63.4,13.3,58,68,Moderate,CVD,low,low,low,low,low,low,low,low,no,yes,Placebo-controlled
NMA024,NRCT0721,Bailey,2018,Neurology,23625556,South Korea,Treatment A,Treatment A,533,594,continuous,,,51.6,19.4,50.0,18.9,,,,24,58.6,13.5,48,72,Moderate-severe,HTN,low,low,low,low,low,low,low,low,no,no,Head-to-head
NMA025,NRCT0722,Brown,2020,Lancet,25887857,India,Treatment B,Treatment E,783,472,survival,,,,,,,0.85,0.75,1.01,36,57.0,9.4,66,63,Moderate-severe,Diabetes,low,low,low,low,low,low,low,low,no,yes,Placebo-controlled
NMA025,NRCT0723,Wright,2015,Lancet Psychiatry,22797412,Mexico,Treatment D,Treatment C,782,793,continuous,,,54.1,20.1,73.8,20.6,,,,48,44.1,13.2,58,77,Moderate-severe,Multiple,low,low,low,low,low,low,low,low,yes,yes,Placebo-controlled
NMA025,NRCT0724,Green,2011,Lancet Respir Med,33889871,Brazil,Treatment B,Treatment C,317,580,binary,163,123,,,,,,,,12,60.3,10.4,65,88,Moderate,None,low,low,low,low,low,low,low,low,no,yes,Placebo-controlled
NMA025,NRCT0725,Allen,2021,Lancet Respir Med,36220753,Brazil,Treatment B,Treatment A,397,538,survival,,,,,,,0.69,0.63,0.81,12,62.0,10.6,51,86,Moderate,Diabetes,low,low,low,low,low,low,low,low,yes,yes,Placebo-controlled
NMA025,NRCT0726,Davis,2019,JAMA,28920807,Spain,Treatment D,Treatment D,409,490,binary,78,282,,,,,,,,48,42.7,9.7,43,73,Severe,Diabetes,low,low,unclear,low,low,low,low,unclear,yes,yes,Placebo-controlled
NMA025,NRCT0727,Collins,2013,Lancet,25185039,South Korea,Treatment E,Treatment A,474,418,binary,71,164,,,,,,,,48,59.3,8.4,67,66,Moderate,Multiple,low,low,low,low,low,low,unclear,unclear,no,yes,Placebo-controlled
NMA025,NRCT0728,Reed,2013,Ann Rheum Dis,32259314,Germany,Treatment D,Treatment D,770,367,continuous,,,76.9,23.4,46.0,21.5,,,,24,59.7,13.0,32,62,Mild,Multiple,low,low,low,low,low,unclear,low,unclear,no,yes,Placebo-controlled
NMA025,NRCT0729,Young,2019,Lancet,31297131,Italy,Treatment E,Treatment B,601,430,binary,254,69,,,,,,,,24,52.3,10.3,34,52,Moderate-severe,HTN,unclear,low,low,low,low,low,low,unclear,no,yes,Placebo-controlled
NMA025,NRCT0730,Peterson,2023,Lancet Oncol,22422061,Denmark,Treatment C,Treatment D,630,383,continuous,,,60.2,22.7,74.0,21.9,,,,48,51.1,11.3,32,58,Mild,HTN,low,low,low,low,low,low,low,low,no,yes,Placebo-controlled
NMA025,NRCT0731,Jackson,2019,Lancet Neurol,22918763,UK,Treatment E,Treatment B,555,430,binary,117,108,,,,,,,,24,48.2,9.4,66,67,Moderate-severe,CVD,unclear,low,low,low,low,low,low,unclear,yes,yes,Placebo-controlled
NMA025,NRCT0732,Bell,2010,Gut,30100051,Sweden,Treatment B,Treatment E,546,509,binary,245,275,,,,,,,,36,46.5,11.3,32,57,Moderate,Multiple,low,low,low,low,low,low,low,low,yes,yes,Placebo-controlled
NMA025,NRCT0733,Baker,2016,Gut,24315569,Taiwan,Treatment D,Treatment C,309,661,binary,47,231,,,,,,,,36,46.4,13.2,37,77,Severe,Diabetes,low,low,low,low,low,low,low,low,no,yes,Placebo-controlled
NMA025,NRCT0734,Jackson,2018,Ann Rheum Dis,26172514,Singapore,Treatment A,Treatment A,391,272,binary,216,68,,,,,,,,48,56.1,10.9,62,54,Moderate,CVD,low,low,low,low,low,low,low,low,no,no,Placebo-controlled
NMA025,NRCT0735,Adams,2023,Neurology,36023086,USA,Treatment E,Treatment A,582,227,binary,169,130,,,,,,,,24,62.2,12.0,33,60,Severe,None,low,low,low,low,low,low,low,low,yes,yes,Placebo-controlled
NMA025,NRCT0736,Martinez,2022,J Clin Oncol,22821434,USA,Treatment C,Treatment D,443,487,binary,171,198,,,,,,,,36,64.7,10.9,45,74,Moderate-severe,HTN,low,low,low,low,low,low,low,low,no,yes,Head-to-head
NMA025,NRCT0737,Carter,2012,Lancet Neurol,34089879,Australia,Treatment A,Treatment E,614,278,binary,315,97,,,,,,,,24,63.2,12.6,62,63,Moderate-severe,Multiple,low,low,low,low,low,low,low,low,no,yes,Placebo-controlled
NMA025,NRCT0738,Reed,2010,JAMA,24662671,Spain,Treatment A,Treatment A,538,301,binary,160,136,,,,,,,,36,64.0,12.6,44,52,Moderate-severe,Multiple,low,low,low,low,low,low,low,low,no,yes,Placebo-controlled
NMA025,NRCT0739,Brown,2013,NEJM,26436672,Netherlands,Treatment C,Treatment E,423,646,survival,,,,,,,0.71,0.61,0.78,48,61.6,12.5,44,70,Moderate-severe,HTN,low,low,low,low,low,low,low,low,yes,no,Placebo-controlled
NMA025,NRCT0740,Martin,2012,J Clin Oncol,31632159,USA,Treatment E,Treatment E,305,689,continuous,,,48.2,22.7,56.8,21.6,,,,48,56.4,8.6,62,56,Severe,Diabetes,low,low,low,low,low,low,low,low,no,yes,Head-to-head
NMA025,NRCT0741,Taylor,2012,Lancet Psychiatry,23685996,Brazil,Treatment B,Treatment C,681,206,survival,,,,,,,0.87,0.76,0.98,36,55.5,8.8,65,68,Moderate,Multiple,low,low,low,low,low,low,low,low,yes,yes,Placebo-controlled
NMA025,NRCT0742,Parker,2016,J Clin Oncol,23104548,USA,Treatment A,Treatment A,231,368,continuous,,,69.1,17.2,67.8,23.4,,,,12,60.6,11.7,44,87,Moderate,Diabetes,low,low,low,low,low,low,low,low,no,yes,Placebo-controlled
NMA025,NRCT0743,King,2016,JAMA,22499313,China,Treatment B,Treatment D,774,434,continuous,,,53.7,17.4,56.2,16.1,,,,48,50.0,11.0,51,74,Moderate-severe,Multiple,low,low,low,low,low,low,low,low,no,no,Placebo-controlled
NMA025,NRCT0744,Peterson,2021,NEJM,34630881,South Korea,Treatment E,Treatment D,567,580,survival,,,,,,,0.78,0.69,0.88,24,47.3,13.1,50,79,Moderate,CVD,low,low,low,low,low,low,low,low,no,yes,Placebo-controlled
NMA025,NRCT0745,Davis,2013,NEJM,33686205,China,Treatment A,Treatment E,516,663,binary,79,144,,,,,,,,36,56.7,9.7,40,84,Moderate,None,low,low,low,low,low,low,low,low,no,no,Placebo-controlled
NMA025,NRCT0746,Reed,2014,NEJM,24161141,Mexico,Treatment C,Treatment C,321,360,survival,,,,,,,0.98,0.81,1.16,12,67.4,13.1,33,80,Moderate,CVD,low,low,low,low,low,low,low,low,no,yes,Placebo-controlled
NMA026,NRCT0747,Young,2022,NEJM,28392324,Taiwan,Treatment D,Treatment C,513,681,binary,231,291,,,,,,,,36,68.0,13.2,33,84,Moderate,CVD,low,low,low,low,low,low,low,low,no,no,Placebo-controlled
NMA026,NRCT0748,King,2017,BMJ,34635272,Singapore,Treatment C,Treatment D,642,479,survival,,,,,,,0.97,0.89,1.1,24,53.4,12.4,49,78,Severe,Multiple,low,low,low,low,low,low,low,low,no,no,Placebo-controlled
NMA026,NRCT0749,Robinson,2019,Lancet Respir Med,28002738,Singapore,Treatment E,Treatment A,790,301,continuous,,,55.6,19.6,46.9,24.8,,,,12,60.0,9.1,35,85,Severe,CVD,low,low,low,low,low,low,low,low,no,yes,Placebo-controlled
NMA026,NRCT0750,Thomas,2020,Lancet Psychiatry,25536667,Mexico,Treatment D,Treatment E,222,382,binary,100,150,,,,,,,,48,56.2,9.1,64,65,Severe,Multiple,low,low,low,low,low,low,unclear,unclear,no,yes,Head-to-head
NMA026,NRCT0751,Mitchell,2012,Neurology,29523348,Germany,Treatment D,Treatment B,764,702,binary,433,356,,,,,,,,36,42.5,9.6,42,78,Moderate-severe,CVD,low,low,low,low,low,low,low,low,yes,yes,Placebo-controlled
NMA026,NRCT0752,Howard,2014,Blood,24880020,Australia,Treatment B,Treatment B,218,628,binary,35,147,,,,,,,,48,58.5,12.0,41,76,Severe,None,low,low,low,low,low,low,low,low,yes,yes,Placebo-controlled
NMA026,NRCT0753,Bailey,2020,Lancet Respir Med,35130543,UK,Treatment A,Treatment E,780,510,continuous,,,68.4,17.9,46.3,22.3,,,,48,59.6,11.1,38,69,Moderate-severe,HTN,low,low,low,low,low,low,low,low,no,yes,Head-to-head
NMA026,NRCT0754,Murphy,2015,BMJ,22648814,India,Treatment B,Treatment E,626,409,binary,300,167,,,,,,,,36,66.3,11.7,54,63,Moderate,Diabetes,low,low,low,low,low,low,low,low,no,yes,Head-to-head
NMA026,NRCT0755,Turner,2020,NEJM,29883498,Taiwan,Treatment A,Treatment E,793,638,binary,273,381,,,,,,,,48,52.9,8.7,60,59,Severe,HTN,low,low,low,low,low,low,low,low,no,yes,Head-to-head
NMA026,NRCT0756,Cook,2011,Lancet Respir Med,35908371,Canada,Treatment B,Treatment B,745,347,survival,,,,,,,0.76,0.69,0.89,24,52.0,13.5,41,78,Mild,None,low,low,low,low,low,low,low,low,yes,yes,Head-to-head
NMA026,NRCT0757,Harris,2012,Circulation,33831821,Taiwan,Treatment C,Treatment D,515,374,continuous,,,48.5,24.0,48.1,21.5,,,,24,62.8,9.5,40,76,Moderate,Diabetes,low,low,low,low,low,low,low,low,no,yes,Head-to-head
NMA026,NRCT0758,Nelson,2017,Circulation,28554285,USA,Treatment D,Treatment A,368,574,survival,,,,,,,0.75,0.64,0.86,36,56.4,9.7,46,55,Moderate,CVD,low,low,low,low,low,low,low,low,yes,yes,Head-to-head
NMA026,NRCT0759,Young,2016,Neurology,29834042,Italy,Treatment C,Treatment B,671,353,survival,,,,,,,1.0,0.82,1.19,36,66.6,11.9,67,75,Mild,HTN,low,low,low,low,low,low,low,low,yes,yes,Placebo-controlled
NMA026,NRCT0760,Edwards,2016,NEJM,36166386,Sweden,Treatment D,Treatment E,666,737,survival,,,,,,,0.63,0.58,0.71,12,44.3,12.7,48,85,Mild,None,low,low,low,low,low,low,low,low,yes,yes,Placebo-controlled
NMA026,NRCT0761,Johnson,2019,JAMA Dermatol,21084529,China,Treatment D,Treatment B,406,421,binary,194,100,,,,,,,,48,55.9,13.3,49,73,Mild,Diabetes,low,low,low,low,low,low,low,low,yes,no,Placebo-controlled
NMA026,NRCT0762,Martin,2015,BMJ,36167671,Japan,Treatment D,Treatment A,237,459,survival,,,,,,,0.72,0.59,0.83,12,57.2,8.1,68,69,Mild,None,low,low,low,low,low,low,low,low,no,yes,Head-to-head
NMA026,NRCT0763,Baker,2023,JAMA,26294036,Australia,Treatment D,Treatment C,604,462,continuous,,,74.1,13.1,58.5,12.3,,,,12,46.2,10.3,33,54,Moderate-severe,None,low,low,low,low,low,low,low,low,yes,yes,Placebo-controlled
NMA026,NRCT0764,Wilson,2014,Lancet Oncol,30631723,South Korea,Treatment D,Treatment D,219,680,binary,101,399,,,,,,,,24,64.6,12.8,51,79,Severe,None,low,low,low,low,low,low,low,low,no,yes,Placebo-controlled
NMA026,NRCT0765,Collins,2014,Gut,26558098,India,Treatment E,Treatment E,664,688,survival,,,,,,,0.92,0.82,1.09,36,52.8,13.9,41,78,Moderate-severe,None,low,low,low,low,low,low,low,low,yes,no,Placebo-controlled
NMA026,NRCT0766,Allen,2016,Lancet Neurol,25876709,Brazil,Treatment E,Treatment B,510,336,binary,152,189,,,,,,,,36,60.5,12.4,49,83,Moderate-severe,None,low,unclear,low,low,low,low,low,unclear,no,yes,Placebo-controlled
NMA026,NRCT0767,King,2014,Neurology,30262214,Belgium,Treatment B,Treatment D,471,440,continuous,,,68.2,21.1,73.7,19.0,,,,36,43.3,11.7,65,69,Moderate-severe,HTN,low,low,low,low,low,low,low,low,yes,yes,Placebo-controlled
NMA026,NRCT0768,Thompson,2018,Lancet Neurol,21564090,South Korea,Treatment C,Treatment B,454,684,survival,,,,,,,0.72,0.63,0.84,12,62.2,12.6,49,85,Mild,CVD,low,low,low,low,low,low,low,low,yes,yes,Placebo-controlled
NMA026,NRCT0769,Miller,2023,BMJ,33720046,USA,Treatment A,Treatment A,452,577,continuous,,,74.2,14.8,45.7,12.4,,,,12,45.7,8.2,41,55,Moderate,Diabetes,low,low,low,low,low,low,low,low,yes,yes,Placebo-controlled
NMA026,NRCT0770,Collins,2021,Circulation,28884434,Sweden,Treatment A,Treatment E,685,274,continuous,,,72.3,19.8,67.3,23.4,,,,24,49.5,11.9,57,83,Severe,CVD,low,low,low,low,low,low,low,low,yes,yes,Head-to-head
NMA026,NRCT0771,Lewis,2016,BMJ,24543737,France,Treatment E,Treatment A,236,684,survival,,,,,,,0.68,0.55,0.78,12,62.0,13.0,37,73,Moderate-severe,CVD,low,low,low,low,low,low,low,low,yes,yes,Head-to-head
NMA026,NRCT0772,Johnson,2013,Circulation,23801635,USA,Treatment E,Treatment B,204,413,binary,89,157,,,,,,,,12,63.1,9.0,33,67,Moderate-severe,Multiple,low,low,low,low,low,low,low,low,yes,no,Placebo-controlled
NMA026,NRCT0773,Edwards,2013,Lancet Respir Med,30427009,Taiwan,Treatment D,Treatment D,705,336,continuous,,,49.2,16.7,71.8,14.4,,,,24,58.9,10.9,42,67,Mild,CVD,low,low,low,low,low,low,low,low,yes,yes,Placebo-controlled
NMA026,NRCT0774,Lewis,2010,JAMA,27531644,Spain,Treatment D,Treatment C,557,727,survival,,,,,,,0.85,0.72,1.01,24,58.5,8.1,54,64,Moderate,CVD,low,low,low,low,low,low,low,low,no,yes,Placebo-controlled
NMA026,NRCT0775,Robinson,2019,Circulation,30128631,Canada,Treatment C,Treatment D,226,269,continuous,,,59.5,16.0,47.9,16.3,,,,24,47.7,8.5,56,84,Severe,Multiple,low,low,low,low,low,low,low,low,no,yes,Head-to-head
NMA026,NRCT0776,Davis,2019,JAMA,28532291,China,Treatment B,Treatment A,557,549,survival,,,,,,,0.84,0.77,1.01,48,46.7,9.5,42,78,Mild,HTN,low,low,low,low,low,low,low,low,no,no,Head-to-head
NMA027,NRCT0777,Turner,2018,Lancet Respir Med,36292988,Germany,Treatment D,Treatment C,476,727,survival,,,,,,,0.71,0.62,0.77,24,47.6,8.8,65,77,Severe,HTN,low,low,low,low,low,low,low,low,yes,yes,Placebo-controlled
NMA027,NRCT0778,Roberts,2017,Gut,26951738,Spain,Treatment D,Treatment C,395,520,survival,,,,,,,0.68,0.57,0.81,24,44.3,10.1,50,68,Mild,Multiple,low,low,low,low,low,low,low,low,no,yes,Head-to-head
NMA027,NRCT0779,Murphy,2017,JACC,27573700,China,Treatment E,Treatment D,581,441,continuous,,,62.1,21.7,66.5,16.6,,,,36,45.0,13.4,56,54,Moderate-severe,HTN,low,low,low,low,low,low,low,low,no,yes,Head-to-head
NMA027,NRCT0780,Johnson,2018,Blood,33308260,Brazil,Treatment C,Treatment C,293,779,binary,67,284,,,,,,,,48,56.5,10.9,53,87,Severe,None,low,low,low,low,low,unclear,low,unclear,no,yes,Placebo-controlled
NMA027,NRCT0781,Davis,2019,Circulation,32610628,Australia,Treatment E,Treatment D,517,506,survival,,,,,,,0.93,0.85,1.09,12,65.6,12.2,41,78,Moderate-severe,HTN,low,low,low,low,low,low,low,low,yes,yes,Head-to-head
NMA027,NRCT0782,Morris,2021,Circulation,35727847,Singapore,Treatment B,Treatment A,645,380,binary,241,131,,,,,,,,36,48.2,9.3,65,66,Severe,CVD,low,low,low,low,high,low,low,high,no,yes,Head-to-head
NMA027,NRCT0783,Thomas,2017,Lancet Neurol,28643198,India,Treatment C,Treatment B,489,348,survival,,,,,,,0.69,0.6,0.78,12,56.6,12.9,61,56,Moderate,Multiple,low,low,low,low,low,low,low,low,no,yes,Placebo-controlled
NMA027,NRCT0784,Cooper,2013,Neurology,34915905,UK,Treatment D,Treatment B,467,442,binary,83,71,,,,,,,,24,51.5,9.7,54,67,Severe,CVD,low,low,low,low,low,low,low,low,yes,yes,Placebo-controlled
NMA027,NRCT0785,Anderson,2018,JAMA,27775524,Sweden,Treatment A,Treatment D,325,257,continuous,,,53.5,13.9,61.2,23.4,,,,24,47.3,10.6,53,64,Moderate,None,low,low,low,low,low,low,low,low,yes,yes,Placebo-controlled
NMA027,NRCT0786,Nelson,2011,JACC,30474241,South Korea,Treatment C,Treatment E,536,350,binary,155,137,,,,,,,,36,51.6,10.8,56,78,Moderate,None,low,low,low,low,low,low,low,low,no,yes,Placebo-controlled
NMA027,NRCT0787,Kelly,2015,Blood,25024035,UK,Treatment E,Treatment E,553,346,binary,279,185,,,,,,,,36,55.9,13.2,42,73,Moderate,Multiple,low,low,unclear,low,low,low,low,unclear,yes,yes,Placebo-controlled
NMA027,NRCT0788,Mitchell,2010,JACC,26833396,France,Treatment B,Treatment E,468,647,continuous,,,49.4,23.9,72.1,12.3,,,,48,65.9,11.4,38,74,Moderate-severe,HTN,low,low,low,low,low,low,low,low,no,no,Placebo-controlled
NMA027,NRCT0789,Peterson,2023,J Clin Oncol,27234873,Brazil,Treatment D,Treatment B,649,369,binary,315,142,,,,,,,,36,47.9,10.1,62,71,Severe,None,low,low,low,low,low,low,low,low,no,yes,Placebo-controlled
NMA027,NRCT0790,Rogers,2014,Ann Rheum Dis,24827879,Denmark,Treatment C,Treatment E,637,643,survival,,,,,,,1.03,0.87,1.14,48,49.2,9.1,37,81,Mild,HTN,low,low,low,low,low,low,low,low,yes,yes,Placebo-controlled
NMA027,NRCT0791,White,2012,JAMA,24791521,Singapore,Treatment C,Treatment C,425,201,continuous,,,62.8,20.2,73.3,16.7,,,,24,50.8,13.1,54,52,Moderate-severe,Multiple,low,low,low,low,low,low,low,low,no,yes,Head-to-head
NMA027,NRCT0792,Reed,2019,Ann Rheum Dis,28764611,Mexico,Treatment A,Treatment E,607,635,survival,,,,,,,0.6,0.51,0.68,24,59.7,12.1,48,76,Severe,HTN,low,low,low,low,low,low,low,low,no,yes,Placebo-controlled
NMA027,NRCT0793,Phillips,2012,Lancet Neurol,28653505,Canada,Treatment E,Treatment A,761,784,survival,,,,,,,0.78,0.67,0.87,36,46.6,9.0,34,81,Moderate-severe,HTN,low,unclear,low,low,low,low,low,unclear,yes,yes,Placebo-controlled
NMA027,NRCT0794,Lee,2018,J Clin Oncol,36628291,Mexico,Treatment B,Treatment E,303,291,continuous,,,62.4,12.2,48.5,19.4,,,,12,51.4,8.3,60,71,Mild,None,low,low,low,low,low,low,low,low,no,no,Placebo-controlled
NMA027,NRCT0795,Robinson,2012,JAMA,26648229,Taiwan,Treatment C,Treatment B,790,741,survival,,,,,,,0.74,0.65,0.81,36,53.0,10.8,34,56,Moderate-severe,Diabetes,low,low,low,low,low,low,low,low,yes,yes,Placebo-controlled
NMA027,NRCT0796,Garcia,2021,Lancet,35049749,Taiwan,Treatment E,Treatment B,591,557,survival,,,,,,,0.81,0.72,0.94,12,60.4,13.7,52,63,Moderate-severe,Diabetes,low,low,low,low,low,low,low,low,yes,no,Placebo-controlled
NMA027,NRCT0797,Robinson,2017,Lancet Respir Med,36128676,Netherlands,Treatment D,Treatment E,248,517,survival,,,,,,,0.66,0.56,0.74,36,55.7,12.6,46,70,Severe,Multiple,unclear,low,low,low,low,low,low,unclear,yes,yes,Head-to-head
NMA027,NRCT0798,Morris,2018,JAMA Dermatol,21594056,UK,Treatment E,Treatment C,727,360,binary,153,205,,,,,,,,48,42.6,12.6,50,60,Moderate,CVD,low,low,low,low,low,low,unclear,unclear,no,no,Placebo-controlled
NMA027,NRCT0799,Garcia,2017,NEJM,27298660,Spain,Treatment C,Treatment E,533,309,continuous,,,74.0,13.9,73.6,12.0,,,,12,49.7,13.0,37,88,Mild,None,low,low,low,low,low,low,low,low,yes,yes,Placebo-controlled
NMA027,NRCT0800,Martin,2014,Blood,35575926,Canada,Treatment E,Treatment D,701,208,continuous,,,62.7,18.6,72.0,18.8,,,,48,64.5,9.7,57,58,Moderate,HTN,low,low,low,low,low,low,low,low,yes,yes,Head-to-head
NMA027,NRCT0801,Miller,2019,BMJ,21608878,Denmark,Treatment C,Treatment A,231,302,survival,,,,,,,0.85,0.72,0.95,24,48.7,8.3,54,74,Moderate-severe,None,low,low,low,low,low,low,low,low,yes,no,Head-to-head
NMA027,NRCT0802,Jackson,2015,J Clin Oncol,31779607,South Korea,Treatment A,Treatment C,204,364,binary,92,154,,,,,,,,48,59.5,10.9,50,69,Moderate,Multiple,low,low,low,low,low,low,low,low,no,yes,Placebo-controlled
NMA027,NRCT0803,Torres,2015,JAMA Dermatol,34232932,Germany,Treatment D,Treatment E,337,578,binary,141,281,,,,,,,,36,67.3,9.0,67,62,Moderate,Multiple,low,low,low,low,low,low,low,low,no,no,Placebo-controlled
NMA028,NRCT0804,Thompson,2015,Lancet Psychiatry,30198982,Taiwan,Treatment A,Treatment E,381,729,binary,87,343,,,,,,,,48,58.6,9.4,53,54,Mild,CVD,low,low,low,low,low,low,low,low,no,no,Placebo-controlled
NMA028,NRCT0805,Torres,2021,Lancet Neurol,28196034,Mexico,Treatment B,Treatment D,480,435,binary,72,151,,,,,,,,24,47.5,9.0,33,59,Mild,Diabetes,low,low,low,low,low,low,low,low,no,yes,Head-to-head
NMA028,NRCT0806,Jones,2022,Circulation,26602422,Denmark,Treatment D,Treatment D,745,686,binary,226,148,,,,,,,,48,43.6,12.9,42,88,Mild,Diabetes,low,low,low,low,low,low,low,low,no,yes,Head-to-head
NMA028,NRCT0807,Baker,2017,Circulation,31998102,South Korea,Treatment A,Treatment D,535,750,continuous,,,54.0,23.6,73.3,23.9,,,,24,57.4,13.5,61,73,Moderate,Multiple,low,low,low,low,low,low,low,low,yes,yes,Head-to-head
NMA028,NRCT0808,Davis,2020,BMJ,29551253,Singapore,Treatment A,Treatment B,619,759,survival,,,,,,,1.02,0.82,1.14,36,49.7,12.5,47,73,Moderate-severe,HTN,low,low,low,low,low,low,low,low,yes,no,Placebo-controlled
NMA028,NRCT0809,Stewart,2018,Gut,32520385,Germany,Treatment D,Treatment A,315,345,continuous,,,68.6,16.3,46.1,23.1,,,,48,43.8,10.5,47,62,Moderate-severe,None,low,low,low,low,low,low,low,low,no,yes,Placebo-controlled
NMA028,NRCT0810,Miller,2017,Blood,34654805,Australia,Treatment A,Treatment A,496,717,binary,188,398,,,,,,,,48,51.4,11.5,35,87,Mild,Diabetes,low,low,low,low,low,low,low,low,yes,no,Placebo-controlled
NMA028,NRCT0811,Martin,2020,Neurology,32931957,South Korea,Treatment C,Treatment C,584,205,continuous,,,77.7,20.7,72.9,18.4,,,,24,51.6,9.9,54,72,Mild,Multiple,low,low,low,low,low,low,low,low,no,yes,Placebo-controlled
NMA028,NRCT0812,Stewart,2012,JAMA,22914292,Denmark,Treatment B,Treatment E,255,349,survival,,,,,,,0.69,0.6,0.8,24,60.8,9.7,64,67,Mild,CVD,low,low,low,low,low,low,low,low,no,yes,Head-to-head
NMA028,NRCT0813,Morris,2012,Blood,30935328,USA,Treatment C,Treatment A,647,680,binary,300,256,,,,,,,,36,63.3,8.3,59,59,Mild,Multiple,low,low,low,low,low,low,low,low,yes,yes,Head-to-head
NMA028,NRCT0814,Carter,2010,Circulation,34875420,Netherlands,Treatment E,Treatment E,689,322,binary,384,141,,,,,,,,36,58.5,9.6,67,63,Moderate-severe,CVD,low,low,low,low,low,low,low,low,yes,yes,Placebo-controlled
NMA028,NRCT0815,Adams,2012,Gut,31511599,South Korea,Treatment A,Treatment E,771,688,binary,350,184,,,,,,,,48,65.3,13.8,34,81,Mild,Multiple,low,low,low,low,low,low,low,low,no,yes,Placebo-controlled
NMA028,NRCT0816,Lewis,2021,Gut,23724747,Brazil,Treatment A,Treatment C,410,229,continuous,,,61.7,19.1,58.3,23.8,,,,24,51.1,9.8,55,73,Mild,CVD,low,low,low,low,low,low,low,low,no,yes,Head-to-head
NMA028,NRCT0817,Jackson,2022,JAMA Dermatol,31669808,India,Treatment D,Treatment C,367,796,binary,86,223,,,,,,,,12,54.7,10.7,57,77,Mild,None,low,low,low,low,low,low,low,low,yes,yes,Placebo-controlled
NMA028,NRCT0818,Collins,2014,JAMA,32966009,Mexico,Treatment B,Treatment E,423,773,binary,90,255,,,,,,,,48,44.6,10.0,58,88,Moderate-severe,HTN,low,low,low,low,low,low,low,low,yes,yes,Head-to-head
NMA028,NRCT0819,Edwards,2011,NEJM,28927696,Italy,Treatment E,Treatment E,623,368,continuous,,,59.2,17.9,58.8,13.0,,,,24,49.5,10.0,59,56,Moderate,CVD,low,low,low,low,low,low,low,low,yes,no,Placebo-controlled
NMA028,NRCT0820,Torres,2023,Circulation,28475824,Canada,Treatment B,Treatment E,743,784,binary,317,239,,,,,,,,24,59.1,8.3,47,77,Mild,CVD,low,low,low,low,low,low,low,low,yes,yes,Placebo-controlled
NMA028,NRCT0821,Lewis,2020,NEJM,25588148,UK,Treatment D,Treatment B,546,534,binary,187,204,,,,,,,,36,59.0,13.7,35,63,Moderate,CVD,low,low,low,low,low,low,low,low,yes,yes,Placebo-controlled
NMA028,NRCT0822,Roberts,2014,Lancet,24769617,UK,Treatment C,Treatment A,314,761,binary,89,173,,,,,,,,24,47.4,9.2,37,62,Mild,None,low,low,low,low,low,low,low,low,no,yes,Placebo-controlled
NMA028,NRCT0823,Turner,2018,Gut,21320744,Japan,Treatment B,Treatment E,675,775,binary,172,254,,,,,,,,36,43.9,8.8,35,88,Moderate-severe,CVD,low,low,low,low,low,low,low,low,no,yes,Placebo-controlled
NMA028,NRCT0824,Mitchell,2023,Circulation,25449374,Italy,Treatment C,Treatment D,714,555,binary,310,193,,,,,,,,24,63.1,12.9,61,84,Moderate,Diabetes,low,unclear,low,low,low,low,low,unclear,yes,yes,Head-to-head
NMA028,NRCT0825,Hill,2011,NEJM,30806112,Japan,Treatment D,Treatment E,447,543,binary,111,205,,,,,,,,24,56.3,13.5,55,53,Severe,None,low,low,low,low,low,low,low,low,no,yes,Placebo-controlled
NMA028,NRCT0826,Collins,2013,Neurology,31765608,Australia,Treatment A,Treatment B,726,245,binary,124,72,,,,,,,,12,50.6,11.1,50,87,Severe,HTN,low,low,low,low,low,low,low,low,no,yes,Placebo-controlled
NMA028,NRCT0827,King,2015,Neurology,24099893,Italy,Treatment C,Treatment E,455,712,survival,,,,,,,0.71,0.62,0.83,12,46.3,12.7,67,60,Moderate,HTN,low,low,low,low,low,low,low,low,no,no,Placebo-controlled
NMA028,NRCT0828,Cook,2018,Circulation,30866964,Denmark,Treatment A,Treatment E,243,549,binary,145,250,,,,,,,,12,49.8,12.1,32,69,Mild,Diabetes,low,low,low,low,low,low,low,low,yes,yes,Placebo-controlled
NMA028,NRCT0829,Allen,2019,Neurology,26101570,Canada,Treatment B,Treatment B,581,440,binary,315,242,,,,,,,,48,51.4,12.0,51,87,Moderate,Multiple,low,low,low,low,low,low,low,low,no,yes,Placebo-controlled
NMA028,NRCT0830,Baker,2012,JAMA,30975421,Netherlands,Treatment A,Treatment D,731,485,binary,253,103,,,,,,,,48,49.5,8.3,60,76,Mild,Multiple,low,low,low,low,low,low,low,low,no,yes,Placebo-controlled
NMA028,NRCT0831,Bell,2012,JACC,23460622,Italy,Treatment D,Treatment B,722,324,binary,400,187,,,,,,,,12,45.1,11.6,53,61,Moderate-severe,Diabetes,low,low,low,low,unclear,low,low,unclear,no,yes,Head-to-head
NMA028,NRCT0832,Turner,2016,BMJ,30997577,Brazil,Treatment D,Treatment B,311,477,continuous,,,70.5,15.2,65.5,13.5,,,,24,54.5,12.7,60,58,Mild,None,low,low,low,low,low,low,low,low,yes,yes,Placebo-controlled
NMA028,NRCT0833,Young,2010,Lancet Oncol,34333999,Taiwan,Treatment E,Treatment D,375,329,binary,214,176,,,,,,,,48,51.5,13.9,39,78,Mild,None,low,low,low,low,low,low,low,low,no,yes,Placebo-controlled
NMA028,NRCT0834,White,2010,Lancet Oncol,25825847,Brazil,Treatment A,Treatment E,758,712,binary,262,152,,,,,,,,48,54.2,10.8,41,54,Severe,Multiple,low,low,low,low,low,low,low,low,no,no,Placebo-controlled
NMA028,NRCT0835,Evans,2012,J Clin Oncol,23862280,France,Treatment E,Treatment D,222,612,binary,102,279,,,,,,,,24,61.5,13.9,53,79,Severe,Diabetes,low,low,low,low,low,low,low,low,yes,yes,Placebo-controlled
NMA029,NRCT0836,Harris,2019,J Clin Oncol,30380502,Italy,Treatment A,Treatment D,528,250,continuous,,,62.0,20.3,77.7,12.1,,,,12,57.3,10.7,49,53,Moderate-severe,None,low,low,low,low,low,low,low,low,no,yes,Head-to-head
NMA029,NRCT0837,Carter,2020,NEJM,24711428,Brazil,Treatment E,Treatment A,327,529,continuous,,,69.7,14.3,69.6,16.5,,,,48,55.4,12.7,32,87,Mild,HTN,low,low,low,low,low,low,low,low,no,yes,Head-to-head
NMA029,NRCT0838,Martinez,2012,BMJ,35974479,Mexico,Treatment B,Treatment A,794,440,continuous,,,69.3,12.3,46.7,18.8,,,,12,59.2,9.6,67,70,Moderate,None,low,low,low,low,low,low,low,low,no,yes,Placebo-controlled
NMA029,NRCT0839,Lee,2010,BMJ,33805392,USA,Treatment D,Treatment A,432,201,binary,74,93,,,,,,,,36,64.4,10.4,51,88,Severe,None,low,low,low,low,low,low,low,low,yes,yes,Placebo-controlled
NMA029,NRCT0840,Walker,2011,JACC,34050906,Japan,Treatment B,Treatment C,675,661,binary,245,377,,,,,,,,36,65.9,9.2,56,78,Moderate-severe,Diabetes,low,low,low,low,low,low,low,low,no,yes,Head-to-head
NMA029,NRCT0841,Young,2021,Circulation,36229590,India,Treatment E,Treatment B,271,517,binary,122,267,,,,,,,,48,57.2,8.8,57,85,Moderate-severe,CVD,low,low,low,low,low,low,low,low,yes,yes,Head-to-head
NMA029,NRCT0842,Morgan,2014,Lancet Neurol,36436690,India,Treatment C,Treatment D,628,667,continuous,,,69.6,21.5,50.5,23.3,,,,12,44.6,9.5,65,76,Mild,None,low,low,low,unclear,low,low,low,unclear,no,yes,Head-to-head
NMA029,NRCT0843,Baker,2023,J Clin Oncol,32969735,Germany,Treatment D,Treatment B,264,681,continuous,,,72.6,23.2,57.8,17.6,,,,36,49.3,10.1,46,83,Moderate,HTN,low,low,low,low,low,low,low,low,no,no,Placebo-controlled
NMA029,NRCT0844,Wilson,2019,JAMA,34560915,Canada,Treatment A,Treatment D,784,417,continuous,,,68.5,17.5,50.6,14.1,,,,36,53.8,9.3,45,70,Severe,CVD,low,low,low,low,low,low,low,low,yes,yes,Placebo-controlled
NMA029,NRCT0845,Miller,2013,Lancet,22820750,USA,Treatment A,Treatment B,296,703,binary,84,333,,,,,,,,36,43.8,10.3,43,71,Mild,CVD,low,low,low,low,low,low,low,low,yes,no,Placebo-controlled
NMA029,NRCT0846,Anderson,2022,Gut,35010722,Netherlands,Treatment E,Treatment C,341,384,binary,188,165,,,,,,,,48,53.7,9.7,51,61,Severe,HTN,low,low,low,low,low,low,low,low,no,yes,Placebo-controlled
NMA029,NRCT0847,Anderson,2011,Lancet Neurol,28212231,South Korea,Treatment C,Treatment B,319,434,continuous,,,54.0,17.6,59.8,14.2,,,,12,65.3,11.4,64,79,Moderate,None,low,low,low,low,low,low,low,low,no,yes,Placebo-controlled
NMA029,NRCT0848,Baker,2015,Gut,34788381,Brazil,Treatment C,Treatment C,332,318,survival,,,,,,,1.0,0.84,1.09,12,57.2,12.2,46,87,Moderate,HTN,low,low,low,low,low,low,low,low,no,yes,Placebo-controlled
NMA029,NRCT0849,Wright,2016,Lancet Respir Med,30219090,Italy,Treatment A,Treatment A,247,388,binary,119,229,,,,,,,,24,47.7,9.6,39,72,Moderate,None,low,unclear,low,low,low,low,low,unclear,yes,yes,Placebo-controlled
NMA029,NRCT0850,Thompson,2014,Blood,29497590,Australia,Treatment E,Treatment C,317,259,binary,80,84,,,,,,,,24,46.1,9.7,41,67,Moderate-severe,None,low,low,low,low,low,low,low,low,no,yes,Head-to-head
NMA029,NRCT0851,Jones,2022,Lancet Psychiatry,25250186,Australia,Treatment D,Treatment E,366,344,binary,102,145,,,,,,,,36,46.5,11.0,66,56,Moderate-severe,Diabetes,low,low,low,low,low,low,low,low,yes,yes,Placebo-controlled
NMA029,NRCT0852,Collins,2012,BMJ,21616916,China,Treatment B,Treatment E,559,521,continuous,,,50.0,21.2,77.3,19.1,,,,24,55.0,12.2,35,56,Moderate-severe,None,low,low,low,low,low,low,low,low,yes,yes,Placebo-controlled
NMA029,NRCT0853,Hill,2019,Lancet Oncol,28943627,Singapore,Treatment A,Treatment A,356,629,binary,113,377,,,,,,,,48,50.8,9.4,51,86,Moderate,Multiple,low,low,low,low,low,low,low,low,yes,yes,Placebo-controlled
NMA029,NRCT0854,Miller,2023,BMJ,24562225,Denmark,Treatment C,Treatment B,216,773,survival,,,,,,,0.98,0.82,1.07,12,51.6,13.8,63,52,Mild,HTN,low,low,low,low,low,low,low,low,no,yes,Placebo-controlled
NMA029,NRCT0855,Thompson,2019,JAMA Dermatol,27006813,Germany,Treatment D,Treatment A,205,383,binary,119,188,,,,,,,,24,46.4,8.5,39,59,Moderate-severe,Diabetes,low,low,low,low,low,low,unclear,unclear,yes,yes,Placebo-controlled
NMA029,NRCT0856,Nguyen,2016,Neurology,27073097,Spain,Treatment D,Treatment E,790,219,binary,244,72,,,,,,,,36,63.2,10.7,60,55,Severe,HTN,low,low,low,low,low,low,low,low,yes,yes,Head-to-head
NMA029,NRCT0857,Johnson,2022,JAMA Dermatol,35861964,Singapore,Treatment E,Treatment A,493,314,binary,95,94,,,,,,,,48,66.5,8.0,61,56,Severe,CVD,unclear,low,low,low,low,low,low,unclear,yes,yes,Placebo-controlled
NMA029,NRCT0858,Martinez,2011,Circulation,21114347,Australia,Treatment A,Treatment A,257,202,binary,143,119,,,,,,,,36,62.8,9.5,43,73,Mild,HTN,low,low,low,low,low,low,low,low,no,no,Head-to-head
NMA029,NRCT0859,Jackson,2022,Lancet Oncol,26770285,Singapore,Treatment D,Treatment A,437,478,binary,124,189,,,,,,,,48,66.8,13.2,53,81,Moderate,HTN,low,low,low,low,low,low,low,low,yes,yes,Head-to-head
NMA029,NRCT0860,Garcia,2022,Lancet Neurol,36650723,Brazil,Treatment A,Treatment A,661,296,continuous,,,74.7,14.2,61.6,16.5,,,,48,55.7,13.6,42,61,Moderate,Diabetes,low,low,low,low,low,low,low,low,no,yes,Placebo-controlled
NMA030,NRCT0861,Cooper,2013,JAMA Dermatol,29702101,China,Treatment D,Treatment C,760,226,binary,273,45,,,,,,,,48,55.8,9.3,64,83,Moderate,None,low,low,low,low,low,low,low,low,yes,yes,Placebo-controlled
NMA030,NRCT0862,Young,2013,JAMA Dermatol,28486219,France,Treatment A,Treatment E,479,211,binary,268,115,,,,,,,,48,42.9,11.7,42,52,Moderate-severe,Multiple,low,low,low,low,low,low,low,low,no,no,Placebo-controlled
NMA030,NRCT0863,Cooper,2015,Lancet Psychiatry,26204585,Canada,Treatment A,Treatment C,435,572,binary,243,228,,,,,,,,36,57.7,9.5,62,56,Moderate,HTN,low,low,low,low,low,low,low,low,no,yes,Placebo-controlled
NMA030,NRCT0864,Jackson,2012,Neurology,23815225,Japan,Treatment B,Treatment C,765,580,continuous,,,49.2,25.0,60.7,13.7,,,,48,52.1,8.6,46,74,Severe,Diabetes,low,low,low,low,low,low,low,low,yes,yes,Placebo-controlled
NMA030,NRCT0865,Green,2014,Lancet Respir Med,35359384,USA,Treatment D,Treatment B,660,683,survival,,,,,,,0.69,0.57,0.81,48,64.9,12.4,62,82,Moderate-severe,Diabetes,low,low,low,low,low,low,low,low,yes,yes,Placebo-controlled
NMA030,NRCT0866,Cooper,2013,BMJ,25059642,UK,Treatment B,Treatment E,726,554,binary,146,205,,,,,,,,12,64.5,9.8,66,58,Moderate,Diabetes,low,low,low,low,low,low,low,low,yes,yes,Head-to-head
NMA030,NRCT0867,Young,2016,Lancet Psychiatry,33950752,Netherlands,Treatment A,Treatment C,347,300,binary,202,135,,,,,,,,24,66.6,10.8,64,72,Moderate-severe,HTN,high,low,low,low,low,low,low,high,yes,yes,Placebo-controlled
NMA030,NRCT0868,Reed,2013,Lancet,21604150,Spain,Treatment C,Treatment C,393,532,binary,218,156,,,,,,,,48,50.6,10.3,52,52,Moderate-severe,HTN,low,low,low,low,low,low,low,low,yes,no,Head-to-head
NMA030,NRCT0869,Edwards,2014,Blood,33950727,Japan,Treatment C,Treatment E,479,557,survival,,,,,,,0.84,0.71,0.92,12,46.1,12.3,57,80,Severe,Diabetes,low,low,low,low,low,low,low,low,no,no,Placebo-controlled
NMA030,NRCT0870,Turner,2023,JACC,21502679,Taiwan,Treatment C,Treatment C,518,493,survival,,,,,,,1.0,0.85,1.19,48,42.7,9.6,35,72,Moderate-severe,Multiple,low,low,low,low,low,low,low,low,no,yes,Placebo-controlled
NMA030,NRCT0871,Thompson,2019,Ann Rheum Dis,23805830,Germany,Treatment D,Treatment D,323,638,continuous,,,71.1,17.1,73.6,18.8,,,,24,56.4,12.0,67,82,Mild,Diabetes,low,low,low,low,low,low,low,low,yes,yes,Placebo-controlled
NMA030,NRCT0872,Campbell,2012,JAMA Dermatol,34119513,Taiwan,Treatment C,Treatment D,241,661,binary,101,280,,,,,,,,12,53.3,12.4,48,56,Moderate-severe,None,low,low,low,low,low,low,low,low,no,yes,Placebo-controlled
NMA030,NRCT0873,Thompson,2021,Circulation,36057903,Denmark,Treatment B,Treatment A,642,393,survival,,,,,,,0.86,0.71,1.0,12,57.2,13.8,44,54,Moderate-severe,CVD,low,low,low,low,low,low,low,low,no,no,Placebo-controlled
NMA030,NRCT0874,Lewis,2023,JAMA Dermatol,25931925,Italy,Treatment D,Treatment D,252,483,survival,,,,,,,0.74,0.65,0.82,12,47.3,9.8,54,78,Mild,HTN,low,low,low,low,low,low,low,low,yes,yes,Placebo-controlled
NMA030,NRCT0875,Parker,2017,Lancet Neurol,24891987,Mexico,Treatment E,Treatment B,388,528,survival,,,,,,,0.93,0.77,1.1,12,55.6,10.0,65,88,Moderate-severe,HTN,low,low,low,low,low,low,low,low,no,yes,Placebo-controlled
NMA030,NRCT0876,Clark,2012,Gut,27519273,Italy,Treatment B,Treatment D,336,463,continuous,,,55.8,17.2,76.5,19.6,,,,24,56.2,12.7,63,84,Moderate,None,low,low,low,low,low,low,low,low,no,yes,Placebo-controlled
NMA030,NRCT0877,Robinson,2017,Lancet Respir Med,24817815,Japan,Treatment B,Treatment A,308,710,binary,151,391,,,,,,,,12,47.4,8.5,59,64,Severe,Diabetes,low,low,low,low,low,low,low,low,yes,yes,Head-to-head
NMA030,NRCT0878,Miller,2020,Lancet Neurol,35049855,Taiwan,Treatment C,Treatment C,411,764,binary,246,148,,,,,,,,12,52.4,11.1,58,83,Mild,None,low,low,low,low,low,low,low,low,yes,yes,Placebo-controlled
NMA030,NRCT0879,Parker,2012,Lancet Oncol,32421984,Netherlands,Treatment A,Treatment B,375,304,continuous,,,63.3,22.9,55.1,17.8,,,,48,53.9,9.4,36,67,Moderate-severe,CVD,low,low,low,low,low,low,low,low,no,yes,Placebo-controlled
NMA030,NRCT0880,Smith,2010,BMJ,27086888,Japan,Treatment D,Treatment C,531,769,binary,220,120,,,,,,,,36,43.3,9.8,41,86,Severe,None,low,low,low,low,low,low,low,low,no,yes,Placebo-controlled
NMA030,NRCT0881,Anderson,2019,J Clin Oncol,27267923,UK,Treatment C,Treatment D,351,540,binary,128,101,,,,,,,,12,48.1,12.3,34,75,Mild,Diabetes,low,low,low,low,low,low,low,low,yes,yes,Placebo-controlled
NMA030,NRCT0882,Miller,2011,Lancet Neurol,26020040,India,Treatment A,Treatment A,292,326,binary,55,181,,,,,,,,12,63.7,9.0,67,52,Mild,None,low,low,low,low,low,low,low,low,yes,yes,Placebo-controlled
NMA030,NRCT0883,Reed,2010,JAMA Dermatol,25400127,USA,Treatment C,Treatment E,519,637,survival,,,,,,,0.61,0.49,0.73,24,56.3,9.9,53,61,Moderate-severe,CVD,low,low,low,low,low,low,low,low,yes,yes,Placebo-controlled
NMA030,NRCT0884,Baker,2017,J Clin Oncol,25342570,Spain,Treatment B,Treatment C,754,263,binary,144,78,,,,,,,,36,60.9,10.0,56,82,Moderate-severe,None,low,low,low,low,low,low,unclear,unclear,no,yes,Placebo-controlled
NMA030,NRCT0885,Moore,2013,Lancet Psychiatry,28405299,UK,Treatment E,Treatment A,438,269,binary,138,86,,,,,,,,48,61.4,11.3,62,75,Moderate,Multiple,low,unclear,low,low,low,low,low,unclear,yes,yes,Head-to-head
NMA030,NRCT0886,Cook,2017,Gut,30351491,Sweden,Treatment E,Treatment E,426,625,continuous,,,58.3,14.1,62.4,22.3,,,,24,63.0,11.4,53,59,Moderate,CVD,low,low,low,low,low,low,low,low,no,no,Placebo-controlled
NMA030,NRCT0887,Smith,2015,BMJ,21562051,Singapore,Treatment C,Treatment C,521,674,survival,,,,,,,0.8,0.66,0.94,36,55.9,10.7,33,53,Moderate-severe,None,low,low,low,low,low,low,low,low,yes,yes,Placebo-controlled
NMA030,NRCT0888,Adams,2020,Blood,24722070,Taiwan,Treatment D,Treatment C,561,604,binary,135,259,,,,,,,,36,44.0,10.5,40,70,Moderate,HTN,low,low,low,low,low,low,low,low,no,yes,Head-to-head
NMA031,NRCT0889,Cook,2023,Lancet Neurol,22163037,Denmark,Treatment D,Treatment A,608,698,binary,137,157,,,,,,,,24,45.1,13.9,61,73,Moderate-severe,Diabetes,low,low,low,low,low,low,low,low,no,no,Placebo-controlled
NMA031,NRCT0890,Murphy,2015,Lancet Psychiatry,33550042,Belgium,Treatment D,Treatment D,605,247,binary,292,127,,,,,,,,48,65.5,13.2,64,57,Severe,Multiple,low,low,low,low,low,low,low,low,no,no,Placebo-controlled
NMA031,NRCT0891,Allen,2016,JAMA,32226001,Brazil,Treatment B,Treatment A,396,457,binary,125,197,,,,,,,,36,62.7,8.2,39,77,Severe,CVD,low,low,low,low,low,low,low,low,no,yes,Placebo-controlled
NMA031,NRCT0892,White,2012,Lancet Neurol,21256612,Singapore,Treatment E,Treatment D,255,744,binary,140,210,,,,,,,,48,51.0,11.2,49,74,Moderate,CVD,low,low,low,low,low,low,low,low,no,yes,Placebo-controlled
NMA031,NRCT0893,Brown,2021,NEJM,30482031,France,Treatment B,Treatment A,450,396,survival,,,,,,,0.7,0.64,0.78,36,51.4,12.8,63,61,Mild,None,low,low,low,low,low,low,low,low,no,no,Placebo-controlled
NMA031,NRCT0894,Jackson,2018,Circulation,32910858,UK,Treatment D,Treatment D,275,371,continuous,,,74.7,21.6,72.4,21.9,,,,48,50.3,8.8,57,84,Moderate-severe,Multiple,low,low,low,low,low,low,low,low,no,yes,Placebo-controlled
NMA031,NRCT0895,Moore,2017,JACC,24663712,France,Treatment C,Treatment D,778,625,binary,404,125,,,,,,,,12,68.0,13.2,48,60,Mild,Multiple,low,low,low,low,low,high,low,high,yes,yes,Placebo-controlled
NMA031,NRCT0896,Reed,2016,Gut,30648719,USA,Treatment E,Treatment A,314,205,continuous,,,77.9,15.6,70.6,22.7,,,,24,62.8,10.6,37,79,Moderate-severe,HTN,low,low,low,low,low,low,low,low,no,no,Placebo-controlled
NMA031,NRCT0897,Hill,2011,J Clin Oncol,36645215,Brazil,Treatment A,Treatment A,228,716,continuous,,,62.7,17.5,56.7,19.7,,,,36,53.9,12.2,35,53,Severe,Multiple,low,low,low,low,low,low,low,low,yes,yes,Placebo-controlled
NMA031,NRCT0898,Hill,2023,Lancet Neurol,22624348,Canada,Treatment A,Treatment D,322,782,survival,,,,,,,0.87,0.73,1.03,12,63.3,10.5,57,67,Severe,HTN,low,low,low,low,low,unclear,low,unclear,yes,no,Placebo-controlled
NMA031,NRCT0899,Walker,2011,NEJM,24412811,UK,Treatment E,Treatment B,205,693,binary,38,407,,,,,,,,36,63.4,10.8,36,61,Mild,Diabetes,low,low,low,low,low,low,low,low,no,no,Head-to-head
NMA031,NRCT0900,King,2022,J Clin Oncol,28250664,Japan,Treatment D,Treatment E,767,387,binary,269,95,,,,,,,,24,62.4,9.3,35,59,Moderate-severe,CVD,low,low,low,low,low,low,low,low,no,yes,Head-to-head
NMA031,NRCT0901,Bailey,2017,Lancet,33653631,France,Treatment D,Treatment D,210,641,survival,,,,,,,0.64,0.51,0.73,12,60.3,13.7,61,59,Moderate-severe,CVD,low,low,low,low,low,low,low,low,yes,yes,Head-to-head
NMA031,NRCT0902,Allen,2022,JAMA,30358704,Spain,Treatment B,Treatment C,541,619,survival,,,,,,,1.01,0.83,1.12,24,53.7,8.5,59,64,Moderate,CVD,low,low,unclear,low,low,low,low,unclear,no,yes,Placebo-controlled
NMA031,NRCT0903,Green,2018,Lancet Respir Med,25198873,Belgium,Treatment E,Treatment D,489,449,binary,276,197,,,,,,,,24,63.3,10.3,49,85,Severe,Multiple,high,low,low,low,low,low,low,high,yes,no,Head-to-head
NMA031,NRCT0904,Jones,2015,Circulation,26715159,China,Treatment E,Treatment E,449,317,binary,100,146,,,,,,,,24,66.1,8.2,45,53,Moderate-severe,CVD,low,low,low,low,low,low,low,low,no,yes,Placebo-controlled
NMA031,NRCT0905,Cooper,2021,NEJM,21793914,France,Treatment D,Treatment C,682,721,binary,388,372,,,,,,,,36,43.6,11.0,52,70,Mild,Diabetes,low,low,low,unclear,low,low,low,unclear,no,yes,Placebo-controlled
NMA031,NRCT0906,Turner,2012,Circulation,29561112,Spain,Treatment B,Treatment E,624,475,continuous,,,66.5,21.3,73.6,15.3,,,,36,64.9,10.0,49,67,Moderate-severe,CVD,low,low,low,low,low,low,low,low,yes,yes,Placebo-controlled
NMA031,NRCT0907,Baker,2022,Ann Rheum Dis,27910120,Italy,Treatment A,Treatment D,690,224,binary,341,54,,,,,,,,12,63.3,10.1,32,86,Moderate,Diabetes,low,low,low,low,low,low,low,low,yes,yes,Placebo-controlled
NMA031,NRCT0908,Campbell,2021,Lancet Psychiatry,26797194,Australia,Treatment C,Treatment D,571,590,survival,,,,,,,0.86,0.73,1.01,36,63.6,12.5,39,79,Mild,Diabetes,low,low,low,low,low,low,low,low,yes,yes,Placebo-controlled
NMA031,NRCT0909,Cooper,2016,Neurology,24880478,Mexico,Treatment C,Treatment E,297,627,continuous,,,62.0,13.0,71.8,16.9,,,,24,66.1,14.0,49,88,Mild,CVD,low,unclear,low,low,low,low,low,unclear,no,yes,Placebo-controlled
NMA031,NRCT0910,Rodriguez,2012,JAMA,24098109,South Korea,Treatment C,Treatment E,285,543,binary,79,158,,,,,,,,48,56.3,13.2,41,81,Mild,Multiple,low,low,low,low,low,low,low,low,no,no,Placebo-controlled
NMA031,NRCT0911,Rogers,2012,Lancet Psychiatry,22999589,USA,Treatment C,Treatment B,419,551,continuous,,,72.0,21.2,51.8,20.6,,,,12,56.8,10.2,58,78,Moderate,None,low,low,low,low,low,low,low,low,no,yes,Placebo-controlled
NMA031,NRCT0912,Rodriguez,2022,Lancet Neurol,28376515,Taiwan,Treatment A,Treatment E,748,663,survival,,,,,,,0.96,0.88,1.1,24,45.3,8.8,33,67,Moderate-severe,HTN,low,low,low,low,low,low,low,low,no,yes,Head-to-head
NMA031,NRCT0913,Murphy,2018,Lancet Respir Med,26877268,Germany,Treatment E,Treatment D,748,245,binary,357,55,,,,,,,,48,50.6,11.5,38,86,Severe,Multiple,low,low,low,low,low,low,low,low,yes,no,Placebo-controlled
NMA031,NRCT0914,Lee,2015,J Clin Oncol,29668326,South Korea,Treatment B,Treatment E,539,597,binary,238,346,,,,,,,,36,47.4,11.9,56,84,Mild,Multiple,low,low,low,low,low,low,low,low,yes,yes,Placebo-controlled
NMA031,NRCT0915,Campbell,2018,Lancet,27708642,Australia,Treatment A,Treatment B,380,648,binary,219,182,,,,,,,,48,50.4,11.7,57,65,Moderate-severe,None,low,low,low,low,low,low,low,low,yes,yes,Placebo-controlled
NMA031,NRCT0916,Martinez,2016,Lancet Respir Med,25362957,Denmark,Treatment B,Treatment B,691,656,binary,175,392,,,,,,,,12,51.7,10.3,62,72,Moderate-severe,HTN,low,low,low,low,low,low,low,low,yes,yes,Placebo-controlled
NMA031,NRCT0917,Lee,2023,J Clin Oncol,28362164,Belgium,Treatment A,Treatment A,726,516,binary,372,108,,,,,,,,12,65.6,13.7,37,76,Severe,Diabetes,low,low,low,low,low,low,low,low,no,yes,Placebo-controlled
NMA031,NRCT0918,Smith,2010,Circulation,32845872,India,Treatment B,Treatment E,282,511,binary,86,263,,,,,,,,36,59.0,8.1,64,63,Severe,CVD,low,low,low,low,low,low,low,low,yes,yes,Placebo-controlled
NMA031,NRCT0919,Wright,2014,Gut,31677137,Germany,Treatment D,Treatment E,371,419,binary,94,246,,,,,,,,48,53.7,13.6,54,57,Moderate,CVD,low,low,low,low,low,low,low,low,no,yes,Placebo-controlled
NMA031,NRCT0920,Baker,2023,Lancet Neurol,28766175,Sweden,Treatment A,Treatment E,716,359,binary,204,180,,,,,,,,48,51.7,12.3,63,86,Mild,Multiple,low,low,low,low,low,low,low,low,no,yes,Placebo-controlled
NMA031,NRCT0921,Hill,2013,JACC,30040777,China,Treatment D,Treatment D,323,518,survival,,,,,,,0.96,0.83,1.15,48,61.5,11.6,55,54,Severe,CVD,low,low,low,low,low,low,low,low,no,yes,Placebo-controlled
NMA031,NRCT0922,Turner,2017,Circulation,27520820,South Korea,Treatment C,Treatment B,437,626,binary,161,236,,,,,,,,48,51.7,8.6,57,62,Moderate-severe,None,low,low,low,low,low,low,low,low,no,yes,Placebo-controlled
NMA031,NRCT0923,Green,2021,JAMA,33944596,Brazil,Treatment E,Treatment D,653,218,binary,147,107,,,,,,,,48,48.4,8.8,33,73,Moderate-severe,None,low,low,low,low,low,low,low,low,yes,yes,Head-to-head
NMA032,NRCT0924,Garcia,2021,J Clin Oncol,35516401,Taiwan,Treatment C,Treatment D,339,608,binary,124,254,,,,,,,,36,46.6,12.0,60,60,Severe,None,low,high,low,low,low,low,low,high,no,no,Placebo-controlled
NMA032,NRCT0925,Thompson,2016,Blood,28550510,Australia,Treatment E,Treatment B,754,731,continuous,,,63.6,13.5,46.2,21.1,,,,12,66.8,9.3,56,66,Mild,HTN,low,unclear,low,low,low,low,low,unclear,yes,yes,Placebo-controlled
NMA032,NRCT0926,Martinez,2020,JAMA Dermatol,35783141,UK,Treatment E,Treatment A,254,284,binary,118,60,,,,,,,,24,60.5,11.3,54,79,Moderate,HTN,low,low,low,low,low,low,low,low,no,yes,Placebo-controlled
NMA032,NRCT0927,Campbell,2018,Gut,26173726,USA,Treatment C,Treatment D,704,473,survival,,,,,,,0.9,0.74,1.01,48,57.2,12.0,44,81,Mild,HTN,low,low,low,low,low,low,low,low,yes,yes,Placebo-controlled
NMA032,NRCT0928,Phillips,2019,J Clin Oncol,25695001,South Korea,Treatment D,Treatment E,460,406,binary,197,235,,,,,,,,24,49.8,12.6,46,63,Moderate-severe,Multiple,low,low,low,low,low,low,low,low,yes,no,Placebo-controlled
NMA032,NRCT0929,Thompson,2012,Blood,32622604,South Korea,Treatment D,Treatment D,577,496,binary,300,199,,,,,,,,36,44.4,9.9,38,70,Moderate-severe,Multiple,low,low,low,low,low,low,low,low,no,yes,Placebo-controlled
NMA032,NRCT0930,Roberts,2021,BMJ,22375125,USA,Treatment A,Treatment A,523,311,binary,264,160,,,,,,,,48,51.5,8.7,44,53,Severe,Diabetes,low,low,low,low,low,low,low,low,no,yes,Placebo-controlled
NMA032,NRCT0931,Jones,2018,Gut,24326590,USA,Treatment A,Treatment B,732,446,survival,,,,,,,0.9,0.73,0.99,36,57.8,13.8,38,73,Severe,HTN,low,low,low,unclear,low,low,low,unclear,yes,yes,Placebo-controlled
NMA032,NRCT0932,Brown,2022,JAMA Dermatol,30289360,Netherlands,Treatment E,Treatment B,465,326,binary,119,169,,,,,,,,12,58.4,12.1,54,70,Severe,HTN,low,low,low,low,low,low,low,low,yes,yes,Head-to-head
NMA032,NRCT0933,Hill,2010,JAMA,35139436,Sweden,Treatment D,Treatment D,504,414,binary,82,134,,,,,,,,36,49.2,10.4,58,85,Moderate,Diabetes,low,high,unclear,low,low,low,low,high,no,yes,Placebo-controlled
NMA032,NRCT0934,Mitchell,2014,JAMA Dermatol,36312919,Singapore,Treatment E,Treatment E,570,776,survival,,,,,,,0.7,0.61,0.79,24,48.8,9.5,47,82,Moderate,None,low,low,low,low,low,low,low,low,yes,yes,Placebo-controlled
NMA032,NRCT0935,Harris,2010,Blood,34204063,Taiwan,Treatment E,Treatment A,214,537,continuous,,,69.5,24.1,60.9,15.1,,,,24,64.0,11.0,42,61,Moderate,None,unclear,low,low,low,low,low,low,unclear,no,yes,Placebo-controlled
NMA032,NRCT0936,Evans,2021,J Clin Oncol,34490559,USA,Treatment B,Treatment E,622,351,survival,,,,,,,0.9,0.77,0.99,12,61.3,9.0,35,56,Moderate-severe,CVD,low,low,low,low,low,low,low,low,no,yes,Placebo-controlled
NMA032,NRCT0937,King,2017,Ann Rheum Dis,32433130,Netherlands,Treatment E,Treatment E,598,359,binary,90,57,,,,,,,,36,59.2,8.1,61,53,Moderate-severe,Diabetes,low,low,low,low,low,low,low,low,no,yes,Placebo-controlled
NMA032,NRCT0938,Turner,2016,Lancet Psychiatry,29508054,Netherlands,Treatment E,Treatment A,356,783,continuous,,,76.1,22.0,62.8,12.8,,,,48,52.3,9.8,34,58,Mild,Diabetes,low,low,low,low,low,low,low,low,no,yes,Placebo-controlled
NMA032,NRCT0939,Stewart,2014,Circulation,27256066,China,Treatment C,Treatment E,790,665,survival,,,,,,,0.74,0.67,0.85,48,47.3,11.3,42,83,Mild,CVD,low,low,low,low,low,low,low,low,yes,yes,Placebo-controlled
NMA032,NRCT0940,Brown,2021,Blood,31017984,Spain,Treatment D,Treatment E,747,425,binary,236,104,,,,,,,,36,55.5,11.9,36,68,Severe,Diabetes,low,low,low,low,low,low,low,low,no,yes,Placebo-controlled
NMA032,NRCT0941,Reed,2015,Circulation,21394889,Belgium,Treatment B,Treatment B,769,678,binary,206,299,,,,,,,,48,44.4,11.0,58,53,Moderate,Multiple,low,low,low,low,low,low,low,low,no,yes,Placebo-controlled
NMA032,NRCT0942,Phillips,2021,Lancet,36530842,Brazil,Treatment D,Treatment A,225,444,survival,,,,,,,0.86,0.78,1.03,48,57.7,9.6,37,70,Mild,Multiple,low,low,low,low,low,low,low,low,no,yes,Placebo-controlled
NMA032,NRCT0943,Clark,2022,Blood,28978442,Brazil,Treatment E,Treatment B,594,714,continuous,,,54.0,13.7,59.3,16.6,,,,12,50.7,9.9,58,81,Moderate,Diabetes,low,low,unclear,low,low,low,low,unclear,yes,yes,Placebo-controlled
NMA032,NRCT0944,Phillips,2017,Lancet Neurol,25398050,Singapore,Treatment B,Treatment A,374,757,binary,99,200,,,,,,,,48,64.2,14.0,55,74,Moderate-severe,None,low,low,low,low,low,low,low,low,no,yes,Placebo-controlled
NMA032,NRCT0945,Collins,2011,BMJ,28285923,Spain,Treatment B,Treatment C,610,526,binary,107,112,,,,,,,,24,45.0,10.6,48,53,Severe,CVD,low,low,low,low,low,low,low,low,no,yes,Head-to-head
NMA032,NRCT0946,Mitchell,2012,Circulation,21518048,Denmark,Treatment D,Treatment E,370,567,binary,122,210,,,,,,,,12,47.5,9.0,61,84,Mild,CVD,low,low,low,low,low,low,low,low,yes,yes,Placebo-controlled
NMA032,NRCT0947,Edwards,2016,Circulation,34673412,Sweden,Treatment B,Treatment E,368,502,binary,213,173,,,,,,,,36,56.5,13.8,49,61,Mild,Multiple,low,low,low,low,low,low,low,low,no,no,Placebo-controlled
NMA032,NRCT0948,Brown,2017,Blood,28802350,UK,Treatment B,Treatment A,352,481,binary,186,237,,,,,,,,48,63.9,11.6,50,76,Mild,None,low,low,low,low,low,low,low,low,no,no,Placebo-controlled
NMA033,NRCT0949,Garcia,2022,J Clin Oncol,25295089,India,Treatment D,Treatment B,254,698,survival,,,,,,,0.61,0.53,0.68,24,55.4,11.6,45,73,Moderate-severe,HTN,low,low,low,low,low,low,low,low,yes,yes,Placebo-controlled
NMA033,NRCT0950,Howard,2012,Lancet Oncol,27770396,Singapore,Treatment C,Treatment D,686,256,survival,,,,,,,0.8,0.68,0.87,12,48.6,11.7,60,85,Mild,Diabetes,low,low,low,low,low,low,low,low,yes,yes,Placebo-controlled
NMA033,NRCT0951,Howard,2023,JAMA,34063820,Taiwan,Treatment B,Treatment B,627,236,binary,159,74,,,,,,,,48,51.5,11.5,68,67,Severe,HTN,low,low,low,low,low,low,low,low,no,yes,Placebo-controlled
NMA033,NRCT0952,Edwards,2010,Circulation,35219358,Brazil,Treatment E,Treatment A,330,695,continuous,,,71.2,15.2,75.8,13.9,,,,24,53.2,11.6,65,69,Moderate-severe,Diabetes,low,low,low,low,low,low,low,low,no,no,Placebo-controlled
NMA033,NRCT0953,Harris,2015,NEJM,27899129,France,Treatment C,Treatment E,466,221,binary,211,111,,,,,,,,24,54.7,10.9,59,87,Moderate-severe,Multiple,low,low,low,low,low,low,low,low,yes,yes,Placebo-controlled
NMA033,NRCT0954,Jackson,2021,JAMA,26190763,South Korea,Treatment B,Treatment C,554,621,survival,,,,,,,0.95,0.76,1.07,36,67.6,12.5,47,85,Mild,Diabetes,low,low,low,low,low,low,low,low,yes,yes,Placebo-controlled
NMA033,NRCT0955,Collins,2018,Lancet Psychiatry,22639369,Singapore,Treatment B,Treatment E,594,459,binary,326,270,,,,,,,,48,52.3,9.5,65,59,Mild,None,low,low,low,low,low,low,low,low,no,yes,Head-to-head
NMA033,NRCT0956,Hill,2018,Lancet Psychiatry,28396775,UK,Treatment B,Treatment B,316,341,binary,133,169,,,,,,,,12,48.5,9.7,38,54,Severe,None,low,low,low,low,low,low,low,low,yes,yes,Placebo-controlled
NMA033,NRCT0957,Johnson,2021,Lancet Respir Med,23683818,China,Treatment B,Treatment D,535,321,continuous,,,60.5,24.9,62.2,19.4,,,,36,48.3,12.2,61,80,Severe,Multiple,low,low,low,low,low,low,low,low,no,no,Placebo-controlled
NMA033,NRCT0958,Stewart,2015,JAMA Dermatol,28662194,Australia,Treatment A,Treatment A,312,327,binary,115,103,,,,,,,,48,58.7,12.2,67,83,Moderate,HTN,low,low,low,low,low,low,low,low,yes,yes,Head-to-head
NMA033,NRCT0959,Phillips,2011,Neurology,23918198,Japan,Treatment C,Treatment A,380,484,binary,67,166,,,,,,,,36,66.1,8.8,32,69,Mild,Diabetes,low,low,low,low,low,low,low,low,yes,yes,Placebo-controlled
NMA033,NRCT0960,Torres,2018,Ann Rheum Dis,27347432,Belgium,Treatment B,Treatment B,225,413,binary,56,139,,,,,,,,48,64.2,9.8,32,74,Mild,HTN,low,low,low,unclear,low,low,low,unclear,no,yes,Placebo-controlled
NMA033,NRCT0961,Phillips,2018,Lancet Oncol,30381876,Italy,Treatment B,Treatment A,247,270,binary,74,139,,,,,,,,48,42.9,11.1,39,88,Moderate-severe,HTN,low,low,low,low,low,low,low,low,no,no,Placebo-controlled
NMA033,NRCT0962,Cook,2019,Lancet Respir Med,36986401,Brazil,Treatment B,Treatment D,378,235,survival,,,,,,,1.05,0.89,1.2,12,58.6,13.4,39,70,Moderate-severe,Diabetes,low,low,low,low,low,low,low,low,no,yes,Head-to-head
NMA033,NRCT0963,Allen,2012,Neurology,22726568,Belgium,Treatment B,Treatment D,517,764,binary,190,360,,,,,,,,36,57.5,10.2,68,79,Moderate,CVD,low,low,low,low,low,low,unclear,unclear,yes,yes,Placebo-controlled
NMA033,NRCT0964,Clark,2011,Lancet Respir Med,23931973,Canada,Treatment A,Treatment C,333,577,binary,129,206,,,,,,,,48,59.5,10.2,61,68,Moderate-severe,CVD,low,low,low,low,low,low,low,low,no,no,Head-to-head
NMA033,NRCT0965,Rodriguez,2015,Lancet Respir Med,22545474,Italy,Treatment E,Treatment C,250,647,binary,37,351,,,,,,,,12,58.1,11.2,66,56,Moderate-severe,Diabetes,unclear,low,low,low,high,low,low,high,no,no,Placebo-controlled
NMA033,NRCT0966,Stewart,2010,J Clin Oncol,26030213,Taiwan,Treatment D,Treatment A,592,792,binary,90,466,,,,,,,,12,64.8,10.5,54,62,Severe,Multiple,low,low,low,low,low,low,low,low,yes,yes,Placebo-controlled
NMA033,NRCT0967,Edwards,2016,BMJ,27491655,Taiwan,Treatment E,Treatment E,692,270,survival,,,,,,,0.61,0.5,0.7,12,53.2,10.1,35,61,Moderate-severe,Multiple,low,low,low,low,low,unclear,low,unclear,yes,yes,Head-to-head
NMA033,NRCT0968,Torres,2011,JAMA Dermatol,25669495,Denmark,Treatment D,Treatment B,780,642,survival,,,,,,,0.65,0.59,0.72,48,59.4,10.3,44,55,Moderate-severe,Multiple,low,low,low,low,low,low,low,low,yes,yes,Placebo-controlled
NMA033,NRCT0969,Wilson,2013,NEJM,22051385,USA,Treatment A,Treatment E,674,606,binary,396,243,,,,,,,,12,62.7,11.2,68,84,Mild,Diabetes,low,low,low,low,low,low,low,low,no,yes,Head-to-head
NMA033,NRCT0970,Stewart,2014,Lancet Neurol,27146386,Canada,Treatment B,Treatment C,381,799,binary,145,477,,,,,,,,24,57.4,9.1,42,78,Severe,HTN,low,low,low,low,unclear,low,low,unclear,no,yes,Placebo-controlled
NMA033,NRCT0971,Nguyen,2010,Lancet Respir Med,21030770,Mexico,Treatment C,Treatment A,780,598,binary,256,183,,,,,,,,36,47.9,13.9,55,86,Moderate,None,low,low,low,low,low,low,low,low,yes,yes,Placebo-controlled
NMA033,NRCT0972,Martin,2012,Lancet Oncol,28981857,Netherlands,Treatment E,Treatment B,471,395,continuous,,,67.4,15.4,57.8,16.5,,,,12,44.5,8.8,47,55,Moderate,CVD,low,low,low,low,low,low,low,low,yes,yes,Placebo-controlled
NMA033,NRCT0973,Harris,2021,Blood,36378366,India,Treatment E,Treatment B,692,685,survival,,,,,,,0.76,0.63,0.86,24,59.3,9.6,66,87,Moderate-severe,Multiple,low,low,low,low,low,low,low,low,yes,yes,Head-to-head
NMA033,NRCT0974,Hill,2021,Lancet Respir Med,32014671,Mexico,Treatment A,Treatment C,614,447,binary,346,149,,,,,,,,24,53.8,9.5,36,55,Moderate,CVD,unclear,low,low,low,low,low,low,unclear,yes,yes,Placebo-controlled
NMA034,NRCT0975,Nelson,2013,Lancet Psychiatry,26328357,Belgium,Treatment C,Treatment D,776,736,survival,,,,,,,1.02,0.83,1.12,24,46.0,11.2,64,81,Severe,HTN,low,low,low,low,low,low,low,low,yes,no,Placebo-controlled
NMA034,NRCT0976,Kelly,2012,Lancet Respir Med,25604802,Spain,Treatment A,Treatment D,418,242,binary,222,53,,,,,,,,24,54.3,9.5,44,85,Moderate-severe,Multiple,low,low,low,low,low,low,low,low,yes,yes,Placebo-controlled
NMA034,NRCT0977,Cook,2023,Lancet Oncol,28020155,Denmark,Treatment C,Treatment E,374,518,continuous,,,70.0,19.0,65.1,12.6,,,,24,47.9,10.3,59,60,Severe,HTN,low,low,low,low,low,low,low,low,no,yes,Placebo-controlled
NMA034,NRCT0978,Wilson,2018,Circulation,32021158,South Korea,Treatment B,Treatment E,222,295,continuous,,,54.7,21.5,71.0,19.7,,,,48,44.9,9.5,65,67,Severe,Multiple,low,low,low,low,low,low,low,low,yes,yes,Placebo-controlled
NMA034,NRCT0979,Mitchell,2016,Lancet Respir Med,21642628,Taiwan,Treatment E,Treatment E,627,532,binary,194,96,,,,,,,,48,54.2,11.7,67,69,Moderate-severe,HTN,low,low,low,low,low,low,low,low,yes,yes,Placebo-controlled
NMA034,NRCT0980,Smith,2013,BMJ,32134203,Germany,Treatment D,Treatment D,290,354,binary,168,176,,,,,,,,12,56.2,11.7,68,55,Severe,None,low,low,low,low,low,low,low,low,no,yes,Head-to-head
NMA034,NRCT0981,Evans,2020,Circulation,26923739,Italy,Treatment B,Treatment D,400,791,binary,181,403,,,,,,,,36,67.4,10.6,33,68,Mild,CVD,low,low,low,low,low,unclear,low,unclear,yes,yes,Placebo-controlled
NMA034,NRCT0982,Walker,2023,Blood,28875656,Germany,Treatment C,Treatment D,457,505,binary,117,122,,,,,,,,12,60.6,10.0,47,56,Moderate-severe,Multiple,low,low,low,low,low,low,low,low,no,yes,Placebo-controlled
NMA034,NRCT0983,Allen,2013,Gut,30098688,Sweden,Treatment A,Treatment B,720,299,continuous,,,73.6,16.4,62.3,18.6,,,,24,45.3,8.5,39,57,Severe,Multiple,low,low,low,low,low,low,low,low,yes,yes,Placebo-controlled
NMA034,NRCT0984,Morris,2012,JACC,21085647,Taiwan,Treatment E,Treatment B,744,391,continuous,,,75.7,23.6,57.8,21.4,,,,12,52.0,10.8,32,73,Severe,None,unclear,low,low,low,low,low,low,unclear,no,yes,Placebo-controlled
NMA034,NRCT0985,Brown,2017,JAMA Dermatol,35984688,Denmark,Treatment D,Treatment C,655,672,continuous,,,67.4,19.1,68.5,22.1,,,,36,54.2,13.3,51,73,Severe,Multiple,low,low,low,low,low,low,low,low,yes,yes,Placebo-controlled
NMA034,NRCT0986,Hill,2021,Blood,33702983,Sweden,Treatment E,Treatment A,708,539,continuous,,,61.5,19.8,64.3,25.0,,,,48,63.5,9.2,32,85,Moderate-severe,Diabetes,low,low,low,low,low,low,low,low,yes,yes,Placebo-controlled
NMA034,NRCT0987,Martinez,2020,JACC,28020734,Australia,Treatment E,Treatment A,795,488,survival,,,,,,,0.74,0.63,0.86,36,43.5,13.8,55,87,Moderate-severe,None,low,low,low,low,low,low,low,low,yes,yes,Placebo-controlled
NMA034,NRCT0988,Davis,2017,Lancet Oncol,35962187,Germany,Treatment E,Treatment B,587,245,binary,243,101,,,,,,,,36,44.3,12.4,67,85,Mild,None,low,low,low,low,low,low,low,low,no,yes,Placebo-controlled
NMA034,NRCT0989,Rodriguez,2012,Lancet Neurol,31196613,Belgium,Treatment B,Treatment C,721,265,survival,,,,,,,0.76,0.66,0.88,24,59.9,8.7,47,52,Moderate,Diabetes,low,low,low,low,low,low,low,low,no,no,Placebo-controlled
NMA034,NRCT0990,Roberts,2015,Lancet Neurol,25852452,Japan,Treatment C,Treatment A,303,714,survival,,,,,,,0.98,0.85,1.17,12,62.2,10.7,62,63,Severe,HTN,low,high,low,low,low,unclear,low,high,yes,yes,Head-to-head
NMA034,NRCT0991,Martin,2010,JACC,24504646,Australia,Treatment B,Treatment B,284,429,survival,,,,,,,0.99,0.86,1.12,12,62.5,8.5,57,78,Moderate,HTN,low,low,low,low,low,low,low,low,yes,yes,Placebo-controlled
NMA034,NRCT0992,Jones,2019,Lancet Oncol,28725523,Canada,Treatment C,Treatment A,683,433,continuous,,,66.9,23.0,62.7,21.4,,,,48,45.9,9.0,60,84,Moderate,Diabetes,low,low,low,low,low,high,low,high,no,yes,Placebo-controlled
NMA034,NRCT0993,Kelly,2013,Ann Rheum Dis,33717988,Japan,Treatment D,Treatment A,252,341,survival,,,,,,,1.01,0.81,1.12,36,60.7,12.3,65,67,Moderate-severe,HTN,low,low,low,low,low,low,low,low,no,yes,Placebo-controlled
NMA034,NRCT0994,Wilson,2016,Blood,36210373,Taiwan,Treatment A,Treatment E,661,506,binary,133,286,,,,,,,,48,54.6,13.6,50,61,Moderate-severe,None,low,low,low,low,low,low,unclear,unclear,yes,yes,Placebo-controlled
NMA034,NRCT0995,Roberts,2018,Lancet Psychiatry,33658974,Taiwan,Treatment A,Treatment C,755,474,continuous,,,65.5,22.4,48.0,20.2,,,,36,66.5,9.3,36,53,Moderate-severe,CVD,low,low,low,low,low,low,low,low,no,no,Head-to-head
NMA034,NRCT0996,Carter,2011,Ann Rheum Dis,23739726,Mexico,Treatment D,Treatment E,204,770,survival,,,,,,,0.75,0.63,0.85,12,48.2,8.6,62,55,Mild,Diabetes,low,low,low,low,low,unclear,low,unclear,yes,yes,Placebo-controlled
NMA034,NRCT0997,Mitchell,2022,JACC,22336877,Belgium,Treatment A,Treatment C,673,410,survival,,,,,,,0.66,0.53,0.78,24,47.4,10.2,34,70,Severe,Diabetes,low,low,low,low,low,low,low,low,yes,yes,Placebo-controlled
NMA034,NRCT0998,Edwards,2022,Lancet,29580816,Denmark,Treatment C,Treatment A,731,531,continuous,,,55.2,17.5,69.1,22.4,,,,36,49.2,13.4,37,78,Severe,CVD,low,low,low,low,low,low,low,low,yes,yes,Placebo-controlled
NMA034,NRCT0999,Torres,2014,NEJM,28172392,Mexico,Treatment C,Treatment A,456,259,binary,229,90,,,,,,,,24,55.3,13.3,38,76,Moderate-severe,None,low,low,low,low,low,low,low,low,yes,yes,Placebo-controlled
NMA034,NRCT1000,Taylor,2010,JACC,27654273,Netherlands,Treatment C,Treatment B,443,637,survival,,,,,,,0.78,0.7,0.93,12,44.3,8.9,67,81,Moderate,Multiple,low,low,low,low,low,low,low,low,no,yes,Head-to-head
NMA034,NRCT1001,Hall,2012,JACC,30775000,India,Treatment E,Treatment D,272,696,continuous,,,72.4,12.6,47.6,15.1,,,,36,59.8,13.5,35,70,Mild,CVD,low,low,low,low,low,low,low,low,no,yes,Placebo-controlled
NMA034,NRCT1002,Howard,2011,JAMA Dermatol,27760504,China,Treatment D,Treatment D,647,772,continuous,,,69.8,19.5,45.4,19.4,,,,48,54.1,11.2,50,53,Moderate-severe,Multiple,low,low,low,low,low,low,low,low,yes,yes,Head-to-head
NMA034,NRCT1003,Lee,2017,JACC,24724755,India,Treatment E,Treatment C,355,751,survival,,,,,,,0.94,0.76,1.13,36,51.9,13.0,51,75,Mild,CVD,low,low,low,low,low,low,low,low,yes,yes,Placebo-controlled
NMA034,NRCT1004,Phillips,2014,JACC,27468117,India,Treatment E,Treatment A,728,501,survival,,,,,,,0.85,0.77,0.98,36,58.0,11.5,53,67,Moderate-severe,None,low,low,low,low,low,low,low,low,no,yes,Head-to-head
NMA035,NRCT1005,Hill,2020,Ann Rheum Dis,27188809,China,Treatment D,Treatment B,481,588,survival,,,,,,,0.75,0.68,0.82,24,54.5,13.9,62,86,Moderate-severe,Diabetes,low,low,low,low,low,low,low,low,no,yes,Placebo-controlled
NMA035,NRCT1006,Davis,2010,Ann Rheum Dis,31211141,Mexico,Treatment D,Treatment D,414,723,binary,214,366,,,,,,,,48,50.7,12.7,68,79,Moderate-severe,HTN,low,low,low,low,low,low,low,low,yes,yes,Head-to-head
NMA035,NRCT1007,Cook,2016,Circulation,34776129,Germany,Treatment A,Treatment E,503,778,binary,229,304,,,,,,,,36,54.9,10.3,57,67,Moderate,Diabetes,low,low,low,unclear,low,low,low,unclear,no,no,Head-to-head
NMA035,NRCT1008,Nelson,2023,BMJ,23919374,Australia,Treatment A,Treatment C,727,260,binary,213,110,,,,,,,,48,42.4,10.1,45,71,Mild,CVD,low,low,low,low,low,low,low,low,yes,yes,Placebo-controlled
NMA035,NRCT1009,Edwards,2015,Neurology,33662934,Germany,Treatment B,Treatment C,299,538,binary,177,147,,,,,,,,12,62.9,12.0,54,57,Moderate,HTN,low,low,low,low,unclear,low,low,unclear,yes,yes,Placebo-controlled
NMA035,NRCT1010,Peterson,2019,Lancet Respir Med,25462857,Netherlands,Treatment D,Treatment E,628,241,survival,,,,,,,0.59,0.53,0.68,12,63.7,8.6,60,68,Moderate,CVD,low,low,low,low,low,low,low,low,no,yes,Head-to-head
NMA035,NRCT1011,Green,2018,Circulation,36216388,South Korea,Treatment B,Treatment B,608,380,continuous,,,58.5,22.3,50.5,13.6,,,,12,53.8,10.8,34,88,Mild,Multiple,low,low,low,low,low,low,low,low,no,yes,Placebo-controlled
NMA035,NRCT1012,Howard,2017,Lancet Oncol,34991490,Sweden,Treatment E,Treatment C,553,246,binary,145,137,,,,,,,,24,60.3,12.8,50,82,Moderate-severe,Multiple,low,low,low,low,low,low,low,low,yes,yes,Placebo-controlled
NMA035,NRCT1013,Morris,2016,Gut,28715163,Netherlands,Treatment D,Treatment C,403,442,binary,125,252,,,,,,,,48,45.0,10.9,44,52,Severe,None,low,low,low,low,low,low,low,low,no,yes,Placebo-controlled
NMA035,NRCT1014,Jones,2015,Lancet Psychiatry,31954990,Denmark,Treatment C,Treatment C,315,670,binary,174,380,,,,,,,,36,54.6,13.2,61,86,Severe,None,low,low,low,low,low,low,low,low,yes,yes,Placebo-controlled
NMA035,NRCT1015,Martin,2012,Lancet Psychiatry,27920248,Brazil,Treatment D,Treatment E,265,302,binary,95,116,,,,,,,,48,62.7,8.3,32,72,Mild,HTN,low,low,low,low,low,low,low,low,yes,yes,Placebo-controlled
NMA035,NRCT1016,Campbell,2012,BMJ,36038882,USA,Treatment B,Treatment B,432,681,binary,212,256,,,,,,,,12,51.6,11.6,43,84,Moderate,CVD,low,low,low,low,unclear,low,low,unclear,no,yes,Head-to-head
NMA035,NRCT1017,Nguyen,2021,BMJ,32609564,Italy,Treatment B,Treatment C,512,385,continuous,,,51.0,21.5,49.7,19.3,,,,24,48.2,8.8,38,83,Severe,Diabetes,low,low,low,low,low,low,low,low,no,no,Placebo-controlled
NMA035,NRCT1018,Nguyen,2012,JAMA Dermatol,34527462,Denmark,Treatment D,Treatment E,627,274,survival,,,,,,,0.76,0.61,0.85,24,57.1,10.0,38,52,Moderate-severe,Diabetes,low,low,low,low,low,low,low,low,no,yes,Head-to-head
NMA035,NRCT1019,Torres,2018,JAMA Dermatol,21628319,Japan,Treatment C,Treatment E,670,635,binary,120,224,,,,,,,,12,66.5,14.0,36,61,Severe,None,low,low,low,low,low,low,low,low,no,no,Head-to-head
NMA035,NRCT1020,Rodriguez,2014,JAMA Dermatol,29856983,India,Treatment B,Treatment A,260,335,binary,105,69,,,,,,,,36,53.7,13.9,56,60,Severe,Diabetes,low,low,low,low,low,low,low,low,yes,no,Placebo-controlled
NMA035,NRCT1021,Young,2019,Neurology,23535907,Denmark,Treatment A,Treatment C,563,327,binary,207,115,,,,,,,,36,53.3,13.9,56,82,Severe,None,low,low,low,low,low,low,low,low,no,yes,Placebo-controlled
NMA035,NRCT1022,Mitchell,2014,Lancet Psychiatry,30491227,Singapore,Treatment C,Treatment E,786,594,survival,,,,,,,0.86,0.78,0.99,12,67.3,13.5,37,69,Moderate-severe,Multiple,low,low,low,low,low,low,low,low,no,yes,Head-to-head
NMA035,NRCT1023,Anderson,2019,BMJ,29414341,Japan,Treatment B,Treatment E,559,681,binary,250,112,,,,,,,,48,67.2,9.1,38,71,Mild,None,low,low,low,low,low,low,low,low,no,yes,Head-to-head
NMA035,NRCT1024,Peterson,2014,JACC,31049744,South Korea,Treatment D,Treatment B,312,504,continuous,,,62.8,17.8,73.0,23.6,,,,24,42.7,8.9,51,77,Severe,Diabetes,low,low,low,low,low,low,low,low,yes,yes,Placebo-controlled
NMA035,NRCT1025,Robinson,2022,NEJM,35956821,Australia,Treatment C,Treatment A,333,515,survival,,,,,,,0.81,0.72,0.97,36,48.1,12.9,56,52,Severe,Multiple,low,low,low,low,low,low,low,low,no,yes,Head-to-head
NMA035,NRCT1026,Miller,2020,JAMA,33120145,India,Treatment C,Treatment B,328,708,survival,,,,,,,0.77,0.68,0.9,24,58.9,13.5,44,74,Moderate-severe,None,low,low,low,low,low,low,low,low,no,yes,Placebo-controlled
NMA035,NRCT1027,Thompson,2017,Blood,24151024,USA,Treatment C,Treatment B,600,520,continuous,,,52.6,17.7,47.6,12.8,,,,24,49.6,12.0,45,72,Severe,CVD,low,low,low,low,low,low,low,low,no,yes,Placebo-controlled
NMA035,NRCT1028,Parker,2018,Lancet Psychiatry,33491815,Italy,Treatment E,Treatment B,679,212,binary,327,124,,,,,,,,24,65.4,11.4,52,67,Moderate,None,low,low,low,low,low,unclear,low,unclear,no,yes,Head-to-head
NMA035,NRCT1029,Johnson,2013,Lancet Psychiatry,29811626,Mexico,Treatment B,Treatment A,644,509,survival,,,,,,,1.03,0.87,1.2,12,58.8,8.1,32,76,Moderate,CVD,low,low,unclear,low,low,low,low,unclear,no,yes,Placebo-controlled
NMA035,NRCT1030,Robinson,2016,JAMA Dermatol,31507612,Spain,Treatment D,Treatment D,531,221,survival,,,,,,,0.96,0.79,1.15,12,67.4,11.5,60,77,Moderate,CVD,low,low,low,low,low,low,low,low,no,yes,Head-to-head
NMA035,NRCT1031,Bell,2022,NEJM,30429780,Sweden,Treatment D,Treatment E,648,485,survival,,,,,,,0.77,0.67,0.9,12,62.7,13.0,47,62,Severe,Multiple,low,low,low,low,low,low,low,low,no,yes,Placebo-controlled
NMA035,NRCT1032,Lee,2018,J Clin Oncol,29837007,China,Treatment B,Treatment B,507,223,binary,168,68,,,,,,,,36,58.2,11.2,42,76,Mild,Diabetes,low,low,low,low,low,low,low,low,no,yes,Placebo-controlled
NMA035,NRCT1033,Turner,2011,Lancet,21609308,Netherlands,Treatment E,Treatment E,609,407,survival,,,,,,,0.76,0.69,0.83,24,66.0,12.4,35,61,Moderate,Diabetes,low,low,low,low,low,low,low,low,no,yes,Placebo-controlled
NMA035,NRCT1034,Edwards,2011,Ann Rheum Dis,30172710,Sweden,Treatment E,Treatment A,713,689,binary,310,398,,,,,,,,24,49.5,10.1,55,54,Severe,CVD,low,low,low,low,low,low,low,low,yes,yes,Placebo-controlled
NMA035,NRCT1035,Parker,2016,Gut,27033489,Sweden,Treatment D,Treatment D,660,291,binary,272,142,,,,,,,,36,56.2,10.7,38,61,Moderate,Multiple,low,low,low,low,low,low,low,low,no,yes,Placebo-controlled
NMA035,NRCT1036,Young,2010,Blood,25624887,Australia,Treatment D,Treatment C,787,503,continuous,,,56.5,23.7,49.0,21.9,,,,36,42.9,10.6,63,63,Moderate-severe,CVD,low,low,low,low,low,low,low,low,yes,yes,Placebo-controlled
NMA035,NRCT1037,Morris,2015,Lancet,28442200,Germany,Treatment D,Treatment D,656,643,binary,143,99,,,,,,,,12,60.1,13.5,42,86,Moderate-severe,None,low,low,low,low,low,low,low,low,no,yes,Placebo-controlled
NMA035,NRCT1038,Harris,2020,J Clin Oncol,27905175,Italy,Treatment B,Treatment C,391,785,continuous,,,49.7,21.4,56.0,24.9,,,,48,52.9,11.5,53,72,Moderate,HTN,low,low,low,low,low,low,low,low,yes,yes,Placebo-controlled
NMA035,NRCT1039,Harris,2011,JACC,32695580,South Korea,Treatment A,Treatment E,577,486,binary,222,169,,,,,,,,36,63.2,12.3,33,65,Moderate,Diabetes,low,low,low,low,low,low,low,low,yes,yes,Placebo-controlled
NMA036,NRCT1040,Bailey,2011,Circulation,35881586,Canada,Treatment D,Treatment B,244,370,binary,104,82,,,,,,,,36,47.4,10.0,33,73,Moderate,Diabetes,low,low,low,low,low,unclear,low,unclear,yes,yes,Placebo-controlled
NMA036,NRCT1041,Kelly,2020,Ann Rheum Dis,26475803,USA,Treatment A,Treatment D,730,767,survival,,,,,,,1.01,0.83,1.19,48,63.7,13.3,39,88,Mild,CVD,low,low,low,low,low,low,low,low,no,yes,Placebo-controlled
NMA036,NRCT1042,Cooper,2012,Lancet Oncol,23224515,China,Treatment B,Treatment E,547,474,continuous,,,76.3,17.1,71.0,19.2,,,,12,59.8,9.6,53,82,Moderate-severe,HTN,low,low,low,low,low,low,low,low,no,yes,Placebo-controlled
NMA036,NRCT1043,Parker,2023,Neurology,33905807,China,Treatment E,Treatment E,607,646,continuous,,,64.8,12.9,73.2,16.4,,,,48,43.9,10.7,35,84,Moderate-severe,HTN,low,low,low,low,low,low,low,low,yes,yes,Placebo-controlled
NMA036,NRCT1044,Jackson,2010,JAMA,35342794,Japan,Treatment B,Treatment D,295,402,binary,109,214,,,,,,,,48,67.8,13.0,55,58,Moderate-severe,CVD,low,low,low,low,low,low,low,low,yes,yes,Placebo-controlled
NMA036,NRCT1045,Campbell,2016,Ann Rheum Dis,28147581,South Korea,Treatment D,Treatment D,365,769,survival,,,,,,,0.84,0.73,0.96,48,48.4,13.0,56,75,Moderate-severe,Multiple,low,low,low,low,low,low,low,low,no,yes,Placebo-controlled
NMA036,NRCT1046,Allen,2018,NEJM,30432185,Singapore,Treatment A,Treatment E,698,411,binary,108,212,,,,,,,,24,67.1,8.6,39,57,Severe,Multiple,low,low,low,low,low,low,low,low,yes,no,Placebo-controlled
NMA036,NRCT1047,Garcia,2011,Lancet Neurol,35017196,UK,Treatment B,Treatment D,478,394,binary,211,116,,,,,,,,12,66.4,11.7,43,67,Moderate-severe,HTN,low,low,low,low,low,low,low,low,yes,no,Placebo-controlled
NMA036,NRCT1048,White,2023,Lancet Neurol,31576979,Canada,Treatment A,Treatment C,492,485,binary,274,284,,,,,,,,36,47.0,11.2,34,87,Mild,HTN,low,low,low,low,low,low,low,low,no,yes,Placebo-controlled
NMA036,NRCT1049,Parker,2010,Circulation,29469586,Mexico,Treatment D,Treatment A,537,604,continuous,,,52.8,24.7,47.8,23.2,,,,36,55.1,10.7,43,64,Moderate,Multiple,low,low,low,low,low,low,low,low,no,yes,Head-to-head
NMA036,NRCT1050,Wright,2019,Lancet Neurol,21783909,South Korea,Treatment A,Treatment B,367,219,binary,59,46,,,,,,,,48,58.3,11.0,55,58,Moderate,Multiple,low,low,low,low,low,low,low,low,yes,yes,Head-to-head
NMA036,NRCT1051,Miller,2019,Lancet Psychiatry,24603331,Japan,Treatment C,Treatment D,656,486,survival,,,,,,,0.61,0.56,0.73,24,64.0,13.3,34,55,Moderate-severe,Multiple,low,low,low,low,low,low,low,low,no,yes,Placebo-controlled
NMA036,NRCT1052,Murphy,2015,Circulation,28370620,Denmark,Treatment A,Treatment B,795,401,binary,293,130,,,,,,,,48,50.5,13.4,38,65,Moderate-severe,HTN,low,low,low,low,low,low,low,low,no,yes,Placebo-controlled
NMA036,NRCT1053,Evans,2013,Lancet Psychiatry,22458780,Taiwan,Treatment A,Treatment C,524,473,survival,,,,,,,0.61,0.49,0.69,24,43.9,10.3,68,77,Severe,HTN,low,low,low,low,low,low,low,low,no,yes,Placebo-controlled
NMA036,NRCT1054,Hall,2011,Lancet Oncol,25329776,South Korea,Treatment B,Treatment B,431,608,binary,126,221,,,,,,,,36,57.9,13.9,51,57,Moderate,Diabetes,low,low,low,low,low,low,low,low,no,no,Placebo-controlled
NMA036,NRCT1055,Smith,2011,Lancet,23139712,Canada,Treatment E,Treatment B,504,424,binary,296,209,,,,,,,,12,67.5,9.0,47,83,Moderate,HTN,low,low,low,low,low,low,low,low,no,yes,Placebo-controlled
NMA036,NRCT1056,Hill,2016,Lancet Neurol,22030178,Singapore,Treatment E,Treatment B,411,721,binary,105,243,,,,,,,,48,51.6,12.7,46,73,Moderate,CVD,unclear,low,low,low,low,low,low,unclear,yes,yes,Head-to-head
NMA036,NRCT1057,Williams,2022,Lancet Neurol,33735306,Japan,Treatment A,Treatment D,496,317,survival,,,,,,,0.99,0.89,1.17,24,59.4,13.8,41,72,Severe,None,low,low,low,low,low,low,low,low,no,no,Head-to-head
NMA036,NRCT1058,Williams,2013,Lancet Psychiatry,22682881,Japan,Treatment D,Treatment A,557,770,continuous,,,66.4,13.3,64.4,12.1,,,,24,61.7,8.2,54,76,Moderate-severe,None,low,low,low,low,low,low,low,low,yes,yes,Placebo-controlled
NMA036,NRCT1059,Miller,2016,J Clin Oncol,35278834,Singapore,Treatment E,Treatment A,326,659,survival,,,,,,,0.68,0.56,0.74,24,61.7,9.5,63,74,Moderate-severe,HTN,low,low,low,low,low,low,low,low,no,yes,Placebo-controlled
NMA036,NRCT1060,Bailey,2016,Neurology,33756592,India,Treatment D,Treatment E,763,794,binary,257,339,,,,,,,,36,57.8,12.7,39,59,Mild,Diabetes,low,low,low,low,low,low,low,low,no,yes,Placebo-controlled
NMA036,NRCT1061,Robinson,2019,JAMA,28447598,Singapore,Treatment B,Treatment B,269,541,survival,,,,,,,1.0,0.91,1.15,48,66.8,13.5,42,53,Moderate-severe,HTN,low,low,low,low,low,low,low,low,no,yes,Placebo-controlled
NMA036,NRCT1062,Wilson,2010,Ann Rheum Dis,27759404,France,Treatment E,Treatment D,718,731,continuous,,,76.7,22.9,66.6,20.8,,,,24,54.5,9.7,49,75,Mild,None,low,low,low,low,low,low,low,low,no,yes,Head-to-head
NMA036,NRCT1063,Robinson,2021,Circulation,31782495,Australia,Treatment A,Treatment D,575,512,binary,344,196,,,,,,,,36,57.2,12.9,37,60,Severe,None,low,low,low,low,low,low,low,low,yes,yes,Placebo-controlled
NMA036,NRCT1064,Bell,2011,Neurology,27013452,USA,Treatment E,Treatment D,639,706,binary,140,383,,,,,,,,36,56.2,9.1,34,63,Moderate-severe,HTN,low,low,low,low,low,low,low,low,yes,yes,Placebo-controlled
NMA036,NRCT1065,Phillips,2011,Lancet Neurol,28947325,Singapore,Treatment D,Treatment D,399,406,continuous,,,61.9,16.3,64.1,15.4,,,,36,57.9,13.8,55,64,Mild,CVD,low,low,low,low,low,low,unclear,unclear,yes,no,Head-to-head
NMA036,NRCT1066,Stewart,2023,JAMA,32704109,Denmark,Treatment D,Treatment C,446,714,binary,100,386,,,,,,,,12,64.2,10.3,45,63,Moderate,Diabetes,low,low,low,low,low,low,low,low,yes,yes,Placebo-controlled
NMA036,NRCT1067,Clark,2018,Lancet Psychiatry,25052070,Germany,Treatment E,Treatment D,295,476,binary,175,140,,,,,,,,48,66.1,8.8,50,54,Moderate-severe,CVD,low,low,low,low,low,low,low,low,no,yes,Head-to-head
NMA036,NRCT1068,Nguyen,2023,JAMA,32739035,Singapore,Treatment C,Treatment E,781,463,binary,261,86,,,,,,,,48,58.0,8.5,50,79,Severe,CVD,low,low,low,low,low,low,unclear,unclear,yes,yes,Head-to-head
NMA037,NRCT1069,Collins,2021,Ann Rheum Dis,22814916,Spain,Treatment E,Treatment A,619,739,continuous,,,76.1,20.0,69.2,24.9,,,,24,56.3,10.1,49,88,Severe,CVD,low,low,low,low,low,low,low,low,no,yes,Placebo-controlled
NMA037,NRCT1070,Rogers,2013,BMJ,30124456,Belgium,Treatment C,Treatment B,784,365,binary,242,119,,,,,,,,24,47.6,10.8,34,62,Moderate-severe,HTN,low,low,low,low,low,unclear,low,unclear,yes,yes,Placebo-controlled
NMA037,NRCT1071,Cooper,2022,Lancet Oncol,22429073,China,Treatment C,Treatment A,438,800,binary,111,178,,,,,,,,12,43.2,13.9,58,76,Severe,HTN,low,low,low,low,low,low,unclear,unclear,yes,yes,Head-to-head
NMA037,NRCT1072,Rogers,2019,JAMA,34063844,Japan,Treatment C,Treatment D,513,203,binary,139,97,,,,,,,,24,67.5,9.7,56,71,Severe,CVD,low,low,low,low,low,low,low,low,no,yes,Placebo-controlled
NMA037,NRCT1073,Harris,2019,JAMA Dermatol,30716940,Spain,Treatment D,Treatment C,523,526,continuous,,,67.0,18.7,70.9,14.6,,,,48,46.9,8.8,39,82,Mild,None,low,low,low,low,low,low,low,low,no,no,Placebo-controlled
NMA037,NRCT1074,Morris,2018,Lancet,28290278,Brazil,Treatment D,Treatment E,657,713,survival,,,,,,,0.76,0.67,0.87,24,48.6,9.0,66,85,Moderate,HTN,low,low,low,low,low,low,low,low,yes,no,Head-to-head
NMA037,NRCT1075,Peterson,2013,JAMA,31779857,Brazil,Treatment A,Treatment A,723,549,binary,354,282,,,,,,,,12,59.7,11.9,39,61,Moderate,CVD,low,low,low,low,low,low,low,low,yes,yes,Head-to-head
NMA037,NRCT1076,Reed,2019,JAMA,32957986,Belgium,Treatment B,Treatment B,404,309,binary,143,173,,,,,,,,48,55.6,10.9,49,82,Moderate-severe,Diabetes,low,low,low,low,low,low,low,low,yes,no,Placebo-controlled
NMA037,NRCT1077,Davis,2013,BMJ,34684555,Belgium,Treatment E,Treatment A,614,593,binary,167,353,,,,,,,,12,66.5,13.1,57,52,Moderate,Multiple,low,low,low,low,low,low,low,low,yes,yes,Placebo-controlled
NMA037,NRCT1078,Bell,2013,Circulation,31694641,Italy,Treatment A,Treatment A,748,668,binary,211,256,,,,,,,,36,57.0,10.0,45,82,Moderate,Multiple,low,low,low,unclear,low,low,low,unclear,yes,yes,Placebo-controlled
NMA037,NRCT1079,Jones,2017,Neurology,36834639,Japan,Treatment D,Treatment C,256,582,continuous,,,52.9,17.9,75.4,17.5,,,,12,59.0,9.1,62,71,Severe,Multiple,low,low,low,low,low,low,low,low,no,yes,Head-to-head
NMA037,NRCT1080,Wilson,2023,Lancet Neurol,35837167,Netherlands,Treatment E,Treatment C,482,797,binary,238,232,,,,,,,,12,59.9,13.3,58,76,Moderate,HTN,low,low,low,low,low,low,low,low,yes,yes,Placebo-controlled
NMA037,NRCT1081,Anderson,2012,Lancet Neurol,29682007,USA,Treatment C,Treatment C,441,574,binary,68,187,,,,,,,,24,45.2,8.8,56,62,Moderate,HTN,low,low,low,low,low,low,low,low,no,yes,Head-to-head
NMA037,NRCT1082,Parker,2012,JAMA,29311397,Italy,Treatment A,Treatment B,662,534,continuous,,,52.6,23.6,59.2,24.7,,,,48,67.3,11.4,33,72,Moderate-severe,Multiple,low,low,low,low,low,low,low,low,yes,yes,Placebo-controlled
NMA037,NRCT1083,Wright,2015,Lancet Oncol,30573670,Belgium,Treatment C,Treatment C,289,615,survival,,,,,,,1.0,0.9,1.16,36,64.8,12.1,35,73,Mild,CVD,low,low,low,low,low,low,low,low,no,yes,Placebo-controlled
NMA037,NRCT1084,Nelson,2010,JAMA Dermatol,28582110,France,Treatment A,Treatment C,547,419,survival,,,,,,,0.61,0.53,0.69,36,43.8,11.8,34,68,Moderate-severe,Multiple,low,low,low,low,low,low,low,low,no,yes,Placebo-controlled
NMA037,NRCT1085,Green,2013,Gut,26741271,Germany,Treatment C,Treatment A,590,708,binary,221,117,,,,,,,,36,43.9,11.3,67,52,Mild,Multiple,low,low,low,low,low,low,low,low,no,yes,Placebo-controlled
NMA037,NRCT1086,Cook,2017,Lancet Respir Med,35622023,Canada,Treatment B,Treatment B,793,268,binary,214,81,,,,,,,,24,65.3,8.7,44,58,Moderate,None,low,low,low,low,low,low,low,low,yes,yes,Placebo-controlled
NMA037,NRCT1087,Wright,2013,Lancet Neurol,34062987,Taiwan,Treatment D,Treatment A,279,512,binary,165,80,,,,,,,,36,52.8,9.6,34,62,Mild,None,low,low,low,low,low,low,low,low,no,no,Placebo-controlled
NMA037,NRCT1088,Peterson,2016,Blood,27181690,Mexico,Treatment B,Treatment C,339,235,survival,,,,,,,0.76,0.65,0.85,12,59.3,10.2,56,62,Moderate-severe,HTN,low,low,low,low,low,low,low,low,no,no,Placebo-controlled
NMA037,NRCT1089,Phillips,2016,Lancet Respir Med,23998470,Taiwan,Treatment E,Treatment B,550,521,continuous,,,64.6,19.4,55.3,21.6,,,,48,46.0,10.6,62,75,Mild,Multiple,low,low,low,low,low,low,low,low,yes,yes,Head-to-head
NMA037,NRCT1090,Johnson,2010,Lancet,25343568,USA,Treatment A,Treatment B,449,313,binary,231,177,,,,,,,,24,46.4,8.6,67,54,Moderate-severe,HTN,low,low,low,low,low,low,low,low,no,yes,Placebo-controlled
NMA037,NRCT1091,White,2020,Lancet Oncol,25440578,Sweden,Treatment E,Treatment E,667,659,binary,263,298,,,,,,,,36,48.4,11.7,47,60,Mild,None,low,low,low,low,low,low,low,low,no,yes,Head-to-head
NMA037,NRCT1092,Lee,2022,Lancet Neurol,23724179,Mexico,Treatment D,Treatment E,765,266,binary,400,61,,,,,,,,24,62.5,13.3,64,83,Moderate,None,low,low,low,low,low,low,low,low,no,no,Head-to-head
NMA037,NRCT1093,Miller,2017,Ann Rheum Dis,31675891,Spain,Treatment D,Treatment E,634,237,binary,351,107,,,,,,,,48,62.4,13.3,32,88,Severe,HTN,low,low,low,low,unclear,low,low,unclear,no,yes,Placebo-controlled
NMA037,NRCT1094,Green,2015,Circulation,25875291,Netherlands,Treatment C,Treatment E,414,422,binary,229,81,,,,,,,,36,46.2,12.6,59,80,Moderate-severe,Diabetes,low,low,low,low,low,low,low,low,yes,no,Placebo-controlled
NMA037,NRCT1095,Jones,2023,JACC,27752526,India,Treatment E,Treatment C,488,632,binary,203,348,,,,,,,,48,65.5,11.5,64,53,Moderate-severe,HTN,low,low,low,low,low,low,low,low,no,yes,Placebo-controlled
NMA037,NRCT1096,Howard,2015,JACC,31957311,China,Treatment E,Treatment D,626,491,binary,161,152,,,,,,,,24,50.3,8.1,65,58,Moderate,None,low,low,low,low,low,low,low,low,yes,no,Placebo-controlled
NMA037,NRCT1097,Parker,2023,Lancet,23041638,Netherlands,Treatment B,Treatment D,561,758,binary,121,363,,,,,,,,12,54.4,9.1,48,57,Moderate,None,low,low,low,low,low,low,low,low,yes,no,Placebo-controlled
NMA037,NRCT1098,Clark,2014,BMJ,24916500,Netherlands,Treatment B,Treatment B,788,549,survival,,,,,,,0.98,0.88,1.12,12,44.0,11.4,39,52,Mild,Multiple,low,low,low,low,low,low,low,low,yes,no,Head-to-head
NMA038,NRCT1099,Rodriguez,2011,Neurology,33538256,Sweden,Treatment E,Treatment D,789,312,binary,460,47,,,,,,,,48,60.9,10.7,59,75,Mild,None,low,low,low,low,low,low,low,low,no,yes,Head-to-head
NMA038,NRCT1100,Nguyen,2022,JACC,35775910,Singapore,Treatment D,Treatment C,706,555,continuous,,,57.0,22.7,56.3,20.5,,,,24,42.0,10.6,60,56,Mild,Multiple,low,low,low,low,low,low,low,low,yes,yes,Head-to-head
NMA038,NRCT1101,Mitchell,2023,Lancet,30693133,Japan,Treatment A,Treatment B,503,222,survival,,,,,,,0.95,0.85,1.04,12,63.6,10.5,64,82,Severe,Diabetes,low,low,low,low,low,low,low,low,no,no,Placebo-controlled
NMA038,NRCT1102,Peterson,2015,Gut,26792782,Sweden,Treatment A,Treatment C,328,336,survival,,,,,,,0.98,0.8,1.16,36,66.1,8.7,46,83,Moderate,Diabetes,low,low,low,low,low,low,low,low,no,yes,Placebo-controlled
NMA038,NRCT1103,Morgan,2015,JACC,35247361,Mexico,Treatment A,Treatment B,680,613,continuous,,,66.9,16.0,64.3,13.9,,,,36,58.0,10.9,47,58,Mild,Multiple,low,low,low,low,low,low,low,low,no,yes,Head-to-head
NMA038,NRCT1104,Collins,2020,Ann Rheum Dis,22552971,China,Treatment D,Treatment C,308,317,continuous,,,51.9,19.5,72.8,15.8,,,,36,47.9,10.6,37,69,Moderate,Multiple,low,low,low,low,low,unclear,low,unclear,yes,yes,Placebo-controlled
NMA038,NRCT1105,Hill,2015,Lancet,23649903,Germany,Treatment E,Treatment B,765,529,binary,222,168,,,,,,,,36,59.1,10.1,60,55,Moderate-severe,Multiple,low,low,low,low,low,low,low,low,no,yes,Placebo-controlled
NMA038,NRCT1106,Kelly,2011,Lancet,30357486,France,Treatment C,Treatment C,471,642,binary,178,113,,,,,,,,36,50.2,10.3,66,61,Moderate-severe,CVD,low,low,low,low,low,low,low,low,no,yes,Head-to-head
NMA038,NRCT1107,Phillips,2010,Neurology,36366193,Germany,Treatment C,Treatment C,755,680,binary,122,214,,,,,,,,24,65.4,11.8,32,81,Moderate,Diabetes,low,low,low,low,low,low,low,low,yes,yes,Placebo-controlled
NMA038,NRCT1108,Evans,2011,NEJM,25138134,France,Treatment E,Treatment C,225,654,binary,48,254,,,,,,,,48,58.8,12.4,40,65,Moderate,Diabetes,low,low,low,low,low,low,low,low,yes,yes,Placebo-controlled
NMA038,NRCT1109,Thomas,2018,Blood,36577320,Spain,Treatment D,Treatment A,592,600,binary,338,277,,,,,,,,48,43.1,10.1,59,79,Mild,Multiple,low,low,low,high,low,low,low,high,no,yes,Head-to-head
NMA038,NRCT1110,Peterson,2012,BMJ,24260158,Belgium,Treatment C,Treatment B,482,587,binary,213,221,,,,,,,,36,53.3,12.6,52,60,Mild,Diabetes,low,low,low,low,low,low,low,low,no,yes,Placebo-controlled
NMA038,NRCT1111,Taylor,2017,Ann Rheum Dis,21608955,Japan,Treatment D,Treatment A,277,539,binary,67,162,,,,,,,,36,58.6,9.1,64,84,Severe,CVD,low,low,low,low,low,low,low,low,yes,yes,Head-to-head
NMA038,NRCT1112,Cooper,2012,Blood,35615119,Singapore,Treatment D,Treatment C,441,291,continuous,,,76.6,19.5,73.2,12.8,,,,36,43.7,9.3,41,63,Severe,Diabetes,low,low,low,low,low,low,low,low,yes,yes,Head-to-head
NMA038,NRCT1113,Stewart,2013,Lancet Oncol,24878186,Japan,Treatment C,Treatment D,490,583,continuous,,,68.8,13.6,68.9,12.1,,,,48,57.2,13.4,33,81,Severe,Multiple,low,low,low,low,low,low,low,low,yes,yes,Head-to-head
NMA038,NRCT1114,Smith,2017,JAMA,31489564,Denmark,Treatment E,Treatment D,219,438,binary,33,218,,,,,,,,36,64.2,8.0,33,56,Moderate-severe,None,low,low,low,low,low,low,low,low,yes,yes,Placebo-controlled
NMA038,NRCT1115,Jackson,2019,Lancet Oncol,24733411,South Korea,Treatment B,Treatment D,744,474,binary,124,170,,,,,,,,48,57.2,8.7,32,61,Severe,HTN,low,low,low,low,low,low,low,low,yes,yes,Head-to-head
NMA038,NRCT1116,Wilson,2016,JAMA Dermatol,22049746,Canada,Treatment D,Treatment B,387,346,survival,,,,,,,0.63,0.52,0.73,48,50.1,8.6,41,60,Severe,Diabetes,low,low,low,low,low,low,low,low,yes,yes,Placebo-controlled
NMA038,NRCT1117,Collins,2021,JAMA Dermatol,35384210,Denmark,Treatment E,Treatment B,462,489,binary,276,199,,,,,,,,12,51.8,13.6,52,62,Severe,Diabetes,low,low,low,low,low,low,low,low,no,no,Placebo-controlled
NMA038,NRCT1118,Brown,2013,Lancet,33725023,India,Treatment C,Treatment A,340,523,binary,52,273,,,,,,,,48,63.1,13.4,57,52,Moderate,HTN,low,low,low,low,low,low,low,low,no,yes,Head-to-head
NMA038,NRCT1119,Harris,2011,JAMA,21222451,Italy,Treatment E,Treatment E,208,708,continuous,,,70.6,16.4,77.9,17.2,,,,24,54.5,13.1,40,85,Moderate-severe,Multiple,low,low,low,low,unclear,low,low,unclear,yes,yes,Head-to-head
NMA038,NRCT1120,Anderson,2022,JACC,24352528,Canada,Treatment C,Treatment B,556,396,survival,,,,,,,0.93,0.85,1.05,12,43.4,10.6,48,87,Severe,HTN,low,low,low,low,low,low,low,low,no,yes,Placebo-controlled
NMA038,NRCT1121,Hill,2017,JAMA,32414956,Japan,Treatment B,Treatment A,306,367,binary,164,69,,,,,,,,48,49.6,12.7,67,76,Mild,CVD,low,low,low,low,low,low,low,low,yes,no,Placebo-controlled
NMA038,NRCT1122,Cook,2014,Lancet Oncol,32633829,China,Treatment E,Treatment D,760,432,survival,,,,,,,1.03,0.9,1.18,12,60.1,9.7,48,65,Moderate,Multiple,low,low,low,low,low,low,low,low,yes,yes,Placebo-controlled
NMA038,NRCT1123,Adams,2010,Circulation,33372751,Japan,Treatment B,Treatment D,272,279,binary,136,72,,,,,,,,24,55.3,13.5,62,71,Severe,Diabetes,low,high,low,low,low,low,low,high,no,no,Placebo-controlled
NMA038,NRCT1124,Davis,2011,Lancet Psychiatry,32945863,USA,Treatment C,Treatment C,740,487,binary,115,153,,,,,,,,24,60.8,13.5,66,57,Moderate,Diabetes,low,low,low,low,low,low,low,low,no,yes,Head-to-head
NMA038,NRCT1125,Wilson,2013,Lancet Respir Med,21077300,South Korea,Treatment B,Treatment B,682,459,binary,235,161,,,,,,,,24,48.9,8.9,32,69,Severe,CVD,low,low,low,unclear,low,low,low,unclear,no,yes,Placebo-controlled
NMA038,NRCT1126,Garcia,2022,Circulation,23746001,Canada,Treatment E,Treatment A,276,714,binary,150,401,,,,,,,,12,47.4,9.5,56,64,Mild,None,low,low,low,low,low,low,low,low,no,yes,Head-to-head
NMA039,NRCT1127,Evans,2016,JAMA,27217615,Netherlands,Treatment A,Treatment A,638,445,continuous,,,68.4,15.9,70.0,23.5,,,,48,42.1,11.4,60,83,Moderate,Multiple,low,low,low,low,low,low,low,low,yes,yes,Head-to-head
NMA039,NRCT1128,Rogers,2022,NEJM,26333279,France,Treatment E,Treatment D,461,641,binary,217,280,,,,,,,,12,67.9,12.7,63,83,Severe,CVD,low,low,low,low,low,low,low,low,yes,no,Head-to-head
NMA039,NRCT1129,Peterson,2011,Lancet,31150758,France,Treatment B,Treatment B,506,725,binary,204,257,,,,,,,,24,43.1,9.0,33,61,Mild,Diabetes,low,low,low,low,low,low,low,low,yes,yes,Head-to-head
NMA039,NRCT1130,King,2019,Ann Rheum Dis,33870969,USA,Treatment A,Treatment D,329,520,continuous,,,47.4,22.1,58.4,24.9,,,,36,56.4,11.7,44,67,Moderate-severe,CVD,low,low,low,low,low,low,low,low,no,no,Placebo-controlled
NMA039,NRCT1131,Clark,2022,Neurology,27224818,France,Treatment E,Treatment C,315,749,continuous,,,54.3,17.1,53.7,18.5,,,,24,47.9,10.5,40,53,Mild,CVD,low,low,low,low,low,unclear,low,unclear,yes,yes,Placebo-controlled
NMA039,NRCT1132,Lewis,2017,Lancet Neurol,26522070,China,Treatment B,Treatment D,296,336,binary,90,187,,,,,,,,36,62.2,12.1,34,53,Mild,None,low,low,low,low,low,low,low,low,no,yes,Head-to-head
NMA039,NRCT1133,Stewart,2016,JAMA,22647429,USA,Treatment B,Treatment A,422,755,binary,197,137,,,,,,,,48,54.3,10.6,68,78,Severe,None,low,low,low,low,low,low,unclear,unclear,no,yes,Placebo-controlled
NMA039,NRCT1134,Jones,2010,Blood,34765736,Australia,Treatment D,Treatment C,351,694,binary,137,245,,,,,,,,48,42.8,12.4,50,55,Severe,None,low,low,low,low,low,low,low,low,no,yes,Placebo-controlled
NMA039,NRCT1135,Martin,2019,JAMA Dermatol,30529882,USA,Treatment A,Treatment C,629,231,binary,178,47,,,,,,,,24,67.2,13.7,53,84,Mild,None,low,low,low,low,low,low,low,low,yes,yes,Placebo-controlled
NMA039,NRCT1136,Anderson,2018,Circulation,26528450,Brazil,Treatment B,Treatment D,244,339,survival,,,,,,,0.9,0.8,1.06,24,62.5,11.5,64,52,Moderate-severe,Diabetes,low,low,low,low,low,low,low,low,yes,yes,Placebo-controlled
NMA039,NRCT1137,Edwards,2022,NEJM,24971901,Canada,Treatment C,Treatment E,789,319,survival,,,,,,,1.02,0.83,1.13,48,52.1,9.1,59,71,Severe,CVD,low,low,low,low,low,low,low,low,yes,no,Placebo-controlled
NMA039,NRCT1138,Bailey,2011,NEJM,26544946,Italy,Treatment B,Treatment A,535,637,binary,127,160,,,,,,,,48,67.6,13.7,63,71,Moderate,None,low,low,low,low,low,low,low,low,yes,yes,Placebo-controlled
NMA039,NRCT1139,Carter,2018,Gut,30776787,Mexico,Treatment D,Treatment C,344,657,binary,181,179,,,,,,,,48,60.9,11.3,67,79,Moderate,Multiple,low,low,low,low,low,low,low,low,no,yes,Placebo-controlled
NMA039,NRCT1140,Nguyen,2016,Circulation,27266605,Brazil,Treatment E,Treatment E,783,686,continuous,,,63.2,15.8,67.8,16.3,,,,12,53.4,9.8,34,63,Moderate-severe,Multiple,low,low,low,low,low,low,low,low,no,yes,Head-to-head
NMA039,NRCT1141,Rodriguez,2013,Neurology,32953262,Belgium,Treatment E,Treatment B,643,789,binary,121,280,,,,,,,,12,61.0,8.2,43,61,Severe,None,low,low,low,low,low,low,low,low,yes,yes,Placebo-controlled
NMA039,NRCT1142,Kelly,2011,BMJ,36889604,Belgium,Treatment A,Treatment E,202,730,survival,,,,,,,0.84,0.68,1.01,24,59.2,12.2,59,63,Moderate-severe,CVD,low,low,low,low,low,low,unclear,unclear,no,yes,Head-to-head
NMA039,NRCT1143,Robinson,2017,Neurology,35576376,USA,Treatment E,Treatment B,398,226,continuous,,,56.2,17.5,62.7,13.4,,,,24,48.8,12.5,42,67,Moderate-severe,CVD,low,low,low,low,low,low,low,low,yes,yes,Placebo-controlled
NMA039,NRCT1144,Young,2023,JACC,31175248,Japan,Treatment E,Treatment C,301,494,continuous,,,45.7,23.0,60.8,14.2,,,,12,43.7,9.3,45,53,Moderate-severe,CVD,low,low,low,low,low,low,low,low,yes,yes,Placebo-controlled
NMA039,NRCT1145,Campbell,2012,JAMA,27947727,Germany,Treatment D,Treatment C,408,780,survival,,,,,,,0.88,0.79,1.03,24,49.4,11.3,67,72,Mild,CVD,low,low,low,low,low,low,low,low,no,yes,Placebo-controlled
NMA039,NRCT1146,Howard,2013,Lancet Neurol,28928974,China,Treatment D,Treatment C,391,438,binary,159,143,,,,,,,,48,53.2,12.7,47,88,Mild,CVD,low,low,low,low,low,low,low,low,yes,yes,Placebo-controlled
NMA039,NRCT1147,Reed,2014,Blood,33422261,USA,Treatment E,Treatment E,641,329,continuous,,,71.0,16.4,67.9,19.8,,,,48,58.8,10.8,49,80,Mild,Multiple,low,low,low,low,low,low,low,low,no,yes,Head-to-head
NMA039,NRCT1148,Torres,2011,Lancet Respir Med,24980374,Netherlands,Treatment B,Treatment E,445,760,survival,,,,,,,0.73,0.59,0.87,36,56.0,13.8,48,63,Severe,CVD,low,low,low,low,low,low,low,low,no,yes,Head-to-head
NMA039,NRCT1149,Clark,2018,Lancet Oncol,29327077,Netherlands,Treatment A,Treatment B,591,495,binary,207,278,,,,,,,,12,48.1,10.0,49,58,Severe,Diabetes,low,low,low,low,low,low,low,low,no,yes,Head-to-head
NMA039,NRCT1150,Lee,2016,NEJM,31280324,USA,Treatment C,Treatment A,765,347,continuous,,,51.5,15.1,68.1,20.8,,,,48,63.5,10.5,45,57,Severe,None,low,low,low,low,low,low,low,low,yes,yes,Placebo-controlled
NMA039,NRCT1151,Edwards,2018,Neurology,30595117,Netherlands,Treatment D,Treatment E,691,773,binary,335,256,,,,,,,,36,56.2,12.8,37,53,Moderate-severe,CVD,low,low,low,low,low,low,low,low,yes,yes,Head-to-head
NMA039,NRCT1152,Cooper,2010,Circulation,35620043,Belgium,Treatment E,Treatment C,691,254,continuous,,,55.4,24.3,48.9,15.8,,,,12,56.1,13.6,58,88,Moderate,CVD,low,low,low,low,low,low,low,low,yes,yes,Placebo-controlled
NMA039,NRCT1153,Jackson,2020,Gut,23052606,China,Treatment D,Treatment B,489,485,continuous,,,75.6,20.2,76.9,18.6,,,,48,57.5,10.0,39,65,Severe,HTN,low,low,low,low,low,low,low,low,no,yes,Placebo-controlled
NMA039,NRCT1154,Peterson,2023,J Clin Oncol,22790867,UK,Treatment E,Treatment A,707,523,continuous,,,56.6,20.5,59.8,17.5,,,,12,66.6,10.7,45,52,Moderate-severe,Diabetes,low,low,low,low,low,low,low,low,no,no,Placebo-controlled
NMA039,NRCT1155,Carter,2017,Lancet Oncol,24568074,Germany,Treatment C,Treatment B,630,364,survival,,,,,,,0.85,0.76,0.95,24,53.1,12.7,54,79,Moderate,Diabetes,low,low,low,low,low,low,low,low,no,yes,Head-to-head
NMA039,NRCT1156,Johnson,2015,Ann Rheum Dis,34723899,Netherlands,Treatment C,Treatment D,434,780,continuous,,,63.7,21.6,63.0,20.6,,,,24,56.7,9.2,38,63,Moderate,None,low,low,low,low,low,low,low,low,no,yes,Placebo-controlled
NMA039,NRCT1157,Johnson,2023,Lancet Respir Med,33071409,Germany,Treatment D,Treatment A,517,620,binary,81,297,,,,,,,,12,42.9,8.4,38,62,Mild,HTN,low,low,low,low,low,low,low,low,yes,yes,Head-to-head
NMA039,NRCT1158,Walker,2019,Lancet Oncol,33250816,Sweden,Treatment B,Treatment E,278,316,continuous,,,77.3,20.8,47.7,19.0,,,,24,53.1,13.6,34,87,Moderate-severe,Diabetes,low,low,low,low,low,low,low,low,no,yes,Placebo-controlled
NMA039,NRCT1159,King,2016,Lancet Neurol,33756642,Netherlands,Treatment E,Treatment A,352,494,binary,162,98,,,,,,,,12,44.6,12.0,54,88,Moderate,Diabetes,low,low,low,low,low,low,low,low,no,yes,Head-to-head
NMA039,NRCT1160,Stewart,2017,Lancet Respir Med,24571386,USA,Treatment E,Treatment C,269,699,binary,73,129,,,,,,,,24,49.8,13.7,47,77,Moderate,None,low,low,low,low,low,low,low,low,yes,no,Placebo-controlled
NMA040,NRCT1161,Brown,2020,Blood,31011368,Sweden,Treatment B,Treatment B,524,697,survival,,,,,,,1.02,0.84,1.22,36,45.2,13.6,51,82,Severe,Diabetes,low,low,low,low,low,low,low,low,no,yes,Placebo-controlled
NMA040,NRCT1162,Williams,2017,NEJM,34254978,Japan,Treatment B,Treatment B,323,640,binary,131,119,,,,,,,,12,46.7,10.6,65,57,Moderate,CVD,low,low,low,low,low,low,low,low,yes,yes,Head-to-head
NMA040,NRCT1163,Smith,2021,Lancet Oncol,21160034,USA,Treatment B,Treatment A,317,638,continuous,,,55.3,18.1,70.2,19.9,,,,24,66.9,10.1,37,69,Mild,CVD,low,low,low,low,low,low,low,low,no,yes,Placebo-controlled
NMA040,NRCT1164,Martin,2020,Lancet,25930111,Sweden,Treatment B,Treatment A,504,324,binary,174,108,,,,,,,,24,56.6,10.1,46,73,Mild,Diabetes,low,low,low,low,low,low,low,low,no,yes,Head-to-head
NMA040,NRCT1165,Thomas,2018,Lancet Oncol,34764444,USA,Treatment E,Treatment D,600,253,continuous,,,58.8,24.5,46.0,20.8,,,,36,52.9,11.5,42,61,Moderate-severe,Diabetes,low,unclear,low,low,low,low,low,unclear,no,no,Placebo-controlled
NMA040,NRCT1166,Brown,2010,J Clin Oncol,28763024,Japan,Treatment B,Treatment B,694,237,binary,308,48,,,,,,,,48,45.1,8.5,65,88,Mild,HTN,low,low,low,low,low,low,low,low,no,no,Placebo-controlled
NMA040,NRCT1167,Hall,2012,Lancet,24184735,Mexico,Treatment A,Treatment A,424,272,binary,129,105,,,,,,,,24,48.0,11.4,61,73,Moderate,Diabetes,low,low,low,low,low,low,low,low,no,no,Placebo-controlled
NMA040,NRCT1168,Bell,2019,NEJM,29369720,Brazil,Treatment B,Treatment C,224,596,survival,,,,,,,0.8,0.64,0.87,36,53.7,11.0,58,69,Moderate-severe,None,low,low,low,low,low,low,low,low,yes,no,Placebo-controlled
NMA040,NRCT1169,Williams,2012,J Clin Oncol,33744863,Germany,Treatment B,Treatment D,305,290,continuous,,,69.2,20.4,58.2,12.8,,,,48,44.9,10.6,55,76,Moderate,Multiple,low,low,low,low,low,low,low,low,yes,yes,Placebo-controlled
NMA040,NRCT1170,Garcia,2015,Neurology,31946545,Singapore,Treatment E,Treatment B,531,420,survival,,,,,,,0.99,0.86,1.08,36,62.4,11.7,51,59,Severe,Multiple,low,low,low,low,low,low,low,low,yes,no,Placebo-controlled
NMA040,NRCT1171,Hill,2015,Neurology,33329086,Sweden,Treatment D,Treatment A,380,728,binary,211,248,,,,,,,,12,45.2,11.8,43,79,Mild,Multiple,low,low,low,low,low,low,low,low,no,yes,Head-to-head
NMA040,NRCT1172,Jones,2016,Gut,27874988,Denmark,Treatment C,Treatment C,681,613,binary,291,278,,,,,,,,36,57.2,9.8,43,52,Moderate,CVD,low,low,low,low,low,low,low,low,yes,yes,Placebo-controlled
NMA040,NRCT1173,Peterson,2012,Circulation,35081413,China,Treatment E,Treatment D,537,680,binary,219,146,,,,,,,,24,53.1,9.2,60,75,Mild,Diabetes,low,low,low,low,low,low,low,low,no,yes,Placebo-controlled
NMA040,NRCT1174,Baker,2020,BMJ,22780315,Sweden,Treatment B,Treatment D,619,416,binary,290,238,,,,,,,,24,53.6,12.3,65,57,Mild,Multiple,low,low,low,low,low,low,low,low,no,yes,Head-to-head
NMA040,NRCT1175,Garcia,2010,Lancet Neurol,34640307,South Korea,Treatment D,Treatment E,632,387,continuous,,,46.9,17.7,69.8,19.2,,,,36,48.6,12.6,64,83,Severe,None,low,low,low,low,low,low,low,low,no,yes,Placebo-controlled
NMA040,NRCT1176,Collins,2022,JAMA Dermatol,33208476,France,Treatment B,Treatment A,434,462,continuous,,,51.3,20.7,56.8,22.8,,,,48,48.4,11.3,58,87,Moderate,Diabetes,low,low,low,low,low,low,low,low,yes,yes,Placebo-controlled
NMA040,NRCT1177,Harris,2012,Lancet,29208100,Germany,Treatment C,Treatment A,452,534,continuous,,,61.1,15.2,58.2,24.4,,,,36,63.2,14.0,46,56,Moderate,Multiple,low,low,low,low,low,low,low,low,yes,yes,Placebo-controlled
NMA040,NRCT1178,Edwards,2016,Neurology,30195466,Taiwan,Treatment A,Treatment E,530,247,binary,315,142,,,,,,,,36,65.6,12.8,37,79,Severe,Multiple,low,low,low,low,high,low,low,high,yes,yes,Head-to-head
NMA040,NRCT1179,Bailey,2017,Neurology,30834240,India,Treatment C,Treatment E,273,455,binary,140,254,,,,,,,,12,51.2,10.8,67,83,Mild,None,low,low,low,low,low,low,low,low,yes,yes,Placebo-controlled
NMA040,NRCT1180,Morris,2017,Ann Rheum Dis,32230359,Netherlands,Treatment C,Treatment E,315,616,survival,,,,,,,0.98,0.89,1.16,48,43.5,9.0,62,76,Moderate-severe,Multiple,low,low,low,low,low,low,low,low,yes,yes,Placebo-controlled
NMA040,NRCT1181,Collins,2022,JAMA Dermatol,35030748,Spain,Treatment B,Treatment A,551,765,survival,,,,,,,0.67,0.59,0.78,48,59.0,8.4,32,82,Severe,Multiple,low,low,low,unclear,low,low,low,unclear,yes,yes,Placebo-controlled
NMA040,NRCT1182,Davis,2016,Lancet Psychiatry,33755449,South Korea,Treatment D,Treatment D,468,360,binary,113,183,,,,,,,,36,60.5,13.4,38,63,Severe,HTN,low,low,low,low,low,low,low,low,no,yes,Placebo-controlled
NMA040,NRCT1183,Adams,2018,Lancet Psychiatry,27466661,Netherlands,Treatment B,Treatment E,364,291,continuous,,,49.3,23.6,66.5,22.9,,,,24,48.9,10.8,37,68,Severe,None,low,low,low,low,low,low,low,low,no,yes,Placebo-controlled
NMA040,NRCT1184,Peterson,2015,Lancet Respir Med,25322546,Sweden,Treatment E,Treatment E,687,535,binary,394,152,,,,,,,,48,47.4,8.3,44,71,Moderate,Multiple,low,low,low,low,low,low,low,low,no,no,Placebo-controlled
NMA040,NRCT1185,Mitchell,2017,JACC,21358515,India,Treatment E,Treatment D,671,626,continuous,,,62.0,23.8,62.1,20.9,,,,12,42.6,11.9,35,77,Moderate-severe,Diabetes,low,low,low,low,low,low,low,low,yes,yes,Placebo-controlled
NMA041,NRCT1186,Jones,2017,J Clin Oncol,26239593,Canada,Treatment B,Treatment C,515,433,continuous,,,48.8,17.1,55.7,16.3,,,,48,62.6,11.5,48,63,Severe,HTN,low,low,low,low,low,low,low,low,no,yes,Placebo-controlled
NMA041,NRCT1187,Stewart,2017,Lancet,36550175,Canada,Treatment B,Treatment D,363,430,binary,58,211,,,,,,,,36,43.9,10.1,34,76,Mild,Multiple,low,low,low,low,low,low,low,low,yes,yes,Placebo-controlled
NMA041,NRCT1188,Jackson,2018,JACC,21286467,Denmark,Treatment B,Treatment C,231,252,binary,97,143,,,,,,,,36,45.5,13.1,38,62,Mild,Multiple,low,low,low,low,low,low,low,low,no,no,Placebo-controlled
NMA041,NRCT1189,Evans,2015,JAMA,28814765,UK,Treatment E,Treatment A,584,273,continuous,,,63.7,19.1,75.8,14.1,,,,36,54.8,12.2,50,72,Mild,None,low,low,low,low,low,low,low,low,yes,yes,Placebo-controlled
NMA041,NRCT1190,Anderson,2022,Blood,36130245,UK,Treatment E,Treatment B,261,379,survival,,,,,,,1.04,0.86,1.24,12,53.6,10.0,51,62,Moderate,Diabetes,low,low,low,low,low,low,low,low,no,yes,Placebo-controlled
NMA041,NRCT1191,Allen,2017,Gut,28908669,Denmark,Treatment A,Treatment D,228,618,binary,37,182,,,,,,,,12,54.6,11.2,65,88,Moderate-severe,None,low,low,low,low,low,low,low,low,no,yes,Head-to-head
NMA041,NRCT1192,Smith,2016,JAMA Dermatol,35732300,Canada,Treatment E,Treatment D,740,408,continuous,,,56.1,13.9,49.9,19.4,,,,12,43.8,10.6,57,69,Mild,HTN,low,low,low,low,low,low,low,low,no,no,Placebo-controlled
NMA041,NRCT1193,Young,2018,JAMA,29560784,Canada,Treatment D,Treatment A,777,546,survival,,,,,,,1.0,0.84,1.15,48,54.1,12.5,54,62,Mild,Diabetes,low,low,low,low,low,low,low,low,yes,yes,Placebo-controlled
NMA041,NRCT1194,Jones,2020,BMJ,35361025,Japan,Treatment C,Treatment E,733,545,binary,411,158,,,,,,,,24,43.3,8.3,56,69,Severe,None,low,low,low,low,low,low,low,low,yes,no,Placebo-controlled
NMA041,NRCT1195,Phillips,2018,Gut,25869814,Brazil,Treatment A,Treatment A,339,321,binary,183,119,,,,,,,,36,50.8,12.1,55,81,Mild,Multiple,low,low,low,low,low,low,low,low,no,yes,Head-to-head
NMA041,NRCT1196,Baker,2018,Blood,36369218,France,Treatment A,Treatment B,343,251,continuous,,,52.0,24.1,48.4,19.1,,,,36,43.4,13.2,45,56,Severe,CVD,low,low,low,low,low,low,low,low,no,yes,Placebo-controlled
NMA041,NRCT1197,Bell,2022,Gut,21576141,Belgium,Treatment A,Treatment B,210,732,survival,,,,,,,0.65,0.57,0.76,36,57.3,12.1,61,76,Moderate,HTN,low,low,low,low,low,low,low,low,no,yes,Placebo-controlled
NMA041,NRCT1198,Torres,2015,Lancet,34252461,Germany,Treatment D,Treatment D,328,703,binary,117,259,,,,,,,,24,62.8,11.5,47,74,Mild,HTN,low,low,low,low,low,low,low,low,no,yes,Placebo-controlled
NMA041,NRCT1199,Baker,2022,BMJ,35538205,USA,Treatment D,Treatment D,547,618,survival,,,,,,,0.64,0.55,0.75,36,49.8,10.0,48,82,Mild,Diabetes,low,low,unclear,low,low,low,low,unclear,no,yes,Placebo-controlled
NMA041,NRCT1200,Evans,2013,Lancet Neurol,30599437,Germany,Treatment A,Treatment D,445,771,continuous,,,77.6,18.1,47.3,13.0,,,,48,54.0,13.6,32,77,Moderate-severe,Diabetes,low,low,low,low,low,low,low,low,yes,yes,Head-to-head
NMA041,NRCT1201,Moore,2022,Gut,29944499,Denmark,Treatment D,Treatment C,264,646,continuous,,,66.3,17.0,62.1,14.3,,,,48,66.5,13.8,42,70,Mild,Diabetes,low,low,low,low,low,unclear,low,unclear,no,yes,Head-to-head
NMA041,NRCT1202,Martinez,2011,Lancet Neurol,23241656,USA,Treatment E,Treatment C,727,478,survival,,,,,,,0.72,0.65,0.8,12,58.4,13.7,51,77,Moderate-severe,CVD,low,low,low,low,low,low,low,low,yes,yes,Placebo-controlled
NMA041,NRCT1203,Garcia,2016,Circulation,32217316,Singapore,Treatment E,Treatment A,742,734,binary,310,272,,,,,,,,48,67.6,8.6,35,75,Severe,None,low,low,low,low,low,low,low,low,yes,yes,Head-to-head
NMA041,NRCT1204,Johnson,2012,Lancet Psychiatry,35856989,Mexico,Treatment B,Treatment D,575,636,binary,101,306,,,,,,,,24,43.1,11.0,39,73,Moderate,None,low,low,low,low,unclear,low,low,unclear,yes,yes,Placebo-controlled
NMA041,NRCT1205,Harris,2022,J Clin Oncol,24615572,Italy,Treatment A,Treatment A,439,380,continuous,,,67.5,23.3,71.2,16.3,,,,24,57.7,13.0,59,77,Mild,None,low,low,low,low,low,low,low,low,yes,yes,Placebo-controlled
NMA041,NRCT1206,Hill,2012,Blood,35536634,Singapore,Treatment E,Treatment E,425,650,binary,217,172,,,,,,,,12,67.3,9.2,57,86,Severe,Diabetes,low,low,low,low,low,low,low,low,yes,yes,Head-to-head
NMA041,NRCT1207,Hill,2015,Neurology,22853172,Denmark,Treatment A,Treatment D,723,439,binary,336,158,,,,,,,,24,42.8,9.7,55,88,Moderate,CVD,low,low,low,low,low,low,low,low,yes,no,Placebo-controlled
NMA041,NRCT1208,Torres,2011,BMJ,36983131,Denmark,Treatment B,Treatment C,265,383,binary,57,100,,,,,,,,12,65.1,12.7,36,84,Mild,Diabetes,low,low,low,low,unclear,low,low,unclear,yes,yes,Placebo-controlled
NMA041,NRCT1209,Torres,2023,Gut,28719584,Brazil,Treatment E,Treatment D,576,659,continuous,,,62.9,19.7,54.7,20.3,,,,24,64.5,10.3,59,58,Moderate,Multiple,low,low,low,low,low,low,low,low,no,no,Placebo-controlled
NMA041,NRCT1210,Taylor,2015,Ann Rheum Dis,32530220,India,Treatment E,Treatment E,427,310,survival,,,,,,,0.72,0.62,0.81,24,61.4,10.9,34,55,Moderate,None,low,low,low,low,low,low,low,low,no,yes,Head-to-head
NMA041,NRCT1211,Miller,2010,Ann Rheum Dis,32235324,Netherlands,Treatment B,Treatment B,218,279,continuous,,,71.1,13.4,60.1,14.3,,,,36,66.0,11.7,42,82,Moderate-severe,None,low,low,low,low,low,low,low,low,no,no,Placebo-controlled
NMA041,NRCT1212,Edwards,2023,JAMA,29566379,China,Treatment D,Treatment A,287,753,continuous,,,64.2,21.4,77.5,16.7,,,,48,45.0,10.4,42,53,Moderate-severe,None,low,low,low,low,low,low,low,low,yes,yes,Head-to-head
NMA041,NRCT1213,Rodriguez,2015,JAMA Dermatol,29876594,Belgium,Treatment B,Treatment D,501,391,binary,210,148,,,,,,,,12,54.3,10.2,49,85,Mild,Diabetes,low,low,low,low,low,low,low,low,yes,yes,Head-to-head
NMA041,NRCT1214,Martin,2012,Gut,24679108,India,Treatment B,Treatment C,310,356,survival,,,,,,,0.68,0.58,0.8,48,42.6,11.9,33,80,Moderate,Diabetes,low,low,low,low,low,low,low,low,yes,yes,Placebo-controlled
NMA041,NRCT1215,Baker,2022,J Clin Oncol,27660787,India,Treatment C,Treatment E,258,287,survival,,,,,,,0.71,0.59,0.85,24,47.6,9.1,55,53,Moderate,CVD,low,low,low,low,low,low,low,low,yes,yes,Placebo-controlled
NMA041,NRCT1216,Carter,2010,Lancet Oncol,26870748,China,Treatment B,Treatment D,612,723,survival,,,,,,,0.6,0.5,0.65,24,45.4,11.6,62,82,Severe,CVD,low,low,low,low,low,low,low,low,no,yes,Placebo-controlled
NMA042,NRCT1217,Hill,2021,Blood,34035954,Singapore,Treatment D,Treatment C,221,223,binary,99,90,,,,,,,,36,54.0,12.0,36,88,Mild,Multiple,low,low,low,low,low,low,low,low,no,yes,Head-to-head
NMA042,NRCT1218,Green,2016,Lancet,36612601,Denmark,Treatment D,Treatment C,429,662,survival,,,,,,,0.61,0.51,0.72,48,51.8,13.3,48,72,Moderate-severe,None,low,low,low,low,low,low,low,low,no,yes,Placebo-controlled
NMA042,NRCT1219,Cook,2021,Neurology,32414913,Taiwan,Treatment D,Treatment E,262,739,binary,126,317,,,,,,,,12,52.3,10.0,51,52,Mild,None,low,low,low,low,low,low,low,low,yes,yes,Placebo-controlled
NMA042,NRCT1220,Campbell,2019,JAMA,35143944,UK,Treatment C,Treatment C,788,209,binary,335,117,,,,,,,,36,50.2,13.6,49,70,Severe,CVD,low,low,low,low,low,low,low,low,yes,yes,Head-to-head
NMA042,NRCT1221,Murphy,2016,J Clin Oncol,36031850,Sweden,Treatment E,Treatment B,658,342,survival,,,,,,,0.72,0.63,0.85,36,66.7,13.3,50,81,Moderate,HTN,low,low,low,unclear,low,low,low,unclear,yes,yes,Placebo-controlled
NMA042,NRCT1222,Wilson,2013,J Clin Oncol,36021086,Spain,Treatment D,Treatment C,522,440,continuous,,,71.4,19.8,74.0,18.9,,,,36,56.4,12.2,64,56,Moderate-severe,Multiple,low,low,low,low,low,low,low,low,no,yes,Placebo-controlled
NMA042,NRCT1223,Lewis,2018,NEJM,23255973,Canada,Treatment C,Treatment D,257,689,binary,141,223,,,,,,,,48,47.2,8.8,48,59,Severe,Multiple,low,low,low,low,low,low,low,low,yes,yes,Head-to-head
NMA042,NRCT1224,Baker,2020,Gut,22201982,UK,Treatment E,Treatment E,486,618,binary,200,324,,,,,,,,24,53.7,12.9,63,52,Moderate,None,low,low,low,low,low,low,low,low,yes,no,Head-to-head
NMA042,NRCT1225,Cooper,2010,Blood,22152583,Spain,Treatment E,Treatment C,420,760,continuous,,,73.4,24.5,59.9,21.8,,,,48,44.0,11.9,64,68,Moderate,HTN,low,low,low,low,low,low,low,low,yes,yes,Placebo-controlled
NMA042,NRCT1226,Cook,2022,Lancet,24769416,Spain,Treatment D,Treatment A,582,453,binary,175,78,,,,,,,,36,66.4,10.3,64,86,Moderate,None,low,low,low,low,low,low,low,low,no,yes,Placebo-controlled
NMA042,NRCT1227,Brown,2017,J Clin Oncol,29260150,Italy,Treatment A,Treatment A,487,621,binary,250,357,,,,,,,,48,47.6,10.5,46,81,Moderate-severe,HTN,low,low,low,low,low,low,low,low,no,yes,Placebo-controlled
NMA042,NRCT1228,Stewart,2022,JAMA,28196994,Denmark,Treatment B,Treatment E,467,484,binary,100,135,,,,,,,,12,58.5,9.1,66,64,Severe,HTN,low,low,low,low,unclear,low,low,unclear,no,yes,Placebo-controlled
NMA042,NRCT1229,Brown,2017,Gut,23154559,South Korea,Treatment A,Treatment B,407,730,continuous,,,77.3,23.7,49.8,17.3,,,,36,66.8,13.6,43,55,Moderate-severe,Multiple,low,low,low,low,low,low,low,low,yes,yes,Placebo-controlled
NMA042,NRCT1230,Morris,2016,JACC,24503907,Denmark,Treatment A,Treatment D,688,635,binary,207,158,,,,,,,,12,66.7,11.2,66,79,Moderate-severe,Multiple,low,low,low,low,low,low,low,low,yes,yes,Head-to-head
NMA042,NRCT1231,Jones,2017,JAMA Dermatol,23571333,Singapore,Treatment B,Treatment A,778,235,binary,398,137,,,,,,,,12,65.5,10.7,49,60,Severe,CVD,low,low,low,low,low,low,low,low,yes,yes,Placebo-controlled
NMA042,NRCT1232,Adams,2019,Lancet Oncol,25556734,Japan,Treatment C,Treatment C,707,629,binary,344,231,,,,,,,,36,64.4,12.0,64,64,Moderate-severe,None,low,low,low,low,low,low,low,low,yes,yes,Placebo-controlled
NMA042,NRCT1233,Morris,2018,Circulation,22263945,Sweden,Treatment E,Treatment C,291,799,survival,,,,,,,0.61,0.49,0.69,36,65.0,11.0,66,79,Severe,HTN,low,low,low,low,low,low,low,low,yes,yes,Placebo-controlled
NMA042,NRCT1234,Thompson,2015,JAMA,35991316,India,Treatment A,Treatment D,730,235,continuous,,,75.9,21.9,46.6,18.9,,,,24,57.2,11.8,65,72,Mild,HTN,low,low,low,low,low,low,low,low,yes,yes,Placebo-controlled
NMA042,NRCT1235,Stewart,2020,Lancet Psychiatry,27520918,China,Treatment A,Treatment E,373,522,continuous,,,75.6,21.8,49.8,16.5,,,,48,65.8,12.8,56,64,Mild,HTN,low,low,low,low,low,low,low,low,no,yes,Placebo-controlled
NMA042,NRCT1236,Bailey,2012,NEJM,36518473,Australia,Treatment B,Treatment A,382,430,survival,,,,,,,0.99,0.82,1.16,36,55.5,9.1,54,83,Severe,Diabetes,low,low,low,low,low,unclear,low,unclear,no,no,Placebo-controlled
NMA042,NRCT1237,Brown,2016,Circulation,23931112,South Korea,Treatment D,Treatment C,358,441,survival,,,,,,,0.76,0.64,0.9,24,53.5,9.9,59,67,Moderate,CVD,low,low,low,low,low,low,low,low,no,yes,Placebo-controlled
NMA042,NRCT1238,Turner,2012,Ann Rheum Dis,24897060,Mexico,Treatment E,Treatment E,202,343,binary,36,111,,,,,,,,24,63.2,11.5,54,60,Moderate,Diabetes,low,low,low,low,low,low,low,low,yes,yes,Head-to-head
NMA042,NRCT1239,Murphy,2013,JAMA Dermatol,33073686,Denmark,Treatment E,Treatment B,438,745,continuous,,,47.4,23.8,74.3,16.8,,,,24,58.6,8.8,65,82,Moderate-severe,None,low,low,low,low,low,low,low,low,yes,yes,Placebo-controlled
NMA042,NRCT1240,Thompson,2010,Blood,21641948,Spain,Treatment B,Treatment B,375,306,binary,60,84,,,,,,,,48,65.0,8.9,46,78,Moderate,Multiple,low,low,low,low,low,low,low,low,yes,yes,Placebo-controlled
NMA042,NRCT1241,Murphy,2022,BMJ,25262027,Italy,Treatment D,Treatment D,253,461,continuous,,,73.2,22.5,68.5,14.6,,,,36,56.6,9.9,33,65,Moderate-severe,Diabetes,low,low,low,low,low,low,low,low,yes,yes,Head-to-head
NMA042,NRCT1242,Lee,2019,Circulation,25056323,Brazil,Treatment C,Treatment B,578,380,binary,288,156,,,,,,,,12,54.9,8.9,68,62,Mild,CVD,low,low,low,low,low,low,low,low,yes,yes,Placebo-controlled
NMA043,NRCT1243,Peterson,2012,NEJM,29114850,Belgium,Treatment D,Treatment D,259,682,binary,101,358,,,,,,,,48,53.5,13.2,34,85,Moderate,None,low,low,low,low,low,low,low,low,yes,no,Head-to-head
NMA043,NRCT1244,Moore,2021,JAMA Dermatol,24427657,Sweden,Treatment A,Treatment B,781,312,binary,211,81,,,,,,,,36,59.4,9.4,60,69,Mild,None,low,low,low,low,low,low,low,low,no,yes,Placebo-controlled
NMA043,NRCT1245,Nelson,2013,Blood,33298920,Mexico,Treatment D,Treatment D,209,246,continuous,,,45.7,20.1,58.0,18.2,,,,12,63.0,8.4,50,72,Severe,HTN,low,unclear,low,low,low,low,low,unclear,no,yes,Placebo-controlled
NMA043,NRCT1246,Morris,2014,Lancet Psychiatry,31495625,Japan,Treatment D,Treatment B,693,295,continuous,,,53.2,19.7,76.6,19.8,,,,48,43.5,13.7,33,61,Moderate,CVD,low,low,low,low,low,low,low,low,yes,yes,Head-to-head
NMA043,NRCT1247,Turner,2022,Lancet Psychiatry,30513948,China,Treatment B,Treatment D,608,390,binary,136,169,,,,,,,,36,67.8,13.0,38,56,Moderate-severe,HTN,low,low,low,low,low,low,low,low,yes,yes,Placebo-controlled
NMA043,NRCT1248,Carter,2011,Neurology,23519844,Spain,Treatment B,Treatment C,237,209,binary,121,50,,,,,,,,24,52.2,12.0,65,83,Moderate,CVD,low,low,low,low,low,low,low,low,no,yes,Placebo-controlled
NMA043,NRCT1249,Hall,2021,Neurology,25381354,France,Treatment B,Treatment A,414,539,binary,172,191,,,,,,,,48,49.1,12.4,35,76,Mild,CVD,low,low,low,low,low,low,low,low,no,yes,Head-to-head
NMA043,NRCT1250,Cooper,2013,JACC,26635145,USA,Treatment B,Treatment E,495,450,continuous,,,68.5,24.5,73.4,13.8,,,,48,55.5,9.7,55,86,Severe,Diabetes,low,low,low,low,low,low,low,low,no,yes,Placebo-controlled
NMA043,NRCT1251,Martinez,2010,Neurology,32463969,Canada,Treatment B,Treatment B,216,711,survival,,,,,,,0.84,0.69,0.97,36,49.0,11.0,40,74,Severe,Multiple,low,low,low,low,unclear,low,low,unclear,no,yes,Head-to-head
NMA043,NRCT1252,Morris,2010,Lancet,23871129,Mexico,Treatment D,Treatment A,370,487,continuous,,,66.9,17.2,46.8,23.2,,,,12,55.6,12.3,57,67,Moderate,Diabetes,low,low,low,low,high,low,low,high,yes,yes,Head-to-head
NMA043,NRCT1253,Adams,2012,Blood,26008008,Brazil,Treatment A,Treatment A,678,280,binary,213,120,,,,,,,,24,43.2,10.0,38,66,Moderate-severe,Diabetes,low,low,low,unclear,low,low,low,unclear,no,yes,Placebo-controlled
NMA043,NRCT1254,White,2017,JACC,27835223,South Korea,Treatment A,Treatment D,470,732,survival,,,,,,,0.78,0.71,0.88,36,65.2,8.0,63,52,Moderate,HTN,low,low,low,low,low,low,low,low,yes,yes,Placebo-controlled
NMA043,NRCT1255,Martin,2021,BMJ,24211756,Germany,Treatment E,Treatment B,356,645,continuous,,,71.1,12.3,59.2,12.2,,,,48,63.3,8.6,56,55,Moderate-severe,Multiple,low,low,low,low,low,low,low,low,yes,yes,Head-to-head
NMA043,NRCT1256,Evans,2019,Ann Rheum Dis,30032327,Denmark,Treatment D,Treatment A,384,696,binary,146,171,,,,,,,,12,48.8,12.2,54,57,Moderate-severe,Diabetes,low,low,low,low,low,low,low,low,no,no,Placebo-controlled
NMA043,NRCT1257,Taylor,2013,NEJM,32505720,Mexico,Treatment B,Treatment A,219,743,continuous,,,76.7,19.9,45.2,24.0,,,,12,43.6,9.1,64,75,Severe,None,low,low,low,low,low,low,low,low,yes,yes,Head-to-head
NMA043,NRCT1258,Evans,2023,BMJ,30747667,Denmark,Treatment B,Treatment A,735,485,binary,332,146,,,,,,,,12,64.6,10.6,60,69,Moderate,Multiple,low,low,low,low,low,low,low,low,no,yes,Placebo-controlled
NMA043,NRCT1259,Reed,2021,Lancet Psychiatry,30783764,Taiwan,Treatment E,Treatment B,416,362,survival,,,,,,,0.65,0.53,0.75,36,53.2,9.0,62,75,Severe,HTN,low,low,low,low,low,low,low,low,yes,yes,Head-to-head
NMA043,NRCT1260,Garcia,2022,Lancet,28349575,Japan,Treatment E,Treatment E,234,437,binary,94,121,,,,,,,,48,64.1,13.9,39,63,Mild,HTN,low,unclear,low,low,low,low,low,unclear,yes,yes,Placebo-controlled
NMA043,NRCT1261,Jones,2015,Lancet Oncol,29732513,South Korea,Treatment E,Treatment C,534,675,binary,223,229,,,,,,,,36,49.9,9.5,37,82,Severe,None,low,low,low,low,low,low,low,low,yes,yes,Placebo-controlled
NMA043,NRCT1262,Morris,2014,J Clin Oncol,30432978,Canada,Treatment C,Treatment C,781,502,survival,,,,,,,0.62,0.53,0.7,36,54.5,12.3,32,82,Moderate,None,low,low,low,low,low,low,low,low,yes,yes,Placebo-controlled
NMA043,NRCT1263,Parker,2021,JACC,24883040,USA,Treatment B,Treatment B,776,738,binary,447,186,,,,,,,,36,49.5,9.8,40,57,Moderate,Diabetes,low,low,low,low,low,low,low,low,no,yes,Placebo-controlled
NMA043,NRCT1264,King,2023,Lancet Psychiatry,21242309,China,Treatment A,Treatment C,367,616,survival,,,,,,,0.7,0.64,0.81,48,67.2,11.8,50,74,Severe,HTN,low,low,low,low,low,low,low,low,yes,no,Placebo-controlled
NMA043,NRCT1265,Campbell,2013,J Clin Oncol,30106075,India,Treatment B,Treatment A,775,308,binary,360,182,,,,,,,,24,50.2,11.0,65,75,Mild,Multiple,low,low,low,low,low,low,low,low,no,no,Placebo-controlled
NMA043,NRCT1266,Nguyen,2023,Circulation,24853070,Denmark,Treatment B,Treatment D,773,244,continuous,,,66.2,24.2,76.6,23.1,,,,48,48.6,13.0,51,56,Mild,Diabetes,low,unclear,low,low,low,low,low,unclear,no,yes,Placebo-controlled
NMA043,NRCT1267,Bailey,2021,Lancet Psychiatry,31539919,Singapore,Treatment B,Treatment C,309,486,survival,,,,,,,0.87,0.74,1.0,24,47.4,12.2,55,87,Severe,Multiple,low,low,low,low,low,low,low,low,yes,yes,Head-to-head
NMA043,NRCT1268,Miller,2020,J Clin Oncol,31214291,Italy,Treatment A,Treatment C,625,412,binary,216,155,,,,,,,,12,63.2,14.0,65,82,Severe,Multiple,low,low,low,low,low,low,low,low,yes,yes,Head-to-head
NMA044,NRCT1269,Davis,2012,Lancet Respir Med,30636037,Brazil,Treatment B,Treatment E,521,592,survival,,,,,,,0.74,0.63,0.83,48,60.8,9.6,59,80,Moderate,Diabetes,low,low,low,low,low,low,low,low,yes,yes,Head-to-head
NMA044,NRCT1270,Murphy,2010,Lancet Psychiatry,31398577,Netherlands,Treatment B,Treatment C,737,456,binary,225,227,,,,,,,,36,49.1,8.8,61,67,Mild,Multiple,low,low,low,low,low,low,low,low,yes,no,Placebo-controlled
NMA044,NRCT1271,Green,2020,Ann Rheum Dis,31284251,France,Treatment E,Treatment B,715,442,survival,,,,,,,0.8,0.67,0.93,24,64.6,8.8,53,74,Mild,CVD,low,low,low,low,low,low,low,low,yes,yes,Placebo-controlled
NMA044,NRCT1272,Torres,2020,Lancet Oncol,33956134,Spain,Treatment B,Treatment E,292,435,binary,117,146,,,,,,,,36,46.4,13.1,48,80,Mild,Multiple,low,low,low,low,low,low,low,low,no,yes,Placebo-controlled
NMA044,NRCT1273,Martinez,2010,JAMA Dermatol,28797856,Singapore,Treatment B,Treatment B,384,581,binary,202,328,,,,,,,,12,66.5,9.3,42,72,Severe,Diabetes,low,low,low,low,low,low,low,low,yes,yes,Head-to-head
NMA044,NRCT1274,Martinez,2013,Lancet,21061398,Australia,Treatment A,Treatment A,277,686,binary,139,208,,,,,,,,12,57.8,8.8,61,84,Severe,HTN,low,low,low,low,low,low,low,low,no,yes,Placebo-controlled
NMA044,NRCT1275,Rodriguez,2022,Lancet Oncol,29578055,India,Treatment B,Treatment A,618,699,continuous,,,76.9,20.7,53.8,13.9,,,,36,43.0,11.6,68,72,Severe,Diabetes,low,low,low,low,low,low,low,low,no,yes,Placebo-controlled
NMA044,NRCT1276,Garcia,2023,Gut,33598773,South Korea,Treatment C,Treatment E,749,496,binary,319,99,,,,,,,,36,45.4,12.3,34,79,Mild,None,low,low,low,unclear,low,low,low,unclear,yes,yes,Head-to-head
NMA044,NRCT1277,Clark,2014,Neurology,33238838,Singapore,Treatment A,Treatment C,633,662,binary,233,279,,,,,,,,24,44.4,8.9,40,60,Moderate,HTN,low,low,low,low,low,low,low,low,no,yes,Placebo-controlled
NMA044,NRCT1278,Peterson,2015,Lancet,32121651,Germany,Treatment D,Treatment A,693,546,binary,108,177,,,,,,,,12,66.2,12.9,51,64,Mild,Diabetes,low,low,low,low,low,low,low,low,no,yes,Placebo-controlled
NMA044,NRCT1279,Miller,2020,Lancet Oncol,25653962,Netherlands,Treatment A,Treatment E,354,327,binary,167,143,,,,,,,,36,64.0,13.5,60,65,Moderate-severe,CVD,low,low,low,low,low,low,low,low,no,yes,Placebo-controlled
NMA044,NRCT1280,Young,2023,Circulation,35282334,Germany,Treatment E,Treatment E,577,253,binary,216,48,,,,,,,,36,55.2,11.9,64,60,Moderate-severe,Multiple,low,low,low,low,low,low,low,low,yes,yes,Placebo-controlled
NMA044,NRCT1281,Wilson,2013,Lancet Oncol,27626731,Spain,Treatment A,Treatment B,784,466,survival,,,,,,,0.69,0.61,0.83,36,64.3,9.6,34,80,Moderate,Multiple,unclear,low,low,low,low,low,low,unclear,yes,yes,Placebo-controlled
NMA044,NRCT1282,Robinson,2020,JAMA,23290536,Spain,Treatment A,Treatment C,761,208,survival,,,,,,,1.02,0.83,1.22,12,51.2,12.3,53,52,Severe,Diabetes,low,low,low,low,low,low,low,low,no,yes,Head-to-head
NMA044,NRCT1283,Edwards,2011,Blood,32121843,Taiwan,Treatment C,Treatment D,604,315,continuous,,,68.1,21.8,63.4,12.1,,,,48,49.5,13.5,38,80,Moderate,Diabetes,low,low,low,low,low,low,low,low,no,yes,Placebo-controlled
NMA044,NRCT1284,Wilson,2021,Gut,34403522,Belgium,Treatment C,Treatment A,758,624,survival,,,,,,,0.69,0.62,0.8,24,45.3,10.4,39,83,Severe,HTN,low,low,low,low,low,low,low,low,no,yes,Head-to-head
NMA044,NRCT1285,Thompson,2010,NEJM,25001352,Spain,Treatment E,Treatment A,737,731,continuous,,,72.1,15.6,63.2,20.6,,,,36,58.1,8.4,46,60,Moderate-severe,CVD,low,low,low,low,low,low,low,low,no,yes,Head-to-head
NMA044,NRCT1286,Reed,2022,NEJM,34063008,Netherlands,Treatment D,Treatment D,238,290,binary,56,52,,,,,,,,24,58.0,11.1,39,82,Moderate-severe,HTN,low,low,low,low,low,low,low,low,no,yes,Head-to-head
NMA044,NRCT1287,Wilson,2021,Gut,25265881,Denmark,Treatment C,Treatment C,221,292,binary,114,157,,,,,,,,36,50.4,11.2,68,56,Mild,CVD,low,low,low,low,low,low,low,low,yes,yes,Placebo-controlled
NMA044,NRCT1288,Lewis,2013,Blood,31758087,Spain,Treatment C,Treatment B,665,644,survival,,,,,,,1.01,0.84,1.12,36,49.7,13.4,64,63,Moderate-severe,None,low,low,low,low,low,low,low,low,no,yes,Head-to-head
NMA044,NRCT1289,Davis,2011,BMJ,32991910,Singapore,Treatment A,Treatment A,372,596,survival,,,,,,,0.61,0.51,0.72,12,44.0,9.7,32,55,Severe,CVD,low,low,low,low,low,low,low,low,yes,yes,Placebo-controlled
NMA044,NRCT1290,Roberts,2019,Lancet Psychiatry,34785023,South Korea,Treatment A,Treatment C,798,540,continuous,,,76.4,19.4,69.8,16.5,,,,24,67.7,13.2,43,81,Severe,HTN,low,low,low,low,low,low,low,low,no,yes,Placebo-controlled
NMA044,NRCT1291,Miller,2017,JAMA,27550270,Germany,Treatment A,Treatment B,681,397,survival,,,,,,,0.97,0.81,1.05,12,55.5,10.7,49,64,Mild,CVD,low,low,low,low,low,low,low,low,no,yes,Placebo-controlled
NMA044,NRCT1292,Edwards,2015,Lancet Oncol,33881969,Denmark,Treatment B,Treatment C,439,583,binary,105,253,,,,,,,,36,59.8,11.4,42,79,Moderate,Diabetes,low,low,low,low,low,low,low,low,no,no,Placebo-controlled
NMA044,NRCT1293,Robinson,2013,Neurology,25796098,Belgium,Treatment C,Treatment E,757,341,continuous,,,71.6,12.3,68.4,15.5,,,,36,49.5,13.0,54,53,Moderate,Multiple,low,low,low,low,low,low,low,low,no,yes,Placebo-controlled
NMA045,NRCT1294,Edwards,2023,Lancet Oncol,24960754,Sweden,Treatment D,Treatment A,442,457,survival,,,,,,,0.84,0.7,0.98,12,55.4,9.5,54,55,Moderate-severe,None,low,low,low,low,low,low,low,low,yes,yes,Placebo-controlled
NMA045,NRCT1295,Adams,2011,Lancet Oncol,34697153,France,Treatment E,Treatment A,270,377,binary,81,138,,,,,,,,12,55.9,10.4,57,56,Mild,CVD,low,low,low,low,low,low,low,low,yes,yes,Placebo-controlled
NMA045,NRCT1296,Johnson,2021,Lancet Neurol,23216667,Mexico,Treatment B,Treatment E,795,370,continuous,,,75.2,24.0,66.0,22.8,,,,12,63.9,11.5,46,81,Severe,None,low,low,low,low,low,low,low,low,yes,yes,Placebo-controlled
NMA045,NRCT1297,Morgan,2018,Lancet Oncol,21140992,Taiwan,Treatment E,Treatment B,412,601,binary,201,325,,,,,,,,24,59.1,9.2,41,64,Mild,HTN,low,low,unclear,low,low,low,low,unclear,no,yes,Placebo-controlled
NMA045,NRCT1298,Thomas,2023,BMJ,34805631,UK,Treatment D,Treatment C,715,557,survival,,,,,,,0.84,0.71,0.93,48,62.6,13.9,63,83,Moderate,Multiple,low,low,low,low,low,low,low,low,yes,no,Placebo-controlled
NMA045,NRCT1299,Nguyen,2018,Lancet Psychiatry,27445917,Denmark,Treatment E,Treatment C,217,759,binary,112,258,,,,,,,,12,56.3,11.7,45,55,Moderate,Multiple,low,low,low,low,low,low,low,low,no,yes,Placebo-controlled
NMA045,NRCT1300,Williams,2022,Lancet Oncol,36801932,Mexico,Treatment A,Treatment E,503,390,binary,290,157,,,,,,,,12,47.8,12.6,63,67,Moderate-severe,Diabetes,low,low,low,low,low,low,low,low,no,no,Head-to-head
NMA045,NRCT1301,Jones,2010,Gut,33883432,Spain,Treatment C,Treatment A,618,759,binary,216,439,,,,,,,,12,47.7,9.4,47,83,Moderate-severe,Diabetes,low,low,low,low,low,low,unclear,unclear,no,yes,Placebo-controlled
NMA045,NRCT1302,Hall,2021,Blood,26697045,Italy,Treatment D,Treatment B,288,369,binary,153,63,,,,,,,,36,44.9,11.2,42,68,Moderate-severe,HTN,low,low,low,low,low,low,low,low,yes,yes,Placebo-controlled
NMA045,NRCT1303,Garcia,2016,NEJM,21251756,Spain,Treatment E,Treatment D,279,706,binary,92,225,,,,,,,,48,65.0,10.4,57,65,Moderate-severe,Diabetes,low,low,low,low,low,low,low,low,yes,yes,Placebo-controlled
NMA045,NRCT1304,Wright,2020,J Clin Oncol,28839419,Taiwan,Treatment B,Treatment D,472,524,continuous,,,65.3,15.1,66.5,21.1,,,,24,49.9,10.4,43,75,Moderate-severe,Multiple,low,low,low,low,low,low,low,low,yes,yes,Placebo-controlled
NMA045,NRCT1305,Green,2017,JAMA,32517526,Japan,Treatment A,Treatment D,443,589,continuous,,,56.1,13.6,62.6,21.7,,,,12,44.1,8.7,50,70,Moderate-severe,HTN,low,low,low,low,low,low,low,low,no,yes,Placebo-controlled
NMA045,NRCT1306,Nguyen,2022,Lancet Neurol,22730235,UK,Treatment B,Treatment B,435,359,continuous,,,71.6,19.3,57.1,23.5,,,,48,50.5,12.1,52,57,Severe,HTN,low,low,low,low,low,low,low,low,no,yes,Placebo-controlled
NMA045,NRCT1307,Carter,2010,Gut,32059512,France,Treatment C,Treatment A,344,563,binary,187,203,,,,,,,,12,47.8,10.3,65,69,Moderate,Diabetes,low,low,low,low,unclear,low,low,unclear,no,no,Placebo-controlled
NMA045,NRCT1308,White,2022,Gut,33244499,Spain,Treatment E,Treatment E,532,458,binary,152,138,,,,,,,,24,59.2,12.4,63,68,Mild,None,low,low,low,low,low,low,low,low,yes,yes,Head-to-head
NMA045,NRCT1309,Lee,2010,Neurology,36360574,Japan,Treatment A,Treatment C,482,757,continuous,,,56.3,21.7,47.8,13.0,,,,12,55.6,11.9,54,79,Moderate-severe,CVD,low,low,low,low,low,low,low,low,yes,no,Placebo-controlled
NMA045,NRCT1310,Johnson,2020,Lancet Respir Med,25295234,Taiwan,Treatment D,Treatment B,692,769,binary,341,130,,,,,,,,12,54.7,12.2,48,76,Moderate-severe,HTN,low,low,low,low,low,low,low,low,yes,yes,Placebo-controlled
NMA045,NRCT1311,Jones,2017,Lancet Respir Med,35796698,UK,Treatment D,Treatment A,374,412,binary,170,156,,,,,,,,12,68.0,9.4,40,52,Moderate,None,low,low,low,low,low,low,low,low,no,yes,Placebo-controlled
NMA045,NRCT1312,Jackson,2013,BMJ,29851810,India,Treatment E,Treatment D,695,671,binary,141,318,,,,,,,,36,44.6,9.9,57,88,Moderate-severe,Diabetes,low,low,low,low,low,low,low,low,yes,yes,Head-to-head
NMA045,NRCT1313,Morgan,2023,Lancet Oncol,36543244,India,Treatment B,Treatment C,244,484,binary,120,241,,,,,,,,36,61.1,8.1,67,59,Mild,Multiple,low,low,low,low,low,low,low,low,no,yes,Placebo-controlled
NMA045,NRCT1314,Jackson,2016,Lancet Psychiatry,22875216,Canada,Treatment D,Treatment E,255,727,binary,96,420,,,,,,,,12,51.6,8.3,43,87,Mild,HTN,low,low,low,low,low,low,low,low,yes,yes,Head-to-head
NMA045,NRCT1315,Morgan,2021,Lancet Respir Med,26381941,Sweden,Treatment B,Treatment C,607,721,continuous,,,71.9,18.6,45.9,21.6,,,,12,65.2,10.0,55,78,Moderate-severe,None,low,low,low,low,low,low,low,low,no,yes,Placebo-controlled
NMA045,NRCT1316,Johnson,2019,Lancet Oncol,25724417,France,Treatment B,Treatment C,501,382,continuous,,,58.8,24.7,73.8,18.2,,,,36,54.0,11.1,35,86,Mild,HTN,low,low,low,low,low,low,low,low,no,no,Placebo-controlled
NMA045,NRCT1317,Williams,2019,Lancet Respir Med,27940908,Brazil,Treatment E,Treatment A,208,713,survival,,,,,,,0.8,0.67,0.87,36,42.1,8.9,59,78,Severe,CVD,low,low,low,low,low,low,low,low,no,yes,Placebo-controlled
NMA045,NRCT1318,Wilson,2017,Lancet,23119274,France,Treatment B,Treatment A,254,657,binary,77,164,,,,,,,,36,43.4,13.8,65,66,Mild,CVD,low,low,low,low,low,low,low,low,no,no,Head-to-head
NMA045,NRCT1319,Nguyen,2014,Lancet Oncol,27910058,Taiwan,Treatment C,Treatment D,333,359,survival,,,,,,,0.81,0.67,0.91,24,46.8,13.8,47,86,Severe,Multiple,low,low,low,low,low,low,low,low,no,yes,Placebo-controlled
NMA045,NRCT1320,Martin,2012,J Clin Oncol,27152843,France,Treatment E,Treatment A,677,554,binary,139,124,,,,,,,,48,44.7,12.6,45,76,Mild,HTN,low,low,low,low,low,low,low,low,yes,yes,Placebo-controlled
NMA045,NRCT1321,Evans,2011,JAMA Dermatol,30282968,Mexico,Treatment A,Treatment E,784,292,survival,,,,,,,0.77,0.69,0.84,24,55.0,8.7,42,63,Moderate-severe,CVD,low,low,low,low,low,low,low,low,yes,yes,Head-to-head
NMA045,NRCT1322,Torres,2015,J Clin Oncol,27212422,Singapore,Treatment A,Treatment E,622,658,binary,367,290,,,,,,,,48,67.7,8.1,40,78,Severe,HTN,low,low,low,low,low,low,low,low,yes,yes,Placebo-controlled
NMA045,NRCT1323,Brown,2010,JAMA,23708705,Belgium,Treatment C,Treatment E,652,602,continuous,,,77.6,13.9,61.7,14.5,,,,48,48.4,13.4,65,56,Severe,Multiple,low,low,unclear,low,low,low,low,unclear,no,no,Placebo-controlled
NMA045,NRCT1324,Campbell,2021,Lancet Respir Med,29296440,India,Treatment A,Treatment E,485,659,continuous,,,50.9,15.1,61.6,20.6,,,,36,52.6,8.9,66,62,Moderate,Diabetes,low,low,low,low,low,low,low,low,yes,yes,Placebo-controlled
NMA045,NRCT1325,Murphy,2014,JAMA,36840899,Canada,Treatment D,Treatment D,488,711,binary,167,159,,,,,,,,24,59.3,12.7,44,63,Moderate-severe,None,low,low,low,low,low,low,low,low,yes,yes,Placebo-controlled
NMA045,NRCT1326,Davis,2013,Lancet Psychiatry,36336489,Italy,Treatment A,Treatment C,387,487,binary,66,220,,,,,,,,48,42.5,12.7,41,59,Mild,Diabetes,low,low,low,low,low,low,low,low,yes,yes,Placebo-controlled
NMA045,NRCT1327,Parker,2013,Neurology,27567349,France,Treatment C,Treatment C,245,213,continuous,,,56.8,12.1,70.9,22.5,,,,48,63.2,11.6,50,75,Severe,None,low,low,low,low,low,low,low,low,yes,yes,Placebo-controlled
NMA045,NRCT1328,Davis,2016,J Clin Oncol,29710985,Germany,Treatment C,Treatment A,276,791,continuous,,,52.6,21.1,46.3,17.5,,,,12,55.6,10.7,67,83,Moderate,CVD,low,low,low,low,low,low,low,low,no,no,Placebo-controlled
NMA046,NRCT1329,Rodriguez,2021,J Clin Oncol,33832020,USA,Treatment D,Treatment D,610,322,survival,,,,,,,0.81,0.66,0.95,48,62.2,8.7,50,78,Moderate-severe,None,low,low,low,low,low,low,low,low,yes,yes,Placebo-controlled
NMA046,NRCT1330,White,2021,Neurology,31334108,USA,Treatment E,Treatment B,225,490,binary,42,236,,,,,,,,48,51.5,10.6,41,80,Mild,CVD,low,low,low,low,low,unclear,low,unclear,yes,yes,Placebo-controlled
NMA046,NRCT1331,Martinez,2017,Circulation,31194743,Italy,Treatment B,Treatment C,728,330,binary,164,92,,,,,,,,48,64.7,12.7,32,65,Mild,None,low,low,low,low,low,low,low,low,yes,no,Placebo-controlled
NMA046,NRCT1332,Torres,2012,JAMA Dermatol,34077787,Denmark,Treatment E,Treatment D,587,709,binary,188,388,,,,,,,,36,56.9,8.7,39,75,Moderate-severe,Diabetes,low,low,low,low,unclear,low,low,unclear,no,yes,Placebo-controlled
NMA046,NRCT1333,Davis,2018,Circulation,25475172,UK,Treatment E,Treatment A,554,406,binary,319,225,,,,,,,,12,52.7,8.8,49,56,Moderate,CVD,low,low,low,low,low,low,low,low,no,no,Placebo-controlled
NMA046,NRCT1334,Reed,2016,Circulation,21635671,Denmark,Treatment E,Treatment D,356,296,survival,,,,,,,0.67,0.55,0.72,24,56.4,10.7,35,62,Moderate-severe,Multiple,low,low,low,low,low,low,low,low,yes,yes,Head-to-head
NMA046,NRCT1335,Clark,2012,Lancet Neurol,33095799,Brazil,Treatment E,Treatment A,343,282,survival,,,,,,,0.99,0.86,1.11,12,56.6,14.0,43,85,Moderate,Diabetes,low,low,low,low,low,low,low,low,yes,yes,Placebo-controlled
NMA046,NRCT1336,Nguyen,2014,Circulation,32608482,Mexico,Treatment A,Treatment E,356,403,binary,99,79,,,,,,,,12,50.3,10.6,51,64,Severe,HTN,low,low,low,low,low,low,low,low,yes,yes,Placebo-controlled
NMA046,NRCT1337,Lee,2015,JACC,32798507,Taiwan,Treatment D,Treatment A,360,272,survival,,,,,,,0.73,0.67,0.83,24,48.7,9.4,48,84,Moderate-severe,None,low,low,low,low,low,low,low,low,no,yes,Placebo-controlled
NMA046,NRCT1338,Harris,2011,Blood,26817445,Germany,Treatment E,Treatment A,540,636,continuous,,,50.9,21.8,47.7,16.2,,,,12,64.5,12.1,42,54,Severe,CVD,low,low,low,low,low,low,low,low,yes,yes,Placebo-controlled
NMA046,NRCT1339,Young,2018,Lancet Oncol,25204471,Netherlands,Treatment E,Treatment D,670,663,binary,302,386,,,,,,,,36,42.1,10.1,46,61,Moderate,CVD,unclear,low,low,low,low,low,low,unclear,no,yes,Placebo-controlled
NMA046,NRCT1340,Hill,2019,JAMA,25924474,Japan,Treatment D,Treatment C,346,735,binary,54,318,,,,,,,,48,48.4,12.6,61,65,Moderate,CVD,low,low,low,low,low,low,low,low,no,yes,Placebo-controlled
NMA046,NRCT1341,Kelly,2022,Lancet,30525162,Italy,Treatment C,Treatment B,722,746,survival,,,,,,,0.98,0.86,1.11,12,64.5,9.6,52,63,Severe,HTN,low,low,low,low,low,low,low,low,no,yes,Placebo-controlled
NMA046,NRCT1342,Nelson,2020,Ann Rheum Dis,34660042,Italy,Treatment A,Treatment C,771,782,binary,213,359,,,,,,,,36,50.1,9.0,51,87,Severe,None,low,low,low,low,low,low,low,low,yes,yes,Placebo-controlled
NMA046,NRCT1343,Young,2018,Lancet Neurol,36071977,Germany,Treatment B,Treatment B,248,456,binary,46,91,,,,,,,,12,56.3,11.2,44,71,Mild,CVD,low,low,low,low,low,low,low,low,yes,yes,Placebo-controlled
NMA046,NRCT1344,Evans,2015,BMJ,21165790,UK,Treatment C,Treatment E,773,376,binary,258,210,,,,,,,,48,66.8,10.2,45,55,Moderate-severe,Diabetes,low,low,low,unclear,low,low,low,unclear,yes,yes,Placebo-controlled
NMA046,NRCT1345,Parker,2021,BMJ,23980118,USA,Treatment B,Treatment D,526,762,binary,239,419,,,,,,,,48,47.5,11.8,51,74,Moderate-severe,CVD,low,low,low,low,low,low,low,low,yes,yes,Head-to-head
NMA046,NRCT1346,Walker,2023,JAMA,35211712,Germany,Treatment D,Treatment A,592,584,survival,,,,,,,0.87,0.73,1.04,36,61.3,12.3,56,71,Mild,Multiple,low,low,low,low,low,low,low,low,yes,yes,Placebo-controlled
NMA046,NRCT1347,Carter,2021,Ann Rheum Dis,29003974,Belgium,Treatment C,Treatment A,392,531,binary,161,165,,,,,,,,24,43.4,10.9,58,87,Severe,Diabetes,low,low,low,low,low,low,low,low,no,yes,Head-to-head
NMA046,NRCT1348,Peterson,2017,JACC,35569101,Belgium,Treatment D,Treatment B,640,337,survival,,,,,,,1.01,0.85,1.2,12,43.6,14.0,40,81,Mild,None,low,low,low,low,low,low,low,low,yes,yes,Placebo-controlled
NMA046,NRCT1349,Smith,2013,JAMA Dermatol,26254098,Canada,Treatment A,Treatment E,666,466,binary,275,204,,,,,,,,48,44.2,10.2,38,69,Moderate,None,low,low,low,low,low,low,low,low,yes,no,Placebo-controlled
NMA046,NRCT1350,Evans,2013,JAMA,21636045,France,Treatment B,Treatment C,516,776,survival,,,,,,,1.02,0.93,1.18,24,43.4,11.7,44,54,Moderate-severe,CVD,low,low,low,low,low,low,low,low,yes,yes,Placebo-controlled
NMA046,NRCT1351,Wright,2019,Circulation,21980600,UK,Treatment C,Treatment B,208,605,binary,51,176,,,,,,,,24,51.5,9.1,51,74,Severe,HTN,low,low,low,low,low,low,low,low,no,no,Placebo-controlled
NMA046,NRCT1352,Collins,2011,Lancet Psychiatry,27202351,UK,Treatment A,Treatment D,645,575,binary,245,252,,,,,,,,48,46.2,8.9,64,86,Severe,Diabetes,low,low,low,low,low,low,low,low,yes,yes,Head-to-head
NMA046,NRCT1353,Miller,2010,Lancet Oncol,30149790,Spain,Treatment A,Treatment E,330,588,binary,100,338,,,,,,,,36,67.2,8.0,42,71,Moderate-severe,None,low,low,low,low,low,low,low,low,no,yes,Placebo-controlled
NMA046,NRCT1354,Rogers,2018,Neurology,35441324,USA,Treatment D,Treatment E,255,625,survival,,,,,,,0.9,0.76,1.07,12,45.3,10.3,68,53,Moderate-severe,HTN,low,low,low,low,low,low,low,low,yes,yes,Head-to-head
NMA046,NRCT1355,Collins,2023,Gut,32350181,South Korea,Treatment D,Treatment A,753,340,binary,233,180,,,,,,,,24,50.4,9.3,57,69,Moderate-severe,HTN,low,low,low,low,low,unclear,low,unclear,yes,yes,Head-to-head
NMA046,NRCT1356,Lewis,2011,Lancet Neurol,33158547,Singapore,Treatment B,Treatment D,427,707,continuous,,,50.6,12.7,57.1,17.3,,,,48,62.1,9.4,60,68,Moderate-severe,HTN,low,low,low,low,low,low,low,low,yes,yes,Placebo-controlled
NMA046,NRCT1357,Reed,2018,Ann Rheum Dis,23039101,Japan,Treatment A,Treatment A,669,279,survival,,,,,,,0.91,0.81,1.0,24,60.8,11.8,43,77,Mild,Diabetes,low,low,low,low,unclear,low,low,unclear,yes,yes,Placebo-controlled
NMA046,NRCT1358,Allen,2021,J Clin Oncol,24041957,Spain,Treatment D,Treatment A,489,673,binary,87,259,,,,,,,,12,60.5,9.3,33,58,Mild,HTN,low,low,low,low,low,low,low,low,no,yes,Placebo-controlled
NMA046,NRCT1359,King,2020,BMJ,22066111,Australia,Treatment A,Treatment E,472,243,binary,194,92,,,,,,,,24,49.9,11.2,55,57,Moderate,None,low,low,low,low,low,low,low,low,no,yes,Placebo-controlled
NMA046,NRCT1360,Wright,2023,BMJ,25898370,South Korea,Treatment B,Treatment D,439,731,binary,225,335,,,,,,,,48,60.1,12.3,60,80,Mild,None,low,low,low,low,low,low,low,low,yes,yes,Head-to-head
NMA047,NRCT1361,Young,2013,JAMA,31534437,South Korea,Treatment E,Treatment C,451,636,binary,181,138,,,,,,,,24,54.5,9.1,68,79,Moderate-severe,None,low,low,low,low,low,low,low,low,yes,yes,Placebo-controlled
NMA047,NRCT1362,Brown,2021,J Clin Oncol,32289729,UK,Treatment E,Treatment A,742,339,binary,418,63,,,,,,,,12,43.4,8.5,50,83,Severe,None,low,low,low,low,low,low,low,low,yes,yes,Placebo-controlled
NMA047,NRCT1363,Howard,2022,Circulation,25992524,France,Treatment B,Treatment E,354,790,binary,108,316,,,,,,,,24,67.5,11.0,55,58,Moderate,None,low,low,low,low,low,low,low,low,no,no,Placebo-controlled
NMA047,NRCT1364,Parker,2013,BMJ,21368109,Spain,Treatment D,Treatment C,614,348,binary,199,182,,,,,,,,48,56.3,12.7,52,85,Moderate-severe,CVD,low,low,low,low,low,low,low,low,yes,yes,Placebo-controlled
NMA047,NRCT1365,Martin,2018,JAMA,36551578,Italy,Treatment E,Treatment C,769,392,continuous,,,46.2,22.8,45.4,17.6,,,,24,53.7,11.3,38,87,Mild,None,low,low,low,low,low,low,low,low,no,yes,Placebo-controlled
NMA047,NRCT1366,Howard,2021,Lancet Psychiatry,32795136,Italy,Treatment D,Treatment A,303,241,survival,,,,,,,0.77,0.68,0.85,36,67.0,12.6,49,61,Moderate-severe,Multiple,low,low,low,low,low,low,low,low,no,yes,Head-to-head
NMA047,NRCT1367,Green,2021,Gut,22532152,Canada,Treatment A,Treatment A,689,737,survival,,,,,,,0.99,0.83,1.17,36,63.0,8.2,43,64,Mild,HTN,low,low,low,low,low,low,low,low,no,yes,Placebo-controlled
NMA047,NRCT1368,Howard,2011,JACC,34101080,South Korea,Treatment C,Treatment A,260,591,binary,45,274,,,,,,,,48,66.2,14.0,63,68,Moderate,Multiple,low,low,low,low,low,low,low,low,yes,yes,Placebo-controlled
NMA047,NRCT1369,Edwards,2023,NEJM,30362855,Mexico,Treatment A,Treatment B,770,445,continuous,,,73.9,19.0,45.9,17.2,,,,12,56.7,12.8,65,79,Moderate,None,low,low,low,low,low,low,low,low,no,yes,Head-to-head
NMA047,NRCT1370,Hill,2012,NEJM,21407266,Netherlands,Treatment C,Treatment C,284,583,binary,90,186,,,,,,,,24,48.4,13.9,46,79,Severe,Multiple,unclear,low,low,low,low,low,low,unclear,yes,yes,Placebo-controlled
NMA047,NRCT1371,Rogers,2010,J Clin Oncol,29805992,Germany,Treatment A,Treatment D,267,765,continuous,,,71.2,15.9,58.5,17.6,,,,12,52.5,9.7,32,85,Severe,CVD,low,low,low,low,low,low,low,low,yes,yes,Head-to-head
NMA047,NRCT1372,Parker,2015,Lancet Psychiatry,31913794,China,Treatment E,Treatment B,436,532,binary,75,264,,,,,,,,12,54.9,9.0,58,84,Moderate-severe,HTN,low,low,low,low,low,low,low,low,yes,yes,Head-to-head
NMA047,NRCT1373,Roberts,2019,Gut,30447409,Canada,Treatment C,Treatment D,443,636,continuous,,,49.5,23.9,72.0,13.5,,,,36,56.4,8.7,51,81,Severe,Multiple,low,low,low,low,low,low,low,low,no,yes,Head-to-head
NMA047,NRCT1374,Evans,2017,Ann Rheum Dis,33410214,Taiwan,Treatment E,Treatment D,613,726,binary,314,260,,,,,,,,36,51.5,9.8,45,60,Severe,HTN,low,low,low,low,low,low,low,low,no,yes,Placebo-controlled
NMA047,NRCT1375,White,2015,Blood,36094605,Mexico,Treatment D,Treatment A,409,581,continuous,,,69.8,15.1,48.8,14.2,,,,24,43.3,10.7,33,84,Mild,Multiple,low,low,low,low,low,low,low,low,no,yes,Placebo-controlled
NMA047,NRCT1376,Garcia,2014,Lancet Respir Med,30412667,Spain,Treatment A,Treatment C,584,248,binary,341,136,,,,,,,,36,45.5,12.0,44,54,Moderate-severe,CVD,low,low,low,low,low,low,low,low,yes,yes,Placebo-controlled
NMA047,NRCT1377,Wright,2022,JAMA Dermatol,21222707,France,Treatment C,Treatment B,280,671,binary,74,328,,,,,,,,12,54.9,13.5,58,69,Mild,Diabetes,low,low,low,low,low,low,low,low,no,yes,Head-to-head
NMA047,NRCT1378,Thomas,2017,Gut,30404293,Taiwan,Treatment E,Treatment B,290,272,binary,108,121,,,,,,,,36,63.9,8.6,56,74,Moderate,CVD,low,low,low,low,low,low,low,low,yes,yes,Placebo-controlled
NMA047,NRCT1379,Hall,2014,Circulation,25609929,Italy,Treatment B,Treatment B,689,772,binary,144,389,,,,,,,,12,62.2,9.2,35,53,Severe,Multiple,low,low,high,low,low,low,low,high,no,yes,Head-to-head
NMA047,NRCT1380,Cooper,2012,NEJM,36218030,Australia,Treatment B,Treatment A,657,625,continuous,,,58.9,17.6,76.8,23.2,,,,12,58.3,8.6,65,66,Moderate,CVD,low,low,low,low,low,low,low,low,no,yes,Placebo-controlled
NMA047,NRCT1381,Davis,2017,J Clin Oncol,36339984,Spain,Treatment C,Treatment C,633,673,binary,136,381,,,,,,,,36,42.2,12.1,61,86,Moderate,CVD,low,low,low,low,low,low,low,low,no,yes,Placebo-controlled
NMA047,NRCT1382,Campbell,2015,Blood,31877226,Canada,Treatment B,Treatment C,362,266,survival,,,,,,,0.68,0.6,0.78,48,55.4,10.6,40,71,Moderate,Diabetes,low,low,low,low,low,low,low,low,yes,yes,Placebo-controlled
NMA047,NRCT1383,Campbell,2011,JAMA,36898564,China,Treatment B,Treatment E,607,396,continuous,,,66.0,19.9,62.4,23.9,,,,48,54.0,10.2,62,61,Moderate-severe,CVD,low,low,low,low,low,low,unclear,unclear,no,no,Placebo-controlled
NMA047,NRCT1384,Miller,2019,NEJM,34617379,Australia,Treatment A,Treatment C,344,408,binary,162,221,,,,,,,,24,55.1,9.7,35,59,Moderate,HTN,low,low,low,low,low,low,low,low,yes,no,Placebo-controlled
NMA047,NRCT1385,Evans,2013,NEJM,24914604,USA,Treatment D,Treatment C,791,352,binary,248,137,,,,,,,,48,44.1,13.3,48,81,Moderate-severe,CVD,low,low,low,low,low,low,low,low,yes,no,Placebo-controlled
NMA047,NRCT1386,Rodriguez,2016,Lancet Respir Med,36353253,Canada,Treatment A,Treatment B,302,691,binary,136,366,,,,,,,,24,43.1,9.2,62,85,Severe,Diabetes,low,low,low,low,low,low,low,low,no,yes,Head-to-head
NMA047,NRCT1387,Adams,2015,Circulation,30361262,Japan,Treatment B,Treatment D,615,652,continuous,,,68.9,16.1,52.5,22.2,,,,36,63.2,9.1,53,73,Severe,CVD,low,low,low,low,low,low,low,low,no,no,Placebo-controlled
NMA047,NRCT1388,Moore,2018,Ann Rheum Dis,30154005,Japan,Treatment B,Treatment E,800,545,survival,,,,,,,0.76,0.64,0.87,24,54.5,10.1,47,77,Mild,Diabetes,low,low,low,low,low,low,low,low,no,no,Placebo-controlled
NMA047,NRCT1389,Miller,2023,Lancet,32529332,Italy,Treatment E,Treatment D,618,781,binary,361,217,,,,,,,,36,62.4,11.5,32,63,Moderate,CVD,low,low,low,low,low,low,low,low,yes,yes,Placebo-controlled
NMA047,NRCT1390,Mitchell,2015,Lancet Oncol,28588302,Canada,Treatment A,Treatment C,608,283,continuous,,,51.3,20.1,61.8,16.7,,,,24,62.5,11.4,64,83,Mild,CVD,low,low,low,low,low,low,low,low,yes,yes,Placebo-controlled
NMA047,NRCT1391,Johnson,2017,JAMA Dermatol,28620682,China,Treatment B,Treatment C,215,418,binary,62,78,,,,,,,,12,57.8,12.9,68,57,Mild,Diabetes,low,low,low,low,low,low,low,low,no,no,Placebo-controlled
NMA047,NRCT1392,Moore,2016,Lancet,31960809,Mexico,Treatment C,Treatment B,621,313,continuous,,,64.5,19.2,48.6,17.9,,,,48,53.7,12.1,37,73,Moderate,HTN,low,low,low,low,low,low,low,low,yes,yes,Placebo-controlled
NMA047,NRCT1393,Anderson,2014,Ann Rheum Dis,36524362,Germany,Treatment A,Treatment C,307,319,binary,108,57,,,,,,,,48,59.0,12.9,60,54,Mild,Multiple,low,low,low,low,low,low,low,low,no,yes,Placebo-controlled
NMA047,NRCT1394,Kelly,2012,Lancet Respir Med,32930678,Mexico,Treatment D,Treatment B,567,729,continuous,,,61.8,22.3,53.4,15.6,,,,36,44.0,11.4,37,64,Moderate-severe,Diabetes,low,low,low,low,low,unclear,low,unclear,no,yes,Placebo-controlled
NMA048,NRCT1395,Hill,2016,Circulation,21325083,Belgium,Treatment C,Treatment A,781,232,continuous,,,78.0,22.2,65.6,24.2,,,,12,66.6,8.9,43,87,Severe,CVD,low,low,low,low,low,low,low,low,yes,yes,Placebo-controlled
NMA048,NRCT1396,Stewart,2015,NEJM,35560631,Germany,Treatment A,Treatment D,569,570,survival,,,,,,,0.82,0.7,0.97,12,59.0,11.4,32,65,Mild,Diabetes,low,low,low,low,low,low,low,low,yes,yes,Placebo-controlled
NMA048,NRCT1397,Martin,2023,NEJM,25467550,Mexico,Treatment D,Treatment E,773,331,continuous,,,72.5,15.2,61.2,16.9,,,,48,61.9,10.8,40,73,Severe,HTN,low,low,low,low,low,low,low,low,yes,yes,Placebo-controlled
NMA048,NRCT1398,Thompson,2012,JACC,27072533,South Korea,Treatment E,Treatment D,716,567,binary,169,166,,,,,,,,36,63.6,13.9,57,67,Moderate-severe,None,low,unclear,low,low,high,low,low,high,no,no,Head-to-head
NMA048,NRCT1399,Cook,2021,JACC,21336756,Denmark,Treatment A,Treatment A,579,290,continuous,,,70.0,24.6,66.2,12.6,,,,36,49.6,13.0,56,70,Moderate,Multiple,low,low,low,low,low,low,low,low,yes,yes,Placebo-controlled
NMA048,NRCT1400,Green,2011,Ann Rheum Dis,36423120,Netherlands,Treatment D,Treatment B,444,246,continuous,,,58.2,19.1,74.5,13.9,,,,12,63.0,9.8,67,83,Mild,Multiple,low,low,low,low,low,low,low,low,yes,no,Placebo-controlled
NMA048,NRCT1401,Stewart,2018,Lancet Oncol,23861026,Australia,Treatment C,Treatment D,401,476,continuous,,,54.7,22.6,49.1,12.2,,,,48,50.1,8.7,50,75,Moderate,CVD,low,low,low,low,low,low,low,low,yes,yes,Placebo-controlled
NMA048,NRCT1402,Hall,2016,J Clin Oncol,30381903,Netherlands,Treatment E,Treatment A,201,683,survival,,,,,,,1.04,0.86,1.18,12,52.8,10.7,52,69,Moderate,HTN,low,low,low,low,low,low,low,low,no,yes,Placebo-controlled
NMA048,NRCT1403,King,2023,Circulation,31619281,Japan,Treatment E,Treatment E,533,357,survival,,,,,,,1.0,0.82,1.09,36,64.3,11.0,67,54,Mild,Diabetes,low,low,low,low,low,low,low,low,no,yes,Placebo-controlled
NMA048,NRCT1404,Allen,2011,NEJM,33165230,Brazil,Treatment D,Treatment B,613,638,continuous,,,50.7,21.7,55.9,24.4,,,,24,54.2,13.8,66,58,Moderate-severe,CVD,low,low,low,low,low,low,low,low,no,no,Placebo-controlled
NMA048,NRCT1405,Wright,2010,Blood,27268958,USA,Treatment C,Treatment A,367,258,survival,,,,,,,0.64,0.56,0.7,24,61.6,9.0,59,52,Moderate-severe,Diabetes,low,low,low,low,low,low,low,low,no,yes,Head-to-head
NMA048,NRCT1406,Davis,2013,NEJM,21826669,USA,Treatment D,Treatment E,723,258,continuous,,,47.3,22.6,68.3,14.3,,,,12,55.0,8.5,46,87,Mild,Diabetes,low,low,low,low,low,low,low,low,no,yes,Head-to-head
NMA048,NRCT1407,White,2018,Lancet Neurol,25027330,Italy,Treatment B,Treatment B,284,647,survival,,,,,,,0.92,0.78,1.02,48,50.8,12.3,49,64,Moderate-severe,Diabetes,low,low,low,low,low,low,low,low,yes,yes,Placebo-controlled
NMA048,NRCT1408,Martinez,2022,NEJM,32830413,Belgium,Treatment A,Treatment C,524,765,continuous,,,72.1,24.1,47.8,13.4,,,,48,48.7,13.3,34,78,Mild,None,low,low,low,low,low,low,low,low,yes,yes,Placebo-controlled
NMA048,NRCT1409,Stewart,2018,Lancet Oncol,22037827,India,Treatment C,Treatment E,750,225,continuous,,,61.4,22.3,69.8,19.8,,,,36,58.8,8.7,48,81,Mild,CVD,low,low,low,low,low,low,low,low,yes,yes,Placebo-controlled
NMA048,NRCT1410,Mitchell,2020,Ann Rheum Dis,24907860,Italy,Treatment D,Treatment B,297,739,binary,72,158,,,,,,,,48,56.8,11.7,40,52,Moderate,HTN,low,low,low,low,low,low,low,low,no,yes,Head-to-head
NMA048,NRCT1411,Bell,2011,BMJ,23828724,Belgium,Treatment B,Treatment B,715,584,binary,253,145,,,,,,,,12,43.4,9.9,46,58,Moderate-severe,Multiple,low,low,low,low,low,low,low,low,no,yes,Head-to-head
NMA048,NRCT1412,Martinez,2015,Blood,31096208,Italy,Treatment B,Treatment C,718,792,binary,329,288,,,,,,,,36,49.4,9.5,62,85,Moderate-severe,Diabetes,low,low,low,low,low,low,low,low,no,yes,Head-to-head
NMA048,NRCT1413,Nguyen,2023,J Clin Oncol,29388039,Mexico,Treatment B,Treatment E,555,339,continuous,,,76.1,21.1,52.4,22.4,,,,12,47.4,13.5,39,57,Severe,Diabetes,low,low,low,low,low,low,low,low,yes,yes,Placebo-controlled
NMA048,NRCT1414,Evans,2021,Blood,35048781,Singapore,Treatment E,Treatment D,476,716,continuous,,,76.7,12.8,69.7,22.7,,,,24,61.7,13.3,34,82,Severe,Multiple,low,low,low,low,unclear,low,low,unclear,no,yes,Placebo-controlled
NMA048,NRCT1415,Thompson,2016,BMJ,22873053,Germany,Treatment B,Treatment B,707,636,survival,,,,,,,1.03,0.93,1.13,48,52.2,13.2,34,87,Severe,CVD,low,low,low,low,low,low,low,low,yes,yes,Placebo-controlled
NMA048,NRCT1416,Carter,2021,NEJM,24317983,Italy,Treatment B,Treatment E,202,458,binary,36,175,,,,,,,,36,54.8,9.6,63,55,Moderate,CVD,low,low,low,low,low,low,low,low,no,yes,Placebo-controlled
NMA048,NRCT1417,Collins,2021,Lancet Oncol,22428976,USA,Treatment D,Treatment B,210,527,survival,,,,,,,0.73,0.61,0.83,48,54.7,13.6,48,79,Moderate,Diabetes,low,low,low,low,low,low,low,low,yes,yes,Placebo-controlled
NMA048,NRCT1418,Moore,2021,J Clin Oncol,24580107,USA,Treatment B,Treatment C,550,752,survival,,,,,,,0.68,0.57,0.81,12,61.3,9.4,39,74,Moderate-severe,Multiple,low,low,low,low,low,low,low,low,no,yes,Placebo-controlled
NMA048,NRCT1419,Miller,2013,J Clin Oncol,25214260,Netherlands,Treatment A,Treatment D,270,644,binary,109,263,,,,,,,,12,50.2,8.5,67,70,Mild,Diabetes,low,low,low,low,low,low,low,low,yes,yes,Placebo-controlled
NMA048,NRCT1420,Garcia,2016,Gut,36352345,China,Treatment E,Treatment B,625,599,binary,285,277,,,,,,,,48,47.9,12.2,60,81,Mild,Multiple,low,low,low,low,low,low,low,low,yes,yes,Placebo-controlled
NMA048,NRCT1421,Morris,2021,Lancet Respir Med,25444322,Australia,Treatment B,Treatment D,236,483,continuous,,,55.6,19.2,69.6,20.4,,,,24,44.8,8.2,54,67,Moderate-severe,HTN,low,low,low,low,low,low,low,low,no,yes,Head-to-head
NMA048,NRCT1422,Clark,2019,JAMA Dermatol,29389021,Singapore,Treatment D,Treatment A,650,315,survival,,,,,,,0.82,0.68,0.9,24,61.1,10.8,37,73,Severe,None,low,low,low,low,low,low,low,low,no,no,Placebo-controlled
NMA048,NRCT1423,Nelson,2013,J Clin Oncol,29143086,Belgium,Treatment D,Treatment E,320,373,binary,100,217,,,,,,,,12,48.2,8.4,57,82,Mild,Multiple,low,low,low,low,unclear,low,low,unclear,no,yes,Placebo-controlled
NMA048,NRCT1424,Collins,2022,Blood,22653885,USA,Treatment C,Treatment D,518,736,binary,117,363,,,,,,,,36,45.9,8.3,46,57,Moderate-severe,Multiple,low,low,low,low,low,low,low,low,yes,no,Placebo-controlled
NMA049,NRCT1425,Kelly,2016,Gut,27701961,Japan,Treatment E,Treatment B,210,487,binary,73,221,,,,,,,,12,51.2,8.9,49,84,Moderate,Diabetes,low,low,low,low,low,low,low,low,yes,yes,Placebo-controlled
NMA049,NRCT1426,Williams,2015,BMJ,28866292,Netherlands,Treatment C,Treatment D,772,267,binary,236,94,,,,,,,,12,42.9,13.9,33,67,Mild,None,low,low,low,low,low,low,low,low,yes,yes,Head-to-head
NMA049,NRCT1427,Peterson,2020,Lancet Respir Med,23763380,China,Treatment D,Treatment C,365,315,binary,124,127,,,,,,,,36,63.9,10.0,57,84,Severe,Diabetes,low,low,low,low,low,low,low,low,no,yes,Placebo-controlled
NMA049,NRCT1428,Cooper,2016,JAMA Dermatol,34740821,Germany,Treatment B,Treatment A,694,503,binary,206,229,,,,,,,,48,63.3,14.0,46,87,Moderate-severe,HTN,low,low,low,low,low,low,low,low,no,yes,Placebo-controlled
NMA049,NRCT1429,Collins,2012,JACC,32944167,India,Treatment A,Treatment A,307,655,continuous,,,56.6,24.8,68.2,18.8,,,,24,64.5,13.1,52,66,Moderate-severe,None,low,low,low,low,low,low,low,low,no,yes,Head-to-head
NMA049,NRCT1430,Thompson,2017,Lancet,35676894,UK,Treatment E,Treatment B,508,302,continuous,,,66.3,13.2,69.5,14.3,,,,48,57.2,11.7,51,52,Severe,Multiple,low,low,low,low,low,low,low,low,yes,yes,Placebo-controlled
NMA049,NRCT1431,Collins,2014,Lancet Psychiatry,32233604,Taiwan,Treatment C,Treatment E,603,738,survival,,,,,,,0.71,0.58,0.85,48,61.8,8.1,33,74,Moderate-severe,HTN,low,low,low,low,low,low,low,low,no,no,Head-to-head
NMA049,NRCT1432,Campbell,2012,JAMA Dermatol,35955111,Japan,Treatment D,Treatment A,750,692,binary,429,396,,,,,,,,48,63.2,10.0,39,74,Mild,Multiple,low,low,low,low,low,low,low,low,yes,yes,Placebo-controlled
NMA049,NRCT1433,Cook,2012,Circulation,27552533,Taiwan,Treatment D,Treatment D,261,427,continuous,,,48.9,22.6,52.1,22.3,,,,24,49.7,11.0,56,63,Moderate,Multiple,low,low,low,low,low,low,low,low,no,no,Placebo-controlled
NMA049,NRCT1434,King,2015,Ann Rheum Dis,32368315,France,Treatment D,Treatment D,643,423,binary,271,226,,,,,,,,48,61.3,11.0,42,69,Mild,None,low,low,low,low,low,low,low,low,yes,yes,Placebo-controlled
NMA049,NRCT1435,Morgan,2011,JAMA Dermatol,26315871,Singapore,Treatment A,Treatment B,346,759,continuous,,,62.4,21.1,45.9,13.8,,,,24,55.4,13.4,44,54,Moderate-severe,None,low,low,low,low,low,low,unclear,unclear,no,no,Placebo-controlled
NMA049,NRCT1436,Martin,2016,JACC,24898698,Sweden,Treatment C,Treatment A,508,223,binary,241,68,,,,,,,,24,43.9,8.3,36,57,Moderate,Multiple,low,low,low,low,low,low,low,low,no,yes,Head-to-head
NMA049,NRCT1437,Bailey,2012,Gut,33668257,Belgium,Treatment C,Treatment C,365,288,survival,,,,,,,1.05,0.91,1.14,12,52.9,12.6,66,82,Moderate-severe,None,low,low,low,low,low,low,low,low,yes,yes,Head-to-head
NMA049,NRCT1438,Mitchell,2012,Lancet,30278453,France,Treatment E,Treatment D,315,381,continuous,,,71.9,21.8,50.0,16.3,,,,36,67.1,8.1,55,78,Moderate,CVD,low,low,low,low,low,low,low,low,no,yes,Placebo-controlled
NMA049,NRCT1439,Williams,2015,Circulation,24183829,Singapore,Treatment C,Treatment C,445,400,binary,157,113,,,,,,,,12,63.8,9.0,49,55,Moderate,CVD,low,low,low,low,low,low,low,low,no,yes,Placebo-controlled
NMA049,NRCT1440,Smith,2021,Lancet,21717569,China,Treatment A,Treatment D,405,274,binary,88,110,,,,,,,,36,49.1,9.9,37,84,Moderate-severe,Multiple,low,low,low,low,low,low,low,low,no,yes,Head-to-head
NMA049,NRCT1441,Stewart,2021,Lancet Neurol,22774253,China,Treatment B,Treatment D,325,684,binary,106,337,,,,,,,,12,51.5,10.5,67,55,Moderate-severe,None,low,low,low,low,low,low,low,low,yes,yes,Placebo-controlled
NMA049,NRCT1442,Collins,2010,J Clin Oncol,30852091,India,Treatment D,Treatment D,260,562,continuous,,,63.3,12.6,57.8,15.6,,,,48,62.6,10.2,48,56,Severe,HTN,low,unclear,low,low,low,low,low,unclear,no,no,Placebo-controlled
NMA049,NRCT1443,Morris,2018,JAMA,30876233,Australia,Treatment C,Treatment B,551,301,binary,206,93,,,,,,,,24,61.2,9.5,59,81,Moderate-severe,None,low,low,low,low,low,low,low,low,yes,yes,Placebo-controlled
NMA049,NRCT1444,Moore,2014,Lancet Oncol,32531693,South Korea,Treatment B,Treatment B,558,269,survival,,,,,,,0.87,0.75,1.02,24,49.4,11.2,32,73,Moderate,Multiple,low,low,low,low,high,low,low,high,yes,yes,Placebo-controlled
NMA049,NRCT1445,Campbell,2016,JACC,24524672,UK,Treatment A,Treatment A,452,629,binary,221,156,,,,,,,,48,52.2,8.5,55,73,Moderate,Multiple,low,low,low,low,low,low,low,low,no,yes,Placebo-controlled
NMA049,NRCT1446,Wilson,2013,Lancet Psychiatry,28826541,China,Treatment C,Treatment B,200,658,continuous,,,45.3,15.0,69.5,20.8,,,,36,63.3,9.2,38,82,Moderate-severe,CVD,low,low,low,low,low,low,low,low,no,no,Placebo-controlled
NMA049,NRCT1447,Allen,2013,Lancet Oncol,34029855,Australia,Treatment E,Treatment A,772,719,binary,285,347,,,,,,,,12,44.2,8.1,35,61,Severe,CVD,low,low,low,low,low,low,low,low,yes,no,Placebo-controlled
NMA049,NRCT1448,Hall,2013,Lancet Oncol,31688326,Australia,Treatment D,Treatment A,218,577,binary,62,251,,,,,,,,36,48.7,12.5,33,56,Moderate-severe,None,low,low,low,low,low,low,low,low,yes,yes,Placebo-controlled
NMA049,NRCT1449,Rodriguez,2014,Blood,25623211,Japan,Treatment A,Treatment E,789,207,continuous,,,77.4,24.3,72.8,22.5,,,,36,61.7,9.2,52,60,Mild,Diabetes,low,low,low,low,low,low,low,low,no,yes,Placebo-controlled
NMA049,NRCT1450,Howard,2020,JAMA Dermatol,36412917,India,Treatment D,Treatment D,607,550,survival,,,,,,,1.0,0.84,1.14,48,63.2,9.5,46,65,Moderate,None,low,low,low,low,low,low,low,low,yes,no,Placebo-controlled
NMA049,NRCT1451,Murphy,2011,BMJ,33501558,Japan,Treatment C,Treatment D,635,273,binary,122,43,,,,,,,,36,60.4,9.4,36,53,Moderate,Multiple,low,low,low,low,low,low,low,low,yes,yes,Placebo-controlled
NMA049,NRCT1452,Kelly,2014,JAMA,32469532,China,Treatment D,Treatment E,800,289,binary,265,85,,,,,,,,36,61.8,11.9,55,54,Severe,CVD,low,low,low,unclear,low,low,low,unclear,yes,yes,Placebo-controlled
NMA049,NRCT1453,Nelson,2019,BMJ,30135755,China,Treatment D,Treatment D,369,600,survival,,,,,,,0.62,0.53,0.74,36,42.1,8.5,57,65,Mild,HTN,low,low,low,low,low,low,low,low,yes,yes,Placebo-controlled
NMA049,NRCT1454,Mitchell,2010,Lancet Oncol,25594761,India,Treatment D,Treatment D,353,795,survival,,,,,,,0.81,0.69,0.9,12,46.0,11.5,66,75,Moderate-severe,None,low,low,low,low,low,low,low,low,no,yes,Head-to-head
NMA050,NRCT1455,Wilson,2014,Gut,27009374,Belgium,Treatment A,Treatment E,365,558,binary,172,235,,,,,,,,36,66.7,13.2,37,75,Mild,Multiple,low,low,low,low,low,low,low,low,yes,yes,Head-to-head
NMA050,NRCT1456,Wilson,2018,Lancet Neurol,36205800,Spain,Treatment A,Treatment C,449,212,binary,261,98,,,,,,,,24,59.7,10.4,62,88,Moderate-severe,HTN,low,low,low,low,low,low,low,low,no,yes,Placebo-controlled
NMA050,NRCT1457,Jackson,2021,NEJM,21472806,Mexico,Treatment A,Treatment D,244,791,binary,140,315,,,,,,,,12,45.6,10.9,55,77,Severe,CVD,low,low,low,low,low,low,low,low,no,yes,Placebo-controlled
NMA050,NRCT1458,Collins,2011,Lancet,35875673,Sweden,Treatment C,Treatment D,217,540,survival,,,,,,,1.01,0.87,1.11,12,57.1,12.3,48,72,Moderate,CVD,low,low,low,low,low,low,low,low,no,yes,Placebo-controlled
NMA050,NRCT1459,Collins,2013,Blood,35329292,Taiwan,Treatment C,Treatment A,292,471,binary,79,275,,,,,,,,48,52.6,11.2,63,87,Moderate-severe,CVD,low,low,low,low,low,low,low,low,yes,yes,Placebo-controlled
NMA050,NRCT1460,Martin,2018,Neurology,28962549,China,Treatment C,Treatment B,475,465,binary,72,73,,,,,,,,48,49.9,8.1,61,82,Mild,Diabetes,low,low,low,low,low,low,low,low,yes,yes,Placebo-controlled
NMA050,NRCT1461,Jones,2022,Circulation,33888126,Italy,Treatment A,Treatment C,707,276,survival,,,,,,,0.76,0.68,0.9,48,59.4,13.0,53,78,Severe,None,low,low,low,low,low,low,low,low,no,yes,Head-to-head
NMA050,NRCT1462,Roberts,2013,Circulation,32623151,Brazil,Treatment A,Treatment B,234,297,binary,81,138,,,,,,,,24,57.5,14.0,51,87,Moderate,None,low,low,low,low,low,low,low,low,yes,yes,Placebo-controlled
NMA050,NRCT1463,Murphy,2012,Neurology,32680571,USA,Treatment A,Treatment D,275,361,survival,,,,,,,0.58,0.51,0.68,36,62.4,12.4,49,52,Mild,Diabetes,low,low,low,low,low,low,low,low,no,no,Placebo-controlled
NMA050,NRCT1464,Stewart,2021,J Clin Oncol,24012182,India,Treatment D,Treatment C,578,324,binary,87,184,,,,,,,,36,53.0,10.6,64,85,Mild,HTN,low,low,low,low,low,low,low,low,no,yes,Placebo-controlled
NMA050,NRCT1465,Kelly,2023,J Clin Oncol,25566969,France,Treatment A,Treatment B,780,732,binary,381,267,,,,,,,,48,47.7,13.1,51,63,Moderate,None,low,low,low,low,low,low,low,low,no,no,Placebo-controlled
NMA050,NRCT1466,Parker,2023,Circulation,22039989,Australia,Treatment B,Treatment A,422,624,survival,,,,,,,0.67,0.61,0.78,36,59.8,9.1,40,52,Mild,Diabetes,low,low,low,low,low,low,low,low,no,yes,Head-to-head
NMA050,NRCT1467,Reed,2015,Circulation,29079038,Belgium,Treatment B,Treatment E,373,256,binary,162,46,,,,,,,,48,61.1,11.6,58,85,Severe,None,low,low,low,low,low,low,low,low,no,yes,Placebo-controlled
NMA050,NRCT1468,Adams,2011,JACC,28390750,Taiwan,Treatment B,Treatment D,321,657,continuous,,,52.4,17.1,66.5,12.7,,,,24,49.2,12.0,50,88,Severe,Multiple,low,low,low,low,low,low,low,low,no,no,Head-to-head
NMA050,NRCT1469,Kelly,2019,Lancet Neurol,27252161,Australia,Treatment E,Treatment B,491,691,binary,265,413,,,,,,,,36,46.3,11.3,58,57,Moderate-severe,Diabetes,low,low,low,low,low,low,low,low,no,no,Placebo-controlled
NMA050,NRCT1470,Martin,2021,J Clin Oncol,27900879,Australia,Treatment B,Treatment C,204,559,continuous,,,57.4,17.8,58.4,23.0,,,,24,47.0,9.2,65,58,Severe,Diabetes,low,low,low,low,low,low,low,low,no,yes,Placebo-controlled
NMA050,NRCT1471,Taylor,2022,JAMA Dermatol,22888353,Italy,Treatment C,Treatment A,784,277,survival,,,,,,,0.91,0.77,1.08,36,49.3,10.0,60,79,Severe,Diabetes,low,unclear,low,low,high,low,low,high,yes,yes,Head-to-head
NMA050,NRCT1472,Nguyen,2018,Lancet Psychiatry,35606393,Denmark,Treatment C,Treatment E,405,605,survival,,,,,,,0.62,0.54,0.71,12,50.5,13.3,68,55,Moderate,Diabetes,low,low,low,low,low,low,low,low,yes,yes,Head-to-head
NMA050,NRCT1473,Hall,2019,Lancet Oncol,36093254,Belgium,Treatment E,Treatment A,346,547,binary,199,259,,,,,,,,36,56.4,12.4,60,88,Severe,Diabetes,low,low,low,low,low,low,low,low,no,yes,Placebo-controlled
NMA050,NRCT1474,Allen,2015,Lancet Respir Med,22298894,UK,Treatment E,Treatment D,581,390,continuous,,,72.6,23.0,61.8,24.9,,,,48,45.1,14.0,32,64,Moderate,None,low,low,low,low,low,low,low,low,yes,no,Placebo-controlled
NMA050,NRCT1475,Morris,2014,Ann Rheum Dis,29414469,Brazil,Treatment D,Treatment C,513,577,continuous,,,59.4,23.2,63.0,14.4,,,,24,62.0,12.0,61,53,Mild,Multiple,low,low,low,low,low,low,low,low,yes,yes,Placebo-controlled
NMA050,NRCT1476,Harris,2015,Lancet Psychiatry,27932463,Canada,Treatment B,Treatment C,257,713,survival,,,,,,,0.75,0.65,0.89,24,47.7,8.9,47,80,Severe,CVD,low,low,low,low,low,low,high,high,yes,yes,Placebo-controlled
NMA050,NRCT1477,Carter,2014,BMJ,36477225,Spain,Treatment C,Treatment D,250,311,continuous,,,73.7,12.6,64.4,12.6,,,,24,47.7,9.7,47,58,Moderate,CVD,low,low,low,low,low,low,low,low,no,no,Head-to-head
NMA050,NRCT1478,Lewis,2017,J Clin Oncol,36670559,Sweden,Treatment D,Treatment D,301,449,binary,71,182,,,,,,,,12,54.1,13.3,47,72,Mild,Diabetes,low,low,low,low,low,low,low,low,yes,no,Placebo-controlled
NMA050,NRCT1479,Nguyen,2017,Lancet Respir Med,32710018,Brazil,Treatment B,Treatment E,205,447,binary,96,153,,,,,,,,12,63.9,8.2,53,78,Severe,Multiple,unclear,low,low,low,low,low,low,unclear,yes,yes,Placebo-controlled
NMA050,NRCT1480,Torres,2011,Lancet,33110565,Singapore,Treatment D,Treatment B,635,730,binary,96,384,,,,,,,,48,53.5,12.8,60,81,Moderate-severe,CVD,low,low,low,low,low,low,low,low,no,yes,Placebo-controlled
NMA050,NRCT1481,Miller,2012,Circulation,26106800,France,Treatment B,Treatment D,541,588,binary,224,194,,,,,,,,48,44.9,10.5,35,54,Moderate,Multiple,low,low,low,low,low,low,low,low,no,yes,Placebo-controlled
NMA050,NRCT1482,Allen,2019,Blood,21601926,South Korea,Treatment A,Treatment B,573,694,binary,250,182,,,,,,,,48,43.8,12.0,35,85,Moderate-severe,HTN,low,low,low,low,low,low,low,low,no,yes,Placebo-controlled
NMA050,NRCT1483,Davis,2021,J Clin Oncol,26912811,Sweden,Treatment A,Treatment C,628,658,survival,,,,,,,0.86,0.77,0.96,36,57.3,10.4,37,56,Moderate-severe,Multiple,low,low,low,low,low,low,low,low,yes,yes,Head-to-head
NMA050,NRCT1484,Turner,2021,Lancet Psychiatry,25040196,Brazil,Treatment E,Treatment A,540,767,survival,,,,,,,0.7,0.58,0.84,36,61.8,13.9,39,65,Mild,Diabetes,low,low,low,low,low,low,low,low,yes,yes,Placebo-controlled
