cea_id,study_type,publication_year,country,perspective,therapeutic_area,intervention_type,model_type,time_horizon_years,intervention_cost_usd,comparator_cost_usd,incremental_cost_usd,intervention_qalys,comparator_qalys,incremental_qalys,icer_per_qaly,wtp_threshold,ce_conclusion,deterministic_sa_conducted,probabilistic_sa_conducted,prob_ce_at_wtp,discount_rate_costs,discount_rate_outcomes,cheers_quality_score,efficacy_from_rct,utility_data_source,half_cycle_correction,scenario_analyses_n,subgroup_analyses,equity_considerations,funding_source
CEA0001,Cost-Effectiveness Analysis (CEA),2019,Canada,Healthcare payer,Cardiology,Surgical,Decision Tree,20,159880.83,116424.47,43456.36,9.298,5.4148,3.8832,11190.86,80000,Highly Cost-Effective,True,True,0.623,0.04,0.035,23,True,HUI,True,4,True,False,Industry
CEA0002,Cost-Effectiveness Analysis (CEA),2016,Japan,Healthcare payer,Mental Health,Digital Health,Decision Tree,30,21603.26,131616.11,-110012.85,7.4612,8.8714,-1.4102,78012.67,80000,Cost-Effective,True,True,0.425,0.035,0.04,14,True,HUI,False,7,False,False,Industry
CEA0003,Cost-Effectiveness Analysis (CEA),2020,France,Government,Neurology,Pharmaceutical,Hybrid,1,25851.78,25989.38,-137.6,13.2258,12.4149,0.8108,-169.7,80000,Dominant,True,True,0.41,0.035,0.05,17,True,Literature,True,0,False,False,Industry
CEA0004,Cost-Effectiveness Analysis (CEA),2022,Japan,Patient,Diabetes,Behavioral,Discrete Event Simulation,20,13669.0,10342.74,3326.26,3.5129,6.9097,-3.3968,-979.23,80000,Dominant,True,True,0.632,0.04,0.035,19,True,Literature,True,3,False,False,Government
CEA0005,Cost-Minimization Analysis (CMA),2018,Australia,Government,Cardiology,Diagnostic,Hybrid,30,86681.33,68865.81,17815.52,8.9956,9.9118,-0.9162,-19445.31,80000,Dominant,True,True,0.805,0.03,0.04,21,True,Literature,False,0,True,True,Government
CEA0006,Cost-Benefit Analysis (CBA),2015,Netherlands,Government,Oncology,Diagnostic,Markov,1,76148.19,62324.31,13823.88,7.4844,8.4384,-0.9541,-14489.48,80000,Dominant,True,False,,0.035,0.04,23,True,EQ-5D,True,3,True,False,Industry
CEA0007,Budget Impact Analysis (BIA),2017,USA,Healthcare payer,Infectious Disease,Diagnostic,Decision Tree,30,85803.14,51597.32,34205.81,11.1062,5.5494,5.5568,6155.7,100000,Highly Cost-Effective,True,True,0.661,0.05,0.04,18,False,Expert Opinion,True,1,True,False,Government
CEA0008,Cost-Effectiveness Analysis (CEA),2017,USA,Hospital,Rare Diseases,Digital Health,Markov,Lifetime,116111.1,64272.07,51839.04,3.8674,12.7201,-8.8527,-5855.74,100000,Dominant,True,True,0.164,0.03,0.04,14,True,HUI,False,4,False,True,Government
CEA0009,Cost-Benefit Analysis (CBA),2023,Canada,Healthcare payer,Infectious Disease,Surgical,Decision Tree,1,6932.33,147771.75,-140839.41,3.8916,10.3515,-6.4599,21802.05,80000,Highly Cost-Effective,True,True,0.488,0.05,0.03,17,True,Literature,False,4,False,False,Industry
CEA0010,Budget Impact Analysis (BIA),2023,Netherlands,Patient,Neurology,Device,Decision Tree,20,160414.11,141480.27,18933.84,5.7877,2.5846,3.2031,5911.14,80000,Highly Cost-Effective,True,True,0.685,0.05,0.05,16,False,Expert Opinion,True,0,True,True,Industry
CEA0011,Cost-Effectiveness Analysis (CEA),2017,Netherlands,Societal,Respiratory,Device,Decision Tree,1,66544.93,87058.84,-20513.92,10.2284,9.0532,1.1751,-17456.62,80000,Dominant,True,True,0.741,0.035,0.03,19,True,Literature,False,9,False,True,Industry
CEA0012,Cost-Benefit Analysis (CBA),2017,Sweden,Healthcare payer,Cardiology,Diagnostic,Decision Tree,5,190042.82,107244.91,82797.9,4.2378,3.9385,0.2993,276606.71,80000,Not Cost-Effective,True,False,,0.04,0.035,14,False,SF-6D,True,6,True,False,Industry
CEA0013,Cost-Effectiveness Analysis (CEA),2022,Spain,Government,Rare Diseases,Behavioral,Markov,Lifetime,183563.98,47812.94,135751.04,5.6057,3.2788,2.327,58337.98,80000,Cost-Effective,True,True,0.742,0.05,0.05,14,True,HUI,True,8,True,True,Independent
CEA0014,Cost-Effectiveness Analysis (CEA),2018,Japan,Patient,Cardiology,Diagnostic,Hybrid,1,78037.15,8901.14,69136.0,14.0423,6.8594,7.1829,9625.11,80000,Highly Cost-Effective,True,False,,0.035,0.03,16,True,EQ-5D,True,9,False,False,Government
CEA0015,Cost-Effectiveness Analysis (CEA),2017,Japan,Societal,Infectious Disease,Screening,Discrete Event Simulation,20,42840.7,16965.34,25875.36,7.542,10.3114,-2.7694,-9343.28,80000,Dominant,True,False,,0.05,0.04,13,False,EQ-5D,True,9,True,False,Independent
CEA0016,Budget Impact Analysis (BIA),2020,Australia,Hospital,Vaccines,Behavioral,Decision Tree,20,33577.46,13404.58,20172.88,11.8586,5.2784,6.5802,3065.69,80000,Highly Cost-Effective,True,True,0.794,0.03,0.04,22,False,SF-6D,True,3,False,False,Government
CEA0017,Cost-Minimization Analysis (CMA),2020,Spain,Societal,Infectious Disease,Diagnostic,Hybrid,30,189811.37,86399.45,103411.92,12.1119,3.0742,9.0377,11442.29,80000,Highly Cost-Effective,True,False,,0.03,0.04,17,False,Literature,True,3,False,True,Industry
CEA0018,Cost-Benefit Analysis (CBA),2020,Japan,Healthcare payer,Respiratory,Pharmaceutical,Discrete Event Simulation,10,142203.98,34936.45,107267.52,7.9737,2.3944,5.5794,19225.75,80000,Highly Cost-Effective,True,True,0.742,0.03,0.04,13,False,Expert Opinion,True,0,False,False,Industry
CEA0019,Cost-Minimization Analysis (CMA),2022,Sweden,Healthcare payer,Vaccines,Pharmaceutical,Discrete Event Simulation,Lifetime,23387.09,108772.12,-85385.03,7.6279,2.8805,4.7474,-17985.78,80000,Dominant,True,True,0.708,0.035,0.035,24,True,EQ-5D,False,8,True,True,Government
CEA0020,Cost-Minimization Analysis (CMA),2024,Netherlands,Government,Infectious Disease,Diagnostic,Discrete Event Simulation,10,160835.22,98723.32,62111.9,13.7456,12.8689,0.8766,70853.28,80000,Cost-Effective,False,False,,0.05,0.04,16,True,Literature,False,7,True,False,Government
CEA0021,Cost-Minimization Analysis (CMA),2020,Japan,Government,Cardiology,Screening,Discrete Event Simulation,30,138775.85,5632.58,133143.27,5.4426,4.624,0.8186,162648.18,80000,Not Cost-Effective,True,True,0.668,0.035,0.035,19,True,Expert Opinion,True,6,False,False,Government
CEA0022,Cost-Minimization Analysis (CMA),2024,Australia,Patient,Respiratory,Device,Markov,10,189502.33,29337.61,160164.71,13.8693,2.6415,11.2278,14265.01,80000,Highly Cost-Effective,True,True,0.474,0.035,0.035,20,False,HUI,False,7,False,True,Industry
CEA0023,Cost-Benefit Analysis (CBA),2024,Italy,Hospital,Infectious Disease,Pharmaceutical,Hybrid,Lifetime,178425.28,59122.84,119302.44,9.7129,8.3395,1.3734,86868.28,80000,Marginally Cost-Effective,True,False,,0.03,0.04,20,True,SF-6D,True,5,True,True,Industry
CEA0024,Budget Impact Analysis (BIA),2019,Netherlands,Government,Respiratory,Behavioral,Hybrid,1,170093.59,98708.2,71385.39,13.1416,2.9919,10.1497,7033.22,80000,Highly Cost-Effective,True,True,0.376,0.03,0.05,22,True,HUI,True,1,False,False,Independent
CEA0025,Cost-Benefit Analysis (CBA),2016,USA,Government,Rheumatology,Diagnostic,Markov,5,93314.91,31647.17,61667.74,10.2918,11.1075,-0.8158,-75595.34,100000,Dominant,True,False,,0.035,0.04,21,True,HUI,True,7,True,True,Mixed
CEA0026,Cost-Minimization Analysis (CMA),2016,Netherlands,Government,Infectious Disease,Diagnostic,Hybrid,5,62529.33,79959.85,-17430.52,4.7258,11.9004,-7.1745,2429.5,80000,Highly Cost-Effective,True,True,0.7,0.035,0.05,13,True,EQ-5D,False,2,True,False,Industry
CEA0027,Cost-Benefit Analysis (CBA),2017,USA,Healthcare payer,Diabetes,Diagnostic,Discrete Event Simulation,10,44920.0,7578.59,37341.41,5.8885,6.1453,-0.2568,-145425.13,100000,Dominant,True,True,0.389,0.05,0.03,23,False,Literature,True,0,True,False,Mixed
CEA0028,Budget Impact Analysis (BIA),2017,Netherlands,Healthcare payer,Vaccines,Behavioral,Decision Tree,5,154939.51,131837.54,23101.97,10.4882,13.1288,-2.6406,-8748.74,80000,Dominant,True,True,0.815,0.05,0.03,18,True,Expert Opinion,True,8,True,True,Government
CEA0029,Cost-Utility Analysis (CUA),2020,Sweden,Patient,Rare Diseases,Prevention,Discrete Event Simulation,20,115147.55,76419.09,38728.46,13.0727,12.3892,0.6836,56655.77,80000,Cost-Effective,True,False,,0.035,0.04,19,True,EQ-5D,True,4,True,False,Independent
CEA0030,Budget Impact Analysis (BIA),2019,Italy,Societal,Infectious Disease,Digital Health,Discrete Event Simulation,10,131192.76,91246.5,39946.26,8.6733,5.3388,3.3345,11979.67,80000,Highly Cost-Effective,True,False,,0.03,0.04,12,False,HUI,True,4,False,False,Independent
CEA0031,Cost-Benefit Analysis (CBA),2023,France,Societal,Mental Health,Behavioral,Markov,Lifetime,142037.73,81133.49,60904.25,13.255,2.9739,10.2811,5923.89,80000,Highly Cost-Effective,True,True,0.583,0.04,0.035,19,True,EQ-5D,False,1,True,False,Industry
CEA0032,Cost-Benefit Analysis (CBA),2015,Australia,Hospital,Neurology,Pharmaceutical,Discrete Event Simulation,Lifetime,122004.39,75366.53,46637.86,7.5866,12.7841,-5.1974,-8973.23,80000,Dominant,True,True,0.736,0.04,0.04,22,False,Expert Opinion,True,1,True,False,Industry
CEA0033,Cost-Utility Analysis (CUA),2018,UK,Healthcare payer,Mental Health,Surgical,Decision Tree,1,13532.6,131064.53,-117531.92,9.8229,6.6212,3.2017,-36709.71,50000,Dominant,True,False,,0.035,0.035,14,False,Expert Opinion,True,7,True,False,Industry
CEA0034,Cost-Minimization Analysis (CMA),2019,France,Government,Neurology,Digital Health,Decision Tree,1,197948.88,20522.16,177426.72,12.1264,13.2298,-1.1033,-160807.98,80000,Dominant,True,True,0.576,0.035,0.035,16,True,Expert Opinion,True,3,True,False,Industry
CEA0035,Cost-Minimization Analysis (CMA),2018,Japan,Patient,Infectious Disease,Digital Health,Decision Tree,1,53815.77,27242.37,26573.4,10.7976,12.1636,-1.366,-19453.4,80000,Dominant,True,True,0.36,0.05,0.05,23,True,Literature,True,2,False,False,Industry
CEA0036,Cost-Utility Analysis (CUA),2024,France,Societal,Rare Diseases,Digital Health,Discrete Event Simulation,Lifetime,131694.92,37094.53,94600.39,11.6545,6.3151,5.3394,17717.4,80000,Highly Cost-Effective,True,True,0.885,0.03,0.05,13,True,HUI,True,2,False,False,Government
CEA0037,Cost-Utility Analysis (CUA),2020,Canada,Government,Vaccines,Digital Health,Discrete Event Simulation,1,114632.93,72247.56,42385.37,7.5814,5.6999,1.8815,22527.77,80000,Highly Cost-Effective,True,True,0.609,0.03,0.03,19,True,Literature,True,0,False,False,Government
CEA0038,Cost-Benefit Analysis (CBA),2017,Italy,Healthcare payer,Rheumatology,Pharmaceutical,Hybrid,30,77827.52,66659.31,11168.2,9.2832,3.5408,5.7425,1944.85,80000,Highly Cost-Effective,True,True,0.725,0.035,0.035,12,False,Literature,True,0,False,False,Industry
CEA0039,Cost-Effectiveness Analysis (CEA),2018,Netherlands,Government,Cardiology,Diagnostic,Decision Tree,20,21005.78,16987.92,4017.86,12.3609,12.5768,-0.2159,-18608.32,80000,Dominant,True,False,,0.04,0.05,13,True,HUI,False,6,False,True,Government
CEA0040,Cost-Minimization Analysis (CMA),2015,Italy,Patient,Rare Diseases,Diagnostic,Hybrid,5,97710.38,64234.79,33475.58,11.5505,9.748,1.8025,18571.34,80000,Highly Cost-Effective,True,True,0.639,0.035,0.05,21,False,EQ-5D,True,8,False,False,Industry
CEA0041,Cost-Utility Analysis (CUA),2022,Sweden,Hospital,Respiratory,Pharmaceutical,Decision Tree,20,99710.93,37288.08,62422.84,9.9841,7.0392,2.9449,21196.89,80000,Highly Cost-Effective,True,True,0.543,0.04,0.05,16,True,EQ-5D,True,6,False,False,Industry
CEA0042,Cost-Benefit Analysis (CBA),2016,Italy,Healthcare payer,Respiratory,Surgical,Decision Tree,30,49939.39,28341.71,21597.68,11.6878,6.2383,5.4496,3963.19,80000,Highly Cost-Effective,False,True,0.574,0.04,0.03,23,True,EQ-5D,True,3,False,True,Government
CEA0043,Cost-Benefit Analysis (CBA),2016,Netherlands,Patient,Rare Diseases,Diagnostic,Decision Tree,Lifetime,99989.89,107899.66,-7909.77,12.8892,4.6968,8.1925,-965.49,80000,Dominant,True,True,0.744,0.04,0.03,12,False,SF-6D,False,1,False,True,Industry
CEA0044,Cost-Benefit Analysis (CBA),2018,Canada,Healthcare payer,Neurology,Digital Health,Decision Tree,1,63804.17,144622.23,-80818.06,11.2721,6.7153,4.5568,-17735.67,80000,Dominant,True,True,0.699,0.035,0.035,13,False,EQ-5D,True,8,True,False,Industry
CEA0045,Cost-Effectiveness Analysis (CEA),2018,Japan,Patient,Vaccines,Pharmaceutical,Decision Tree,5,186741.04,12451.44,174289.61,7.5506,12.9741,-5.4235,-32135.72,80000,Dominant,True,True,0.755,0.03,0.05,24,False,SF-6D,True,3,True,False,Industry
CEA0046,Budget Impact Analysis (BIA),2020,Sweden,Healthcare payer,Vaccines,Device,Discrete Event Simulation,30,9039.54,49834.37,-40794.84,11.7591,8.2611,3.498,-11662.23,80000,Dominant,True,False,,0.05,0.035,20,False,Expert Opinion,True,1,True,True,Government
CEA0047,Cost-Minimization Analysis (CMA),2017,Australia,Societal,Mental Health,Pharmaceutical,Decision Tree,30,195067.08,88620.01,106447.07,9.2723,10.0803,-0.808,-131738.5,80000,Dominant,True,False,,0.05,0.035,12,True,Literature,True,0,True,False,Industry
CEA0048,Cost-Utility Analysis (CUA),2024,Spain,Societal,Infectious Disease,Diagnostic,Discrete Event Simulation,10,132450.65,87523.34,44927.31,13.1707,9.5849,3.5858,12529.1,80000,Highly Cost-Effective,True,True,0.611,0.03,0.035,23,True,Expert Opinion,True,6,False,False,Industry
CEA0049,Budget Impact Analysis (BIA),2023,Netherlands,Government,Diabetes,Screening,Discrete Event Simulation,Lifetime,115961.42,44978.9,70982.52,9.5012,13.4408,-3.9396,-18017.66,80000,Dominant,True,True,0.978,0.05,0.035,24,False,Expert Opinion,True,5,False,True,Mixed
CEA0050,Cost-Minimization Analysis (CMA),2018,Netherlands,Government,Vaccines,Diagnostic,Discrete Event Simulation,Lifetime,67640.18,80288.37,-12648.19,8.4307,2.441,5.9897,-2111.66,80000,Dominant,True,True,0.53,0.035,0.04,20,True,Expert Opinion,True,8,False,False,Government
CEA0051,Cost-Utility Analysis (CUA),2016,USA,Healthcare payer,Rheumatology,Digital Health,Hybrid,Lifetime,71832.15,6761.96,65070.19,6.3482,5.5383,0.8099,80339.87,100000,Cost-Effective,True,True,0.502,0.05,0.04,12,True,HUI,True,9,False,True,Independent
CEA0052,Cost-Utility Analysis (CUA),2023,South Korea,Healthcare payer,Respiratory,Behavioral,Hybrid,5,12460.77,25776.23,-13315.46,12.0552,10.2667,1.7884,-7445.26,80000,Dominant,True,True,0.46,0.03,0.03,15,True,HUI,False,3,False,True,Mixed
CEA0053,Cost-Benefit Analysis (CBA),2020,UK,Government,Respiratory,Digital Health,Discrete Event Simulation,5,162917.51,19309.92,143607.59,8.9348,7.8182,1.1167,128604.9,50000,Not Cost-Effective,True,False,,0.035,0.03,22,True,Literature,True,1,False,False,Industry
CEA0054,Budget Impact Analysis (BIA),2020,Italy,Hospital,Infectious Disease,Pharmaceutical,Discrete Event Simulation,30,124170.35,45739.54,78430.81,14.6004,5.3822,9.2182,8508.29,80000,Highly Cost-Effective,True,False,,0.035,0.04,12,True,HUI,False,0,False,False,Industry
CEA0055,Cost-Effectiveness Analysis (CEA),2019,UK,Healthcare payer,Cardiology,Diagnostic,Markov,20,199417.9,143151.51,56266.39,14.2864,11.7335,2.5528,22040.73,50000,Highly Cost-Effective,True,True,0.682,0.035,0.03,24,False,Literature,True,8,False,False,Industry
CEA0056,Cost-Minimization Analysis (CMA),2018,France,Patient,Rare Diseases,Surgical,Markov,30,176243.15,134554.56,41688.59,13.4609,8.1317,5.3291,7822.75,80000,Highly Cost-Effective,True,True,0.748,0.05,0.03,21,True,Expert Opinion,True,8,True,False,Independent
CEA0057,Cost-Utility Analysis (CUA),2019,Netherlands,Patient,Vaccines,Digital Health,Hybrid,1,178237.42,56537.64,121699.79,5.2742,2.1798,3.0945,39328.26,80000,Highly Cost-Effective,True,True,0.674,0.05,0.03,18,True,EQ-5D,False,8,False,False,Government
CEA0058,Cost-Benefit Analysis (CBA),2024,Japan,Hospital,Rheumatology,Behavioral,Discrete Event Simulation,1,123314.68,103606.29,19708.39,11.6367,8.6973,2.9394,6704.88,80000,Highly Cost-Effective,True,False,,0.03,0.05,23,True,Literature,False,6,False,False,Government
CEA0059,Budget Impact Analysis (BIA),2016,Canada,Healthcare payer,Cardiology,Device,Markov,Lifetime,167351.5,124521.17,42830.33,4.8942,2.3052,2.589,16543.43,80000,Highly Cost-Effective,False,False,,0.04,0.04,24,False,HUI,True,7,False,False,Mixed
CEA0060,Cost-Utility Analysis (CUA),2018,USA,Hospital,Vaccines,Pharmaceutical,Hybrid,5,126182.46,78249.35,47933.11,14.6475,10.3475,4.3,11147.3,100000,Highly Cost-Effective,True,True,0.771,0.035,0.035,12,True,SF-6D,True,7,False,False,Mixed
CEA0061,Cost-Utility Analysis (CUA),2020,France,Hospital,Vaccines,Digital Health,Hybrid,Lifetime,21322.62,135044.99,-113722.38,6.4333,5.107,1.3263,-85741.96,80000,Dominant,True,False,,0.03,0.04,23,True,Literature,True,1,True,False,Government
CEA0062,Cost-Effectiveness Analysis (CEA),2024,France,Patient,Rheumatology,Behavioral,Markov,20,63418.52,68386.98,-4968.46,8.145,11.27,-3.125,1589.9,80000,Highly Cost-Effective,True,False,,0.03,0.03,21,True,HUI,False,7,True,False,Mixed
CEA0063,Cost-Effectiveness Analysis (CEA),2020,UK,Healthcare payer,Oncology,Diagnostic,Discrete Event Simulation,1,61617.75,117098.24,-55480.49,14.1112,10.5989,3.5123,-15795.89,50000,Dominant,False,True,0.784,0.035,0.05,16,True,HUI,False,1,False,True,Independent
CEA0064,Cost-Utility Analysis (CUA),2022,Japan,Societal,Oncology,Behavioral,Discrete Event Simulation,20,68578.56,22186.97,46391.59,13.2982,12.4501,0.8481,54698.13,80000,Cost-Effective,True,True,0.594,0.035,0.05,22,False,EQ-5D,True,3,True,False,Government
CEA0065,Cost-Minimization Analysis (CMA),2023,USA,Government,Mental Health,Device,Markov,30,3397.95,132839.93,-129441.99,4.6754,9.9631,-5.2877,24479.77,100000,Highly Cost-Effective,True,True,0.856,0.03,0.03,19,True,HUI,True,0,False,False,Government
CEA0066,Budget Impact Analysis (BIA),2017,UK,Societal,Mental Health,Prevention,Markov,10,151376.52,90845.56,60530.96,5.5119,10.8676,-5.3557,-11302.23,50000,Dominant,True,True,0.497,0.04,0.05,16,True,SF-6D,True,8,True,True,Mixed
CEA0067,Cost-Minimization Analysis (CMA),2019,Canada,Government,Infectious Disease,Diagnostic,Hybrid,Lifetime,125508.97,61967.92,63541.05,5.812,8.171,-2.359,-26935.77,80000,Dominant,True,False,,0.04,0.03,21,True,HUI,True,4,False,False,Industry
CEA0068,Cost-Minimization Analysis (CMA),2018,Japan,Government,Cardiology,Diagnostic,Hybrid,10,5083.98,117598.0,-112514.02,3.9565,3.6926,0.2638,-426438.51,80000,Dominant,True,True,0.323,0.04,0.04,20,False,Literature,False,0,False,False,Industry
CEA0069,Cost-Utility Analysis (CUA),2021,Australia,Healthcare payer,Oncology,Surgical,Discrete Event Simulation,30,28134.41,93556.56,-65422.15,6.896,7.4878,-0.5918,110545.32,80000,Marginally Cost-Effective,True,False,,0.03,0.03,13,True,SF-6D,True,3,False,False,Independent
CEA0070,Cost-Minimization Analysis (CMA),2023,France,Healthcare payer,Vaccines,Device,Discrete Event Simulation,5,181562.9,95697.99,85864.91,8.2645,13.7863,-5.5218,-15550.25,80000,Dominant,True,False,,0.03,0.03,19,False,Expert Opinion,False,6,True,True,Government
CEA0071,Cost-Minimization Analysis (CMA),2015,Japan,Hospital,Cardiology,Prevention,Decision Tree,30,117303.85,32378.61,84925.24,4.0862,10.3952,-6.3089,-13461.14,80000,Dominant,True,True,0.684,0.04,0.035,15,True,HUI,False,2,False,False,Government
CEA0072,Cost-Minimization Analysis (CMA),2022,Sweden,Societal,Rheumatology,Pharmaceutical,Hybrid,1,90713.06,19905.93,70807.13,4.3173,9.7702,-5.4529,-12985.24,80000,Dominant,True,True,0.632,0.04,0.035,24,True,SF-6D,False,6,False,False,Independent
CEA0073,Cost-Effectiveness Analysis (CEA),2015,Japan,Government,Neurology,Surgical,Hybrid,5,176916.57,51029.58,125886.99,9.9141,9.1366,0.7774,161927.63,80000,Not Cost-Effective,True,True,0.626,0.035,0.03,22,False,Expert Opinion,True,2,False,False,Government
CEA0074,Cost-Benefit Analysis (CBA),2015,Canada,Government,Rheumatology,Diagnostic,Markov,30,181382.98,836.82,180546.16,6.1997,11.5983,-5.3986,-33442.86,80000,Dominant,True,True,0.693,0.05,0.05,19,True,EQ-5D,True,2,True,False,Industry
CEA0075,Cost-Benefit Analysis (CBA),2017,Spain,Hospital,Mental Health,Digital Health,Discrete Event Simulation,30,101245.0,122269.68,-21024.68,12.8314,11.5798,1.2517,-16797.4,80000,Dominant,True,False,,0.05,0.03,24,True,Expert Opinion,False,6,False,False,Government
CEA0076,Cost-Effectiveness Analysis (CEA),2018,Spain,Societal,Neurology,Pharmaceutical,Discrete Event Simulation,Lifetime,194126.93,87682.68,106444.26,8.5393,9.8931,-1.3538,-78629.03,80000,Dominant,True,True,0.587,0.035,0.03,24,True,Expert Opinion,True,5,True,True,Independent
CEA0077,Cost-Minimization Analysis (CMA),2021,Canada,Patient,Oncology,Diagnostic,Hybrid,20,113711.46,133115.55,-19404.1,6.879,4.9733,1.9058,-10181.84,80000,Dominant,True,True,0.463,0.04,0.035,18,True,Expert Opinion,False,3,True,False,Industry
CEA0078,Cost-Minimization Analysis (CMA),2023,Spain,Societal,Vaccines,Diagnostic,Markov,1,168185.11,10696.83,157488.27,3.9396,8.674,-4.7345,-33264.16,80000,Dominant,True,True,0.549,0.04,0.05,17,True,Expert Opinion,False,1,True,False,Industry
CEA0079,Budget Impact Analysis (BIA),2021,Canada,Societal,Oncology,Device,Markov,30,31361.14,94745.77,-63384.64,3.1724,12.1756,-9.0031,7040.28,80000,Highly Cost-Effective,True,True,0.546,0.03,0.04,16,False,Expert Opinion,True,2,True,False,Independent
CEA0080,Cost-Utility Analysis (CUA),2023,Australia,Patient,Oncology,Prevention,Discrete Event Simulation,20,42906.13,111380.78,-68474.65,4.7704,4.6754,0.0951,-720394.46,80000,Dominant,True,True,0.641,0.03,0.04,24,True,Literature,False,5,False,False,Mixed
CEA0081,Cost-Benefit Analysis (CBA),2024,South Korea,Hospital,Infectious Disease,Screening,Hybrid,1,115701.18,134575.69,-18874.5,12.5168,13.5506,-1.0339,18256.35,80000,Highly Cost-Effective,True,True,0.424,0.04,0.035,19,False,Literature,True,2,False,False,Government
CEA0082,Budget Impact Analysis (BIA),2019,UK,Government,Oncology,Prevention,Decision Tree,20,35878.85,127487.06,-91608.21,5.5551,10.9543,-5.3993,16966.82,50000,Highly Cost-Effective,True,True,0.709,0.035,0.05,21,True,EQ-5D,True,4,False,False,Mixed
CEA0083,Cost-Minimization Analysis (CMA),2016,Canada,Societal,Mental Health,Pharmaceutical,Decision Tree,10,145447.08,142806.63,2640.45,11.8578,10.3185,1.5392,1715.43,80000,Highly Cost-Effective,True,False,,0.03,0.04,16,True,Expert Opinion,False,0,True,False,Government
CEA0084,Cost-Minimization Analysis (CMA),2020,UK,Healthcare payer,Diabetes,Device,Markov,10,166184.55,26050.12,140134.43,7.4671,9.2043,-1.7372,-80669.04,50000,Dominant,True,True,0.783,0.04,0.03,17,False,Expert Opinion,False,9,False,False,Government
CEA0085,Cost-Utility Analysis (CUA),2015,Canada,Societal,Respiratory,Device,Discrete Event Simulation,20,45613.12,88404.48,-42791.36,12.834,12.2888,0.5452,-78494.53,80000,Dominant,True,False,,0.05,0.035,17,False,EQ-5D,True,4,False,False,Mixed
CEA0086,Cost-Minimization Analysis (CMA),2015,Canada,Patient,Respiratory,Prevention,Hybrid,5,35864.37,63950.66,-28086.29,4.3783,3.6635,0.7148,-39291.41,80000,Dominant,True,True,0.829,0.035,0.035,17,True,HUI,True,4,False,False,Government
CEA0087,Cost-Utility Analysis (CUA),2022,Spain,Healthcare payer,Cardiology,Surgical,Hybrid,10,4492.99,94762.29,-90269.3,10.7818,9.0044,1.7774,-50786.1,80000,Dominant,True,True,0.732,0.04,0.05,13,False,EQ-5D,True,1,False,False,Industry
CEA0088,Budget Impact Analysis (BIA),2016,France,Societal,Vaccines,Screening,Decision Tree,20,68069.49,78783.68,-10714.19,13.4399,2.1042,11.3357,-945.17,80000,Dominant,True,True,0.741,0.05,0.05,20,True,EQ-5D,False,2,True,False,Independent
CEA0089,Cost-Benefit Analysis (CBA),2017,Australia,Government,Rheumatology,Digital Health,Decision Tree,1,14302.6,1797.84,12504.76,4.8997,12.5658,-7.6661,-1631.17,80000,Dominant,True,False,,0.04,0.04,21,True,Expert Opinion,True,4,False,True,Mixed
CEA0090,Cost-Benefit Analysis (CBA),2018,UK,Hospital,Neurology,Surgical,Hybrid,1,75478.41,132675.1,-57196.69,11.0119,4.4649,6.5471,-8736.25,50000,Dominant,True,False,,0.05,0.04,18,True,Expert Opinion,True,9,False,False,Mixed
CEA0091,Cost-Utility Analysis (CUA),2018,Germany,Healthcare payer,Cardiology,Behavioral,Markov,1,17197.02,70205.28,-53008.26,12.3068,2.7305,9.5763,-5535.36,80000,Dominant,True,False,,0.035,0.03,23,True,SF-6D,True,6,False,True,Government
CEA0092,Cost-Utility Analysis (CUA),2019,Australia,Healthcare payer,Infectious Disease,Diagnostic,Discrete Event Simulation,5,153655.8,57418.68,96237.12,12.0622,2.2208,9.8414,9778.8,80000,Highly Cost-Effective,True,True,0.781,0.05,0.05,24,True,Expert Opinion,False,1,True,False,Industry
CEA0093,Budget Impact Analysis (BIA),2023,South Korea,Hospital,Rheumatology,Behavioral,Hybrid,10,144468.19,69170.36,75297.83,11.1628,9.2671,1.8958,39719.01,80000,Highly Cost-Effective,False,True,0.453,0.03,0.04,14,True,EQ-5D,True,3,False,False,Government
CEA0094,Cost-Minimization Analysis (CMA),2019,Italy,Healthcare payer,Mental Health,Screening,Decision Tree,Lifetime,110863.26,44266.1,66597.16,14.8087,5.5009,9.3078,7155.01,80000,Highly Cost-Effective,True,True,0.73,0.03,0.03,12,False,Expert Opinion,True,4,False,False,Independent
CEA0095,Cost-Utility Analysis (CUA),2015,Netherlands,Government,Mental Health,Surgical,Hybrid,20,81457.91,74417.61,7040.29,7.2808,13.8269,-6.5461,-1075.49,80000,Dominant,True,True,0.681,0.03,0.035,23,True,Expert Opinion,True,5,False,False,Government
CEA0096,Cost-Utility Analysis (CUA),2020,Netherlands,Patient,Diabetes,Surgical,Discrete Event Simulation,Lifetime,23619.05,115141.14,-91522.08,7.6434,7.6399,0.0035,,80000,Inconclusive,True,True,0.511,0.04,0.03,16,True,SF-6D,True,8,True,True,Industry
CEA0097,Cost-Utility Analysis (CUA),2024,South Korea,Societal,Infectious Disease,Behavioral,Markov,30,121972.92,85535.65,36437.27,4.1644,9.1401,-4.9757,-7323.06,80000,Dominant,False,False,,0.035,0.035,20,False,Literature,True,6,False,True,Mixed
CEA0098,Cost-Minimization Analysis (CMA),2023,France,Healthcare payer,Infectious Disease,Diagnostic,Decision Tree,10,11243.66,45502.44,-34258.78,9.8278,9.4198,0.4081,-83952.54,80000,Dominant,True,True,0.738,0.05,0.035,23,True,Expert Opinion,False,3,False,True,Government
CEA0099,Budget Impact Analysis (BIA),2022,France,Hospital,Mental Health,Digital Health,Markov,Lifetime,78317.23,96380.47,-18063.25,6.3381,4.1699,2.1682,-8331.05,80000,Dominant,True,True,0.688,0.035,0.03,13,True,Expert Opinion,True,2,False,False,Government
CEA0100,Budget Impact Analysis (BIA),2015,Japan,Hospital,Rheumatology,Diagnostic,Markov,Lifetime,192513.69,22745.92,169767.77,9.389,8.8104,0.5786,293413.51,80000,Not Cost-Effective,True,True,0.777,0.03,0.04,18,True,Expert Opinion,True,6,False,False,Independent
CEA0101,Budget Impact Analysis (BIA),2021,South Korea,Societal,Cardiology,Diagnostic,Discrete Event Simulation,1,168701.61,76162.72,92538.89,8.5369,4.8641,3.6727,25196.29,80000,Highly Cost-Effective,True,False,,0.035,0.05,19,True,HUI,True,0,False,False,Independent
CEA0102,Cost-Benefit Analysis (CBA),2016,Japan,Healthcare payer,Oncology,Diagnostic,Markov,1,150256.79,66573.82,83682.96,4.8117,11.6762,-6.8645,-12190.68,80000,Dominant,True,True,0.377,0.04,0.03,14,True,EQ-5D,False,2,False,False,Mixed
CEA0103,Budget Impact Analysis (BIA),2019,Canada,Healthcare payer,Diabetes,Digital Health,Discrete Event Simulation,Lifetime,163475.59,115849.74,47625.85,7.163,10.2835,-3.1205,-15262.18,80000,Dominant,True,False,,0.035,0.035,13,False,EQ-5D,False,5,False,False,Industry
CEA0104,Cost-Effectiveness Analysis (CEA),2022,Australia,Societal,Vaccines,Screening,Markov,1,109889.43,99086.06,10803.37,14.5429,7.0632,7.4798,1444.35,80000,Highly Cost-Effective,True,True,0.554,0.03,0.04,19,True,SF-6D,True,9,False,False,Industry
CEA0105,Budget Impact Analysis (BIA),2017,Germany,Hospital,Mental Health,Diagnostic,Discrete Event Simulation,Lifetime,84689.17,88642.85,-3953.68,10.2458,5.5037,4.7421,-833.74,80000,Dominant,True,False,,0.03,0.05,24,True,HUI,False,2,False,False,Industry
CEA0106,Cost-Minimization Analysis (CMA),2020,Australia,Societal,Vaccines,Prevention,Discrete Event Simulation,Lifetime,180090.08,13520.59,166569.49,12.3948,12.0202,0.3747,444582.07,80000,Not Cost-Effective,True,True,0.692,0.03,0.04,18,True,EQ-5D,False,1,False,False,Mixed
CEA0107,Cost-Utility Analysis (CUA),2020,Netherlands,Healthcare payer,Rare Diseases,Surgical,Discrete Event Simulation,10,20265.6,78278.21,-58012.61,9.3455,11.566,-2.2205,26126.18,80000,Highly Cost-Effective,False,True,0.684,0.035,0.04,17,True,EQ-5D,True,1,False,False,Mixed
CEA0108,Budget Impact Analysis (BIA),2022,South Korea,Healthcare payer,Vaccines,Digital Health,Discrete Event Simulation,5,98143.74,34570.02,63573.72,12.1352,5.153,6.9821,9105.19,80000,Highly Cost-Effective,True,True,0.372,0.03,0.035,16,True,EQ-5D,True,7,False,False,Industry
CEA0109,Budget Impact Analysis (BIA),2021,Japan,Patient,Diabetes,Pharmaceutical,Decision Tree,1,144145.19,9817.66,134327.53,7.5448,3.0293,4.5156,29747.62,80000,Highly Cost-Effective,True,True,0.554,0.04,0.03,12,False,EQ-5D,True,6,False,False,Mixed
CEA0110,Cost-Minimization Analysis (CMA),2024,Spain,Societal,Diabetes,Prevention,Hybrid,20,7735.03,121683.68,-113948.65,4.5469,10.6618,-6.115,18634.36,80000,Highly Cost-Effective,True,True,0.743,0.05,0.05,16,True,SF-6D,False,1,False,False,Mixed
CEA0111,Cost-Utility Analysis (CUA),2015,Sweden,Societal,Neurology,Pharmaceutical,Markov,1,112268.52,24576.4,87692.11,5.2456,7.2357,-1.99,-44065.92,80000,Dominant,True,True,0.729,0.035,0.04,13,True,HUI,False,1,True,False,Government
CEA0112,Cost-Utility Analysis (CUA),2016,Australia,Societal,Rheumatology,Screening,Hybrid,20,126384.56,107624.09,18760.47,14.5271,3.9804,10.5467,1778.81,80000,Highly Cost-Effective,False,True,0.481,0.04,0.03,13,True,Literature,True,9,False,True,Industry
CEA0113,Budget Impact Analysis (BIA),2017,Sweden,Hospital,Neurology,Prevention,Markov,5,11701.25,116994.38,-105293.13,10.693,6.0889,4.6042,-22869.11,80000,Dominant,True,False,,0.03,0.035,15,True,EQ-5D,False,9,False,False,Industry
CEA0114,Budget Impact Analysis (BIA),2022,UK,Societal,Rare Diseases,Diagnostic,Markov,10,53449.21,34912.43,18536.78,10.9021,3.3912,7.5109,2467.99,50000,Highly Cost-Effective,True,True,0.622,0.035,0.035,17,True,Expert Opinion,True,6,False,False,Government
CEA0115,Cost-Minimization Analysis (CMA),2020,France,Government,Diabetes,Behavioral,Hybrid,1,185346.23,8491.31,176854.93,5.3624,10.4689,-5.1065,-34633.25,80000,Dominant,True,True,0.757,0.035,0.05,24,True,Expert Opinion,True,7,True,True,Independent
CEA0116,Budget Impact Analysis (BIA),2018,USA,Patient,Oncology,Pharmaceutical,Markov,30,163668.85,41846.44,121822.41,14.0688,10.509,3.5597,34222.31,100000,Highly Cost-Effective,True,True,0.71,0.03,0.03,14,True,EQ-5D,True,4,True,False,Industry
CEA0117,Cost-Utility Analysis (CUA),2024,South Korea,Government,Neurology,Prevention,Markov,1,130508.63,122071.11,8437.52,8.2107,3.4942,4.7165,1788.92,80000,Highly Cost-Effective,True,True,0.677,0.03,0.05,12,True,Expert Opinion,True,2,False,False,Independent
CEA0118,Budget Impact Analysis (BIA),2024,France,Hospital,Cardiology,Diagnostic,Decision Tree,30,78886.62,2528.65,76357.96,6.0591,12.979,-6.9199,-11034.61,80000,Dominant,True,True,0.856,0.035,0.04,19,True,Literature,True,6,False,False,Government
CEA0119,Budget Impact Analysis (BIA),2019,Canada,Healthcare payer,Infectious Disease,Digital Health,Markov,10,47818.62,108480.58,-60661.96,8.2197,9.8295,-1.6098,37681.95,80000,Highly Cost-Effective,True,True,0.508,0.04,0.03,15,False,HUI,True,4,False,False,Mixed
CEA0120,Cost-Effectiveness Analysis (CEA),2016,South Korea,Patient,Oncology,Device,Hybrid,5,78500.88,97159.92,-18659.04,6.3999,9.101,-2.7011,6907.83,80000,Highly Cost-Effective,True,False,,0.03,0.04,23,True,SF-6D,False,8,False,False,Mixed
CEA0121,Cost-Utility Analysis (CUA),2020,Sweden,Societal,Respiratory,Screening,Decision Tree,30,197552.14,50289.24,147262.9,10.024,11.3527,-1.3288,-110828.13,80000,Dominant,True,False,,0.035,0.05,20,True,HUI,True,6,True,False,Industry
CEA0122,Budget Impact Analysis (BIA),2018,UK,Government,Mental Health,Prevention,Decision Tree,10,175234.03,134899.16,40334.86,8.4968,7.2805,1.2163,33161.15,50000,Cost-Effective,True,False,,0.03,0.05,22,True,SF-6D,True,2,False,True,Independent
CEA0123,Budget Impact Analysis (BIA),2015,Germany,Patient,Diabetes,Device,Markov,1,2841.53,146452.34,-143610.81,10.4927,3.8221,6.6706,-21528.95,80000,Dominant,True,True,0.708,0.05,0.05,16,False,EQ-5D,True,9,False,False,Industry
CEA0124,Budget Impact Analysis (BIA),2017,Spain,Hospital,Infectious Disease,Device,Decision Tree,20,129154.9,14198.16,114956.74,3.2514,2.6094,0.642,179054.1,80000,Not Cost-Effective,True,True,0.375,0.035,0.04,20,True,EQ-5D,True,1,True,False,Government
CEA0125,Cost-Minimization Analysis (CMA),2018,Spain,Government,Oncology,Pharmaceutical,Discrete Event Simulation,Lifetime,35902.68,104585.18,-68682.5,14.7237,10.9995,3.7242,-18442.13,80000,Dominant,True,True,0.773,0.04,0.05,22,True,EQ-5D,True,0,False,False,Industry
CEA0126,Budget Impact Analysis (BIA),2017,Canada,Societal,Rheumatology,Behavioral,Decision Tree,5,129974.01,84552.38,45421.63,12.1381,12.3941,-0.256,-177395.44,80000,Dominant,True,False,,0.05,0.05,20,True,HUI,False,8,True,False,Industry
CEA0127,Cost-Effectiveness Analysis (CEA),2020,Spain,Hospital,Vaccines,Diagnostic,Discrete Event Simulation,10,183487.83,113401.24,70086.58,10.8632,5.0483,5.8149,12052.93,80000,Highly Cost-Effective,True,False,,0.05,0.03,16,False,Literature,True,1,True,False,Independent
CEA0128,Budget Impact Analysis (BIA),2023,Spain,Hospital,Rare Diseases,Behavioral,Hybrid,5,61657.81,67526.28,-5868.47,7.3781,13.7949,-6.4168,914.55,80000,Highly Cost-Effective,True,True,0.482,0.04,0.035,22,False,SF-6D,True,6,True,True,Industry
CEA0129,Cost-Minimization Analysis (CMA),2024,Canada,Healthcare payer,Infectious Disease,Digital Health,Hybrid,Lifetime,106944.56,148699.96,-41755.4,9.3821,8.8829,0.4992,-83639.95,80000,Dominant,False,False,,0.04,0.035,17,False,EQ-5D,True,8,False,False,Independent
CEA0130,Cost-Minimization Analysis (CMA),2016,Germany,Government,Respiratory,Behavioral,Hybrid,1,100786.71,122201.92,-21415.21,11.9426,2.2457,9.6969,-2208.46,80000,Dominant,True,True,0.773,0.03,0.03,14,False,Expert Opinion,True,3,False,False,Independent
CEA0131,Cost-Benefit Analysis (CBA),2019,Germany,Patient,Respiratory,Behavioral,Markov,20,65037.58,50651.56,14386.03,11.3848,7.6845,3.7004,3887.74,80000,Highly Cost-Effective,True,True,0.587,0.035,0.04,19,True,Literature,False,9,False,False,Industry
CEA0132,Cost-Benefit Analysis (CBA),2016,Italy,Healthcare payer,Mental Health,Device,Decision Tree,5,122355.52,87185.22,35170.3,14.9607,5.336,9.6248,3654.14,80000,Highly Cost-Effective,True,True,0.835,0.04,0.03,16,True,EQ-5D,False,7,False,False,Industry
CEA0133,Budget Impact Analysis (BIA),2017,Sweden,Healthcare payer,Neurology,Digital Health,Hybrid,30,37558.17,34724.48,2833.69,6.28,2.4595,3.8205,741.7,80000,Highly Cost-Effective,True,True,0.762,0.05,0.04,22,True,Expert Opinion,True,2,False,True,Industry
CEA0134,Cost-Benefit Analysis (CBA),2019,Canada,Healthcare payer,Vaccines,Prevention,Discrete Event Simulation,Lifetime,191131.73,132257.93,58873.8,6.0619,6.1997,-0.1378,-427091.22,80000,Dominant,True,False,,0.04,0.05,12,True,Expert Opinion,True,3,False,False,Government
CEA0135,Cost-Minimization Analysis (CMA),2017,UK,Societal,Mental Health,Screening,Markov,10,2055.2,110737.36,-108682.16,11.8491,7.9618,3.8873,-27958.5,50000,Dominant,True,True,0.418,0.03,0.05,15,True,Expert Opinion,True,8,True,False,Government
CEA0136,Budget Impact Analysis (BIA),2021,Australia,Societal,Vaccines,Pharmaceutical,Decision Tree,5,112069.68,61728.72,50340.96,12.5392,2.536,10.0033,5032.45,80000,Highly Cost-Effective,True,True,0.747,0.04,0.04,19,True,SF-6D,True,3,True,True,Government
CEA0137,Cost-Benefit Analysis (CBA),2015,Italy,Healthcare payer,Infectious Disease,Screening,Hybrid,Lifetime,117957.35,86935.25,31022.1,9.5212,6.0641,3.4571,8973.47,80000,Highly Cost-Effective,True,False,,0.03,0.035,17,True,HUI,True,5,True,False,Industry
CEA0138,Budget Impact Analysis (BIA),2022,Netherlands,Government,Vaccines,Prevention,Markov,Lifetime,133150.4,91941.28,41209.12,8.6803,7.0311,1.6492,24987.6,80000,Highly Cost-Effective,True,True,0.586,0.04,0.04,16,True,SF-6D,False,4,False,False,Government
CEA0139,Cost-Benefit Analysis (CBA),2023,UK,Patient,Oncology,Digital Health,Decision Tree,30,107938.46,1534.55,106403.9,3.1327,8.5357,-5.403,-19693.43,50000,Dominant,True,True,0.732,0.03,0.04,17,False,SF-6D,False,2,True,False,Government
CEA0140,Cost-Minimization Analysis (CMA),2020,Sweden,Societal,Mental Health,Diagnostic,Markov,30,185403.23,117727.77,67675.46,11.7345,6.9687,4.7658,14200.27,80000,Highly Cost-Effective,True,False,,0.04,0.03,19,True,Literature,True,3,False,False,Government
CEA0141,Cost-Benefit Analysis (CBA),2017,USA,Government,Mental Health,Digital Health,Hybrid,20,72426.08,22640.73,49785.36,5.254,13.2175,-7.9635,-6251.69,100000,Dominant,True,False,,0.03,0.03,19,True,EQ-5D,True,1,True,False,Government
CEA0142,Cost-Utility Analysis (CUA),2015,USA,Healthcare payer,Oncology,Pharmaceutical,Markov,1,111500.63,79823.82,31676.81,3.8269,9.6073,-5.7803,-5480.09,100000,Dominant,True,True,0.736,0.035,0.04,15,True,HUI,True,0,False,False,Independent
CEA0143,Cost-Benefit Analysis (CBA),2019,Spain,Societal,Neurology,Screening,Hybrid,5,37545.13,52182.55,-14637.43,12.6769,4.0851,8.5918,-1703.65,80000,Dominant,True,True,0.514,0.04,0.04,16,True,SF-6D,False,6,False,False,Government
CEA0144,Budget Impact Analysis (BIA),2024,Sweden,Healthcare payer,Cardiology,Prevention,Discrete Event Simulation,1,139365.83,108855.01,30510.82,14.9218,10.3203,4.6014,6630.76,80000,Highly Cost-Effective,True,True,0.52,0.03,0.05,18,False,Expert Opinion,False,6,False,False,Mixed
CEA0145,Cost-Benefit Analysis (CBA),2015,Australia,Societal,Rheumatology,Device,Discrete Event Simulation,5,185196.28,145402.27,39794.01,5.8311,11.711,-5.88,-6767.73,80000,Dominant,True,False,,0.05,0.035,24,False,Expert Opinion,True,3,False,False,Industry
CEA0146,Cost-Utility Analysis (CUA),2020,Canada,Patient,Neurology,Diagnostic,Decision Tree,20,56884.39,92434.18,-35549.79,3.9964,3.3855,0.6109,-58191.86,80000,Dominant,True,True,0.778,0.035,0.05,21,False,HUI,True,2,True,False,Industry
CEA0147,Cost-Minimization Analysis (CMA),2022,Sweden,Societal,Mental Health,Digital Health,Hybrid,20,80073.83,37285.2,42788.64,5.714,12.2023,-6.4883,-6594.7,80000,Dominant,True,True,0.67,0.035,0.04,19,True,HUI,True,2,False,False,Independent
CEA0148,Cost-Effectiveness Analysis (CEA),2018,Canada,Government,Cardiology,Prevention,Markov,20,117473.83,40743.89,76729.94,14.1102,5.477,8.6331,8887.84,80000,Highly Cost-Effective,True,False,,0.04,0.05,21,False,Literature,False,6,False,True,Industry
CEA0149,Cost-Effectiveness Analysis (CEA),2015,Japan,Hospital,Vaccines,Prevention,Markov,1,26186.44,100940.37,-74753.94,3.0434,3.3168,-0.2735,273364.3,80000,Not Cost-Effective,True,True,0.428,0.035,0.04,23,False,Literature,True,5,True,False,Government
CEA0150,Cost-Utility Analysis (CUA),2015,Germany,Societal,Rare Diseases,Diagnostic,Discrete Event Simulation,30,51157.33,117839.55,-66682.22,8.2038,4.4185,3.7853,-17616.12,80000,Dominant,True,True,0.689,0.03,0.03,23,False,EQ-5D,False,9,True,False,Industry
CEA0151,Cost-Utility Analysis (CUA),2018,South Korea,Healthcare payer,Rheumatology,Digital Health,Markov,30,178126.55,144862.56,33263.99,5.4284,10.4557,-5.0273,-6616.65,80000,Dominant,True,True,0.885,0.035,0.05,12,True,SF-6D,False,2,True,False,Government
CEA0152,Cost-Minimization Analysis (CMA),2024,Germany,Patient,Rare Diseases,Digital Health,Markov,30,14668.25,22198.38,-7530.13,9.5553,2.7418,6.8135,-1105.18,80000,Dominant,True,True,0.312,0.035,0.035,18,True,Literature,True,4,True,False,Industry
CEA0153,Cost-Benefit Analysis (CBA),2024,Australia,Healthcare payer,Neurology,Surgical,Decision Tree,Lifetime,1983.12,117972.72,-115989.6,10.6958,2.5596,8.1362,-14255.93,80000,Dominant,True,True,0.624,0.04,0.04,13,False,EQ-5D,False,6,True,True,Independent
CEA0154,Cost-Minimization Analysis (CMA),2023,Netherlands,Government,Oncology,Digital Health,Markov,Lifetime,173101.93,128671.04,44430.89,14.4187,2.9119,11.5069,3861.25,80000,Highly Cost-Effective,True,True,0.557,0.035,0.03,16,True,HUI,True,3,False,False,Industry
CEA0155,Cost-Benefit Analysis (CBA),2021,Canada,Healthcare payer,Diabetes,Surgical,Hybrid,20,168308.48,59581.09,108727.39,13.7907,5.1281,8.6625,12551.44,80000,Highly Cost-Effective,True,True,0.397,0.035,0.04,24,True,Expert Opinion,True,9,False,False,Government
CEA0156,Budget Impact Analysis (BIA),2019,USA,Patient,Vaccines,Screening,Hybrid,Lifetime,160337.6,107444.38,52893.22,12.491,13.2412,-0.7502,-70504.89,100000,Dominant,True,False,,0.05,0.03,19,False,SF-6D,True,4,False,False,Mixed
CEA0157,Budget Impact Analysis (BIA),2019,South Korea,Societal,Infectious Disease,Prevention,Decision Tree,30,16436.21,92901.87,-76465.65,13.1837,2.25,10.9336,-6993.63,80000,Dominant,True,True,0.483,0.03,0.05,12,True,SF-6D,False,8,True,True,Industry
CEA0158,Budget Impact Analysis (BIA),2017,Germany,Hospital,Vaccines,Screening,Discrete Event Simulation,1,45078.66,135531.93,-90453.28,8.8942,10.1466,-1.2524,72223.84,80000,Cost-Effective,True,True,0.303,0.05,0.03,13,False,EQ-5D,False,2,True,False,Industry
CEA0159,Cost-Benefit Analysis (CBA),2024,USA,Government,Rheumatology,Digital Health,Hybrid,1,16727.5,88535.97,-71808.47,5.2395,7.9827,-2.7432,26176.58,100000,Highly Cost-Effective,True,False,,0.05,0.035,24,False,HUI,True,7,True,False,Mixed
CEA0160,Budget Impact Analysis (BIA),2023,South Korea,Patient,Infectious Disease,Device,Decision Tree,10,97164.0,136344.92,-39180.92,6.8713,13.612,-6.7406,5812.65,80000,Highly Cost-Effective,True,False,,0.04,0.03,19,True,Expert Opinion,True,4,True,False,Mixed
CEA0161,Cost-Effectiveness Analysis (CEA),2017,South Korea,Societal,Vaccines,Surgical,Discrete Event Simulation,10,24493.72,36356.34,-11862.62,5.3569,8.6302,-3.2734,3623.98,80000,Highly Cost-Effective,True,True,0.739,0.05,0.04,19,True,EQ-5D,False,0,True,False,Mixed
CEA0162,Cost-Benefit Analysis (CBA),2018,South Korea,Hospital,Diabetes,Surgical,Discrete Event Simulation,1,84294.55,129576.29,-45281.74,6.0771,8.8511,-2.7739,16324.09,80000,Highly Cost-Effective,True,False,,0.04,0.035,14,True,SF-6D,True,3,True,False,Mixed
CEA0163,Cost-Benefit Analysis (CBA),2015,UK,Government,Cardiology,Device,Hybrid,Lifetime,132546.37,46065.96,86480.41,8.775,10.5261,-1.7511,-49385.99,50000,Dominant,True,True,0.511,0.05,0.03,19,True,SF-6D,True,4,True,False,Independent
CEA0164,Cost-Benefit Analysis (CBA),2016,Spain,Patient,Oncology,Diagnostic,Decision Tree,1,20804.96,122632.83,-101827.87,12.5608,7.3843,5.1765,-19671.12,80000,Dominant,True,True,0.944,0.05,0.03,23,False,EQ-5D,True,5,False,False,Government
CEA0165,Cost-Effectiveness Analysis (CEA),2020,Spain,Government,Diabetes,Screening,Hybrid,30,1328.85,124106.26,-122777.42,14.9617,10.7252,4.2365,-28980.88,80000,Dominant,True,True,0.386,0.035,0.035,17,False,SF-6D,True,2,True,False,Industry
CEA0166,Cost-Benefit Analysis (CBA),2019,Germany,Societal,Infectious Disease,Digital Health,Hybrid,Lifetime,183408.05,138115.91,45292.14,3.9334,3.4515,0.4819,93980.88,80000,Marginally Cost-Effective,False,True,0.801,0.035,0.035,21,True,Literature,True,2,False,False,Independent
CEA0167,Cost-Utility Analysis (CUA),2018,USA,Societal,Cardiology,Behavioral,Hybrid,10,159665.51,48246.06,111419.45,10.7437,3.7633,6.9804,15961.72,100000,Highly Cost-Effective,True,False,,0.05,0.035,21,False,HUI,False,8,False,False,Industry
CEA0168,Cost-Utility Analysis (CUA),2024,Japan,Patient,Neurology,Prevention,Discrete Event Simulation,10,168141.76,35836.48,132305.28,6.8194,10.4297,-3.6103,-36646.5,80000,Dominant,True,True,0.544,0.035,0.03,19,True,EQ-5D,False,8,True,False,Industry
CEA0169,Budget Impact Analysis (BIA),2019,UK,Healthcare payer,Mental Health,Digital Health,Decision Tree,1,189630.87,1064.84,188566.03,14.722,10.7462,3.9757,47429.51,50000,Cost-Effective,True,True,0.47,0.05,0.04,23,True,Expert Opinion,True,7,False,True,Industry
CEA0170,Cost-Benefit Analysis (CBA),2019,South Korea,Societal,Infectious Disease,Behavioral,Markov,30,173536.0,46881.84,126654.16,3.9531,7.3405,-3.3874,-37389.56,80000,Dominant,True,True,0.607,0.04,0.04,23,False,Literature,False,6,False,False,Mixed
CEA0171,Cost-Benefit Analysis (CBA),2015,France,Patient,Cardiology,Digital Health,Discrete Event Simulation,5,164270.33,8449.17,155821.17,9.3572,8.4403,0.9169,169945.01,80000,Not Cost-Effective,True,False,,0.035,0.035,12,False,Expert Opinion,False,0,True,True,Industry
CEA0172,Cost-Utility Analysis (CUA),2019,Sweden,Government,Infectious Disease,Device,Markov,Lifetime,195053.4,107037.73,88015.67,7.5457,9.7038,-2.1581,-40784.11,80000,Dominant,True,True,0.431,0.035,0.035,17,True,Expert Opinion,False,3,True,False,Industry
CEA0173,Cost-Minimization Analysis (CMA),2020,Netherlands,Hospital,Respiratory,Pharmaceutical,Decision Tree,Lifetime,196433.03,65900.0,130533.02,14.3981,6.5974,7.8007,16733.44,80000,Highly Cost-Effective,True,True,0.435,0.05,0.035,17,True,EQ-5D,True,9,False,True,Industry
CEA0174,Cost-Effectiveness Analysis (CEA),2020,Japan,Patient,Neurology,Device,Decision Tree,5,65850.26,61939.2,3911.06,6.8129,8.9831,-2.1702,-1802.16,80000,Dominant,True,True,0.851,0.035,0.03,19,True,EQ-5D,False,1,False,True,Industry
CEA0175,Cost-Effectiveness Analysis (CEA),2015,Australia,Government,Oncology,Behavioral,Discrete Event Simulation,30,110741.91,62439.87,48302.04,4.7721,5.6399,-0.8678,-55662.34,80000,Dominant,True,False,,0.04,0.03,15,True,SF-6D,True,9,False,False,Industry
CEA0176,Cost-Utility Analysis (CUA),2018,France,Healthcare payer,Rheumatology,Device,Markov,1,86816.16,3479.86,83336.3,10.7536,9.5831,1.1705,71198.82,80000,Cost-Effective,True,True,0.744,0.035,0.035,24,False,Literature,True,2,False,False,Government
CEA0177,Cost-Minimization Analysis (CMA),2015,Canada,Patient,Respiratory,Digital Health,Discrete Event Simulation,10,119780.19,3473.11,116307.08,4.2725,12.0079,-7.7354,-15035.64,80000,Dominant,True,False,,0.03,0.04,23,True,HUI,True,6,False,False,Independent
CEA0178,Cost-Benefit Analysis (CBA),2020,Netherlands,Societal,Cardiology,Prevention,Discrete Event Simulation,10,118021.5,77349.14,40672.35,12.9629,4.7774,8.1855,4968.84,80000,Highly Cost-Effective,True,False,,0.04,0.05,12,False,Literature,False,5,True,False,Government
CEA0179,Cost-Effectiveness Analysis (CEA),2018,USA,Societal,Cardiology,Diagnostic,Decision Tree,20,58061.2,71790.76,-13729.56,13.4745,2.5093,10.9652,-1252.11,100000,Dominant,False,False,,0.03,0.05,24,False,HUI,True,4,False,True,Government
CEA0180,Cost-Minimization Analysis (CMA),2019,France,Patient,Rheumatology,Digital Health,Markov,5,13240.24,145834.48,-132594.24,4.1598,8.1409,-3.981,33306.48,80000,Highly Cost-Effective,True,True,0.513,0.03,0.03,16,True,HUI,True,2,True,False,Mixed
CEA0181,Cost-Benefit Analysis (CBA),2018,Netherlands,Patient,Diabetes,Behavioral,Decision Tree,10,61295.2,15095.42,46199.77,10.7334,4.1689,6.5645,7037.77,80000,Highly Cost-Effective,True,False,,0.04,0.05,20,True,EQ-5D,True,2,False,False,Industry
CEA0182,Cost-Utility Analysis (CUA),2023,Netherlands,Societal,Diabetes,Behavioral,Markov,30,82114.03,123315.52,-41201.49,9.1041,5.3326,3.7715,-10924.35,80000,Dominant,True,True,0.653,0.03,0.035,17,False,SF-6D,True,6,True,True,Government
CEA0183,Budget Impact Analysis (BIA),2016,UK,Patient,Mental Health,Device,Hybrid,20,182938.14,4890.26,178047.88,12.6196,6.6862,5.9334,30007.5,50000,Cost-Effective,True,False,,0.035,0.03,13,True,HUI,True,7,True,False,Industry
CEA0184,Cost-Benefit Analysis (CBA),2019,Italy,Patient,Diabetes,Device,Hybrid,1,167353.16,108415.49,58937.67,5.8092,13.6997,-7.8905,-7469.43,80000,Dominant,True,True,0.813,0.03,0.05,14,True,Expert Opinion,False,4,False,False,Mixed
CEA0185,Cost-Utility Analysis (CUA),2023,South Korea,Patient,Cardiology,Diagnostic,Decision Tree,1,30588.0,57807.65,-27219.65,3.8269,8.2951,-4.4682,6091.9,80000,Highly Cost-Effective,True,True,0.909,0.03,0.03,18,True,EQ-5D,True,7,True,False,Government
CEA0186,Cost-Effectiveness Analysis (CEA),2017,France,Hospital,Diabetes,Diagnostic,Markov,20,63585.06,129730.24,-66145.18,9.9771,10.7519,-0.7748,85370.31,80000,Marginally Cost-Effective,True,True,0.832,0.04,0.04,23,False,Literature,True,7,True,False,Independent
CEA0187,Cost-Effectiveness Analysis (CEA),2016,Spain,Societal,Vaccines,Pharmaceutical,Decision Tree,30,16007.6,86959.05,-70951.45,5.9544,10.0796,-4.1252,17199.7,80000,Highly Cost-Effective,True,False,,0.04,0.035,12,False,Literature,True,3,False,False,Government
CEA0188,Cost-Minimization Analysis (CMA),2022,Canada,Hospital,Infectious Disease,Device,Discrete Event Simulation,Lifetime,40288.31,90558.55,-50270.24,8.3838,2.4738,5.9101,-8505.88,80000,Dominant,True,True,0.598,0.03,0.03,23,True,SF-6D,True,9,False,False,Industry
CEA0189,Cost-Benefit Analysis (CBA),2020,France,Healthcare payer,Vaccines,Digital Health,Discrete Event Simulation,30,138526.95,139762.18,-1235.24,4.4152,2.7365,1.6787,-735.82,80000,Dominant,True,True,0.512,0.04,0.04,24,True,Literature,True,5,True,True,Industry
CEA0190,Cost-Utility Analysis (CUA),2023,Australia,Hospital,Neurology,Pharmaceutical,Hybrid,5,87487.4,104967.15,-17479.76,11.5786,11.1436,0.435,-40180.38,80000,Dominant,True,True,0.709,0.03,0.035,13,True,Literature,True,5,True,False,Industry
CEA0191,Cost-Minimization Analysis (CMA),2022,Germany,Government,Neurology,Device,Decision Tree,1,2537.3,51924.41,-49387.11,12.0179,13.5252,-1.5073,32764.93,80000,Highly Cost-Effective,True,True,0.633,0.03,0.035,12,True,Literature,False,5,False,False,Industry
CEA0192,Cost-Effectiveness Analysis (CEA),2016,South Korea,Patient,Mental Health,Prevention,Decision Tree,5,58506.42,98822.78,-40316.35,6.3026,11.8433,-5.5407,7276.46,80000,Highly Cost-Effective,True,False,,0.035,0.05,14,False,Literature,True,8,True,True,Industry
CEA0193,Cost-Minimization Analysis (CMA),2019,USA,Patient,Neurology,Digital Health,Markov,20,95385.0,9428.63,85956.37,4.3294,11.7615,-7.432,-11565.64,100000,Dominant,True,False,,0.035,0.05,16,True,SF-6D,True,7,False,False,Industry
CEA0194,Budget Impact Analysis (BIA),2021,USA,Healthcare payer,Infectious Disease,Surgical,Hybrid,30,64493.97,34021.21,30472.76,12.6149,3.0707,9.5442,3192.79,100000,Highly Cost-Effective,True,True,0.534,0.05,0.05,14,False,Expert Opinion,False,8,True,True,Industry
CEA0195,Budget Impact Analysis (BIA),2017,Italy,Patient,Vaccines,Digital Health,Hybrid,5,191339.09,105939.6,85399.49,5.7988,4.4895,1.3093,65227.04,80000,Cost-Effective,True,True,0.705,0.03,0.04,14,True,Expert Opinion,True,0,False,True,Government
CEA0196,Cost-Benefit Analysis (CBA),2021,USA,Healthcare payer,Infectious Disease,Screening,Markov,30,82606.67,40763.07,41843.6,8.9005,10.6097,-1.7092,-24481.15,100000,Dominant,True,True,0.83,0.04,0.04,20,True,SF-6D,True,5,True,False,Mixed
CEA0197,Cost-Utility Analysis (CUA),2022,USA,Government,Oncology,Diagnostic,Markov,Lifetime,150482.14,47168.17,103313.96,11.6074,4.4001,7.2073,14334.72,100000,Highly Cost-Effective,True,True,0.685,0.05,0.04,13,False,Expert Opinion,True,6,True,False,Independent
CEA0198,Cost-Effectiveness Analysis (CEA),2017,Australia,Patient,Diabetes,Screening,Decision Tree,1,61418.98,89811.61,-28392.63,6.1613,5.0962,1.0651,-26657.97,80000,Dominant,True,False,,0.04,0.035,16,True,Expert Opinion,True,4,False,False,Industry
CEA0199,Cost-Benefit Analysis (CBA),2020,Japan,Government,Vaccines,Prevention,Discrete Event Simulation,30,197864.08,52786.07,145078.01,14.5867,3.1545,11.4322,12690.25,80000,Highly Cost-Effective,True,True,0.476,0.03,0.035,24,True,SF-6D,True,4,False,True,Industry
CEA0200,Cost-Effectiveness Analysis (CEA),2019,Spain,Patient,Diabetes,Screening,Markov,5,152500.67,50157.16,102343.51,9.9385,3.1775,6.761,15137.42,80000,Highly Cost-Effective,True,True,0.694,0.05,0.05,12,True,HUI,True,8,True,False,Government
CEA0201,Cost-Benefit Analysis (CBA),2017,France,Hospital,Cardiology,Behavioral,Markov,1,36481.56,12125.88,24355.68,13.045,13.7115,-0.6665,-36541.45,80000,Dominant,True,False,,0.03,0.035,21,False,SF-6D,False,1,True,False,Government
CEA0202,Cost-Benefit Analysis (CBA),2016,Sweden,Patient,Diabetes,Prevention,Hybrid,20,161333.87,143819.28,17514.59,14.4511,9.4321,5.019,3489.69,80000,Highly Cost-Effective,True,True,0.61,0.04,0.04,18,True,HUI,True,1,False,False,Mixed
CEA0203,Cost-Benefit Analysis (CBA),2020,France,Hospital,Neurology,Pharmaceutical,Hybrid,5,40769.6,60266.74,-19497.14,5.0108,4.3284,0.6824,-28571.61,80000,Dominant,True,False,,0.035,0.035,17,False,EQ-5D,True,2,True,False,Industry
CEA0204,Cost-Minimization Analysis (CMA),2015,UK,Patient,Vaccines,Digital Health,Markov,10,192407.24,58100.1,134307.14,13.8146,11.8477,1.9669,68284.12,50000,Marginally Cost-Effective,True,True,0.781,0.04,0.05,12,True,SF-6D,False,6,False,False,Independent
CEA0205,Cost-Effectiveness Analysis (CEA),2019,Netherlands,Patient,Oncology,Screening,Discrete Event Simulation,Lifetime,150233.57,69092.53,81141.03,4.9614,5.0231,-0.0617,-1315278.64,80000,Dominant,True,True,0.631,0.04,0.035,20,True,Expert Opinion,True,9,True,False,Independent
CEA0206,Budget Impact Analysis (BIA),2021,Australia,Government,Rheumatology,Prevention,Decision Tree,30,23445.72,23839.95,-394.23,14.7861,5.8005,8.9856,-43.87,80000,Dominant,True,True,0.491,0.05,0.05,21,True,SF-6D,False,9,False,False,Government
CEA0207,Cost-Effectiveness Analysis (CEA),2015,Japan,Healthcare payer,Infectious Disease,Surgical,Decision Tree,1,178034.63,105535.2,72499.43,3.7189,10.0449,-6.326,-11460.6,80000,Dominant,True,True,0.778,0.05,0.03,19,False,Literature,False,4,True,False,Industry
CEA0208,Cost-Effectiveness Analysis (CEA),2020,France,Patient,Rheumatology,Behavioral,Discrete Event Simulation,30,120176.73,57005.43,63171.3,13.987,12.453,1.534,41181.0,80000,Cost-Effective,True,True,0.645,0.035,0.05,21,True,Expert Opinion,True,6,False,True,Government
CEA0209,Cost-Benefit Analysis (CBA),2017,Australia,Government,Neurology,Prevention,Markov,20,182655.39,45062.82,137592.57,9.6622,11.9331,-2.271,-60587.34,80000,Dominant,True,False,,0.03,0.03,12,True,HUI,True,5,False,False,Government
CEA0210,Cost-Utility Analysis (CUA),2015,Spain,Hospital,Infectious Disease,Surgical,Decision Tree,30,5026.06,108402.37,-103376.31,13.5682,8.8223,4.7459,-21782.43,80000,Dominant,True,True,0.918,0.035,0.05,23,True,HUI,True,6,False,False,Industry
CEA0211,Cost-Utility Analysis (CUA),2017,Sweden,Healthcare payer,Neurology,Device,Markov,Lifetime,154003.53,12350.29,141653.24,10.8784,2.6669,8.2115,17250.61,80000,Highly Cost-Effective,True,True,0.672,0.04,0.05,13,True,Literature,False,0,True,False,Industry
CEA0212,Cost-Benefit Analysis (CBA),2021,Germany,Healthcare payer,Cardiology,Screening,Markov,30,10334.38,60612.87,-50278.49,6.0919,2.3678,3.7241,-13500.71,80000,Dominant,True,True,0.754,0.05,0.035,17,True,SF-6D,True,8,False,False,Government
CEA0213,Cost-Minimization Analysis (CMA),2019,Japan,Patient,Vaccines,Screening,Decision Tree,5,139573.02,141120.58,-1547.56,6.0061,10.3391,-4.333,357.16,80000,Highly Cost-Effective,True,True,0.694,0.04,0.035,21,True,Expert Opinion,True,5,False,False,Government
CEA0214,Cost-Utility Analysis (CUA),2018,Italy,Societal,Diabetes,Pharmaceutical,Decision Tree,Lifetime,3579.39,134413.54,-130834.15,11.1666,8.0251,3.1415,-41646.88,80000,Dominant,True,False,,0.03,0.035,18,True,SF-6D,False,5,True,False,Government
CEA0215,Cost-Minimization Analysis (CMA),2021,Germany,Government,Rare Diseases,Screening,Discrete Event Simulation,5,193947.71,111925.7,82022.01,8.8962,9.2061,-0.3099,-264648.45,80000,Dominant,True,False,,0.05,0.04,23,True,Literature,True,7,False,True,Government
CEA0216,Cost-Effectiveness Analysis (CEA),2023,South Korea,Patient,Mental Health,Device,Markov,Lifetime,47793.47,116837.83,-69044.37,6.5211,10.4942,-3.9731,17377.9,80000,Highly Cost-Effective,True,True,0.699,0.05,0.05,21,True,Literature,True,0,True,False,Industry
CEA0217,Budget Impact Analysis (BIA),2016,South Korea,Healthcare payer,Mental Health,Pharmaceutical,Decision Tree,30,197298.0,145223.68,52074.32,7.9778,10.2222,-2.2443,-23202.42,80000,Dominant,True,True,0.398,0.03,0.05,17,False,Literature,True,9,False,False,Government
CEA0218,Budget Impact Analysis (BIA),2024,Sweden,Patient,Rheumatology,Screening,Decision Tree,30,106713.29,20852.09,85861.2,10.9475,11.5071,-0.5595,-153449.93,80000,Dominant,True,False,,0.035,0.03,23,True,Expert Opinion,False,9,True,False,Government
CEA0219,Cost-Effectiveness Analysis (CEA),2021,France,Government,Vaccines,Screening,Discrete Event Simulation,10,123841.47,135053.53,-11212.06,12.4763,4.3265,8.1498,-1375.74,80000,Dominant,True,True,0.415,0.03,0.04,24,True,Expert Opinion,False,9,False,False,Government
CEA0220,Cost-Utility Analysis (CUA),2023,Germany,Patient,Rare Diseases,Surgical,Discrete Event Simulation,5,166795.69,82438.99,84356.7,13.2811,8.1743,5.1068,16518.5,80000,Highly Cost-Effective,True,True,0.352,0.04,0.035,14,False,SF-6D,False,5,False,False,Industry
CEA0221,Cost-Benefit Analysis (CBA),2015,USA,Hospital,Neurology,Device,Markov,Lifetime,93845.78,125533.31,-31687.53,13.4714,2.5911,10.8803,-2912.38,100000,Dominant,True,True,0.266,0.04,0.04,18,False,SF-6D,True,0,True,False,Government
CEA0222,Cost-Effectiveness Analysis (CEA),2021,Spain,Healthcare payer,Mental Health,Prevention,Decision Tree,Lifetime,105058.9,97654.96,7403.94,13.5173,6.6371,6.8802,1076.12,80000,Highly Cost-Effective,True,True,0.63,0.05,0.035,19,True,EQ-5D,True,9,False,False,Mixed
CEA0223,Cost-Utility Analysis (CUA),2017,UK,Societal,Mental Health,Digital Health,Discrete Event Simulation,1,74712.38,143573.96,-68861.58,12.5643,7.3053,5.259,-13094.09,50000,Dominant,True,True,0.537,0.04,0.03,23,True,HUI,False,1,True,False,Mixed
CEA0224,Cost-Utility Analysis (CUA),2022,USA,Patient,Mental Health,Surgical,Discrete Event Simulation,Lifetime,158341.15,77207.74,81133.41,9.435,4.374,5.061,16031.25,100000,Highly Cost-Effective,True,False,,0.05,0.03,17,False,Expert Opinion,True,3,True,False,Mixed
CEA0225,Budget Impact Analysis (BIA),2018,Italy,Societal,Infectious Disease,Device,Discrete Event Simulation,1,79683.1,5283.48,74399.62,9.0887,10.8489,-1.7602,-42267.69,80000,Dominant,False,True,0.161,0.035,0.05,16,True,Literature,False,3,True,False,Government
CEA0226,Cost-Minimization Analysis (CMA),2024,Netherlands,Patient,Neurology,Prevention,Discrete Event Simulation,5,193190.97,11570.17,181620.8,6.1741,4.4069,1.7671,102778.42,80000,Marginally Cost-Effective,True,True,0.901,0.035,0.035,22,False,Literature,False,4,False,False,Industry
CEA0227,Cost-Effectiveness Analysis (CEA),2021,USA,Hospital,Cardiology,Device,Discrete Event Simulation,20,146719.6,69374.5,77345.09,11.1226,8.4589,2.6638,29036.14,100000,Highly Cost-Effective,True,True,0.419,0.035,0.03,15,True,Expert Opinion,True,4,False,False,Government
CEA0228,Budget Impact Analysis (BIA),2020,Germany,Government,Respiratory,Screening,Decision Tree,10,102078.72,140225.82,-38147.1,12.979,13.9013,-0.9223,41360.61,80000,Cost-Effective,True,False,,0.035,0.03,22,True,EQ-5D,False,9,False,False,Independent
CEA0229,Cost-Utility Analysis (CUA),2020,South Korea,Healthcare payer,Diabetes,Prevention,Discrete Event Simulation,20,71369.99,15866.44,55503.54,9.5174,5.622,3.8954,14248.52,80000,Highly Cost-Effective,True,True,0.578,0.04,0.035,16,True,Expert Opinion,True,1,True,False,Independent
CEA0230,Cost-Effectiveness Analysis (CEA),2018,USA,Societal,Rare Diseases,Pharmaceutical,Markov,1,1288.0,53293.15,-52005.15,13.2943,2.3278,10.9664,-4742.21,100000,Dominant,True,True,0.747,0.035,0.04,14,True,HUI,False,8,True,False,Industry
CEA0231,Cost-Minimization Analysis (CMA),2022,Japan,Societal,Vaccines,Screening,Decision Tree,30,105928.62,53979.14,51949.48,3.0273,5.3351,-2.3078,-22509.96,80000,Dominant,True,True,0.636,0.04,0.035,12,True,HUI,True,8,False,False,Government
CEA0232,Cost-Minimization Analysis (CMA),2017,UK,Hospital,Mental Health,Digital Health,Markov,10,114223.66,84052.73,30170.94,4.4289,2.4132,2.0156,14968.35,50000,Highly Cost-Effective,True,True,0.612,0.035,0.04,17,True,SF-6D,False,4,False,True,Independent
CEA0233,Budget Impact Analysis (BIA),2022,Italy,Patient,Vaccines,Surgical,Decision Tree,10,62510.0,75781.05,-13271.04,9.7046,4.8812,4.8234,-2751.39,80000,Dominant,True,False,,0.03,0.035,20,True,SF-6D,False,9,False,False,Independent
CEA0234,Cost-Minimization Analysis (CMA),2024,Italy,Government,Rare Diseases,Behavioral,Discrete Event Simulation,30,185447.57,27582.31,157865.25,13.9497,2.6747,11.275,14001.39,80000,Highly Cost-Effective,True,True,0.883,0.035,0.03,21,False,HUI,False,3,False,False,Industry
CEA0235,Budget Impact Analysis (BIA),2018,Japan,Patient,Respiratory,Device,Hybrid,5,35181.35,2026.81,33154.55,13.3045,8.7218,4.5827,7234.73,80000,Highly Cost-Effective,True,True,0.553,0.03,0.03,23,True,SF-6D,True,5,False,True,Independent
CEA0236,Cost-Effectiveness Analysis (CEA),2022,Germany,Societal,Oncology,Digital Health,Discrete Event Simulation,20,145666.3,138529.48,7136.83,10.6474,13.4221,-2.7746,-2572.17,80000,Dominant,True,True,0.666,0.05,0.05,16,False,SF-6D,True,8,True,False,Government
CEA0237,Cost-Minimization Analysis (CMA),2020,Spain,Healthcare payer,Diabetes,Surgical,Discrete Event Simulation,30,187501.79,15046.63,172455.16,12.4751,6.376,6.0991,28275.37,80000,Highly Cost-Effective,True,False,,0.035,0.04,21,True,Expert Opinion,True,4,True,False,Government
CEA0238,Cost-Minimization Analysis (CMA),2019,South Korea,Societal,Diabetes,Behavioral,Discrete Event Simulation,5,24351.2,142906.96,-118555.76,8.4159,5.0773,3.3386,-35510.3,80000,Dominant,True,True,0.843,0.05,0.05,18,True,Literature,True,8,False,False,Industry
CEA0239,Budget Impact Analysis (BIA),2022,Germany,Government,Cardiology,Diagnostic,Decision Tree,30,168432.54,30362.83,138069.7,11.6549,7.3495,4.3054,32068.99,80000,Highly Cost-Effective,False,True,0.748,0.035,0.05,24,False,Expert Opinion,False,3,False,False,Industry
CEA0240,Cost-Minimization Analysis (CMA),2018,UK,Hospital,Neurology,Behavioral,Markov,1,2861.84,87787.41,-84925.57,13.4492,4.2357,9.2135,-9217.53,50000,Dominant,True,True,0.452,0.04,0.03,24,True,EQ-5D,True,8,True,False,Independent
CEA0241,Cost-Minimization Analysis (CMA),2020,Germany,Patient,Mental Health,Pharmaceutical,Decision Tree,30,22847.69,70229.39,-47381.7,9.6729,9.5785,0.0943,-502195.55,80000,Dominant,False,False,,0.04,0.035,20,True,HUI,True,6,False,False,Government
CEA0242,Budget Impact Analysis (BIA),2024,Germany,Government,Neurology,Behavioral,Hybrid,30,57405.73,15190.65,42215.08,8.7491,13.3556,-4.6065,-9164.32,80000,Dominant,True,True,0.704,0.05,0.05,21,True,HUI,True,2,False,True,Industry
CEA0243,Cost-Utility Analysis (CUA),2021,Canada,Societal,Mental Health,Screening,Hybrid,Lifetime,134091.97,33028.77,101063.2,11.7105,2.9747,8.7357,11568.97,80000,Highly Cost-Effective,True,True,0.627,0.035,0.04,16,False,EQ-5D,True,1,True,False,Industry
CEA0244,Cost-Benefit Analysis (CBA),2024,Australia,Government,Respiratory,Surgical,Discrete Event Simulation,10,94267.42,108693.81,-14426.39,13.1235,7.5837,5.5398,-2604.14,80000,Dominant,True,True,0.941,0.03,0.03,15,True,EQ-5D,True,5,False,False,Mixed
CEA0245,Cost-Minimization Analysis (CMA),2023,Germany,Healthcare payer,Vaccines,Device,Markov,1,144983.85,42753.62,102230.23,3.2702,3.941,-0.6708,-152405.42,80000,Dominant,True,False,,0.05,0.04,15,True,Literature,True,6,True,False,Industry
CEA0246,Cost-Effectiveness Analysis (CEA),2016,South Korea,Government,Rare Diseases,Behavioral,Decision Tree,5,189196.56,141858.76,47337.8,6.69,11.7199,-5.0298,-9411.43,80000,Dominant,True,False,,0.035,0.035,24,True,EQ-5D,True,6,True,False,Independent
CEA0247,Cost-Benefit Analysis (CBA),2020,France,Healthcare payer,Diabetes,Surgical,Discrete Event Simulation,5,147236.19,6384.61,140851.58,12.5778,11.3627,1.2151,115917.86,80000,Marginally Cost-Effective,True,True,0.604,0.035,0.05,17,False,Expert Opinion,False,6,True,False,Mixed
CEA0248,Cost-Minimization Analysis (CMA),2023,South Korea,Healthcare payer,Infectious Disease,Prevention,Discrete Event Simulation,Lifetime,30975.93,119398.4,-88422.47,3.9691,4.2729,-0.3038,291096.38,80000,Not Cost-Effective,True,False,,0.04,0.04,24,True,Literature,True,1,False,False,Industry
CEA0249,Cost-Minimization Analysis (CMA),2019,Germany,Societal,Neurology,Screening,Decision Tree,10,193622.72,105941.06,87681.65,6.092,5.3901,0.702,124907.45,80000,Not Cost-Effective,True,True,0.436,0.03,0.04,23,True,Literature,False,9,False,True,Industry
CEA0250,Cost-Effectiveness Analysis (CEA),2017,USA,Patient,Mental Health,Pharmaceutical,Discrete Event Simulation,10,123531.03,130658.22,-7127.19,8.4948,10.6915,-2.1967,3244.48,100000,Highly Cost-Effective,True,True,0.653,0.04,0.03,22,False,SF-6D,True,2,True,False,Industry
CEA0251,Cost-Minimization Analysis (CMA),2020,Japan,Healthcare payer,Vaccines,Digital Health,Markov,10,107955.01,96564.69,11390.32,14.5031,12.7976,1.7055,6678.62,80000,Highly Cost-Effective,True,False,,0.03,0.05,17,False,HUI,False,2,False,True,Industry
CEA0252,Cost-Benefit Analysis (CBA),2023,USA,Government,Neurology,Behavioral,Hybrid,10,35901.91,97591.04,-61689.13,12.094,4.9681,7.1259,-8657.06,100000,Dominant,True,True,0.884,0.04,0.05,18,True,SF-6D,True,2,False,False,Government
CEA0253,Cost-Utility Analysis (CUA),2022,Spain,Societal,Infectious Disease,Device,Hybrid,30,139883.91,7186.7,132697.21,7.6862,12.5746,-4.8884,-27145.18,80000,Dominant,True,True,0.298,0.035,0.05,19,True,HUI,False,5,False,False,Independent
CEA0254,Cost-Utility Analysis (CUA),2023,South Korea,Societal,Vaccines,Surgical,Discrete Event Simulation,Lifetime,7716.46,47223.18,-39506.72,4.9946,3.6643,1.3303,-29697.71,80000,Dominant,True,False,,0.04,0.03,20,True,EQ-5D,True,1,False,False,Mixed
CEA0255,Cost-Benefit Analysis (CBA),2022,Australia,Patient,Neurology,Screening,Hybrid,1,8945.32,8780.59,164.74,7.187,9.4496,-2.2627,-72.81,80000,Dominant,True,True,0.312,0.03,0.04,22,True,Literature,True,7,True,False,Mixed
CEA0256,Cost-Minimization Analysis (CMA),2021,Italy,Government,Diabetes,Digital Health,Hybrid,10,198642.07,113587.69,85054.38,11.1894,6.8639,4.3255,19663.49,80000,Highly Cost-Effective,True,True,0.532,0.035,0.05,17,True,Expert Opinion,False,3,False,False,Government
CEA0257,Cost-Utility Analysis (CUA),2018,UK,Healthcare payer,Rheumatology,Surgical,Markov,10,61963.07,133409.2,-71446.13,5.392,9.2017,-3.8097,18753.55,50000,Highly Cost-Effective,True,True,0.757,0.04,0.035,20,True,Literature,False,6,False,False,Industry
CEA0258,Cost-Minimization Analysis (CMA),2023,South Korea,Hospital,Rare Diseases,Diagnostic,Markov,20,43963.26,22114.25,21849.02,6.893,3.9624,2.9305,7455.67,80000,Highly Cost-Effective,True,True,0.816,0.035,0.035,18,True,SF-6D,False,6,False,False,Industry
CEA0259,Cost-Effectiveness Analysis (CEA),2024,Canada,Patient,Neurology,Pharmaceutical,Discrete Event Simulation,Lifetime,13228.14,33169.64,-19941.5,13.7178,3.4608,10.257,-1944.18,80000,Dominant,True,True,0.846,0.03,0.04,21,True,Expert Opinion,True,1,True,False,Industry
CEA0260,Cost-Benefit Analysis (CBA),2024,Italy,Government,Rare Diseases,Prevention,Markov,5,111020.5,38182.51,72837.99,4.3307,12.7851,-8.4544,-8615.38,80000,Dominant,True,True,0.873,0.03,0.04,15,False,Expert Opinion,True,5,True,False,Independent
CEA0261,Cost-Minimization Analysis (CMA),2016,Spain,Healthcare payer,Neurology,Diagnostic,Discrete Event Simulation,10,131072.26,31982.29,99089.96,6.906,2.254,4.652,21300.32,80000,Highly Cost-Effective,True,True,0.518,0.03,0.03,24,True,HUI,True,6,False,False,Government
CEA0262,Cost-Benefit Analysis (CBA),2019,South Korea,Hospital,Respiratory,Screening,Hybrid,30,11673.07,19342.69,-7669.61,10.3087,9.285,1.0237,-7491.88,80000,Dominant,True,True,0.521,0.04,0.05,23,False,Expert Opinion,True,4,True,False,Industry
CEA0263,Budget Impact Analysis (BIA),2020,South Korea,Patient,Vaccines,Screening,Discrete Event Simulation,30,109716.47,71474.97,38241.49,7.6114,4.3154,3.296,11602.47,80000,Highly Cost-Effective,True,False,,0.03,0.035,12,False,HUI,True,4,True,False,Government
CEA0264,Cost-Benefit Analysis (CBA),2022,USA,Patient,Mental Health,Prevention,Hybrid,20,88936.61,96486.96,-7550.35,9.01,12.8382,-3.8282,1972.28,100000,Highly Cost-Effective,True,True,0.841,0.03,0.035,14,True,SF-6D,False,5,False,False,Government
CEA0265,Budget Impact Analysis (BIA),2024,UK,Hospital,Respiratory,Digital Health,Markov,Lifetime,141525.9,39654.01,101871.89,9.0471,7.6001,1.447,70402.72,50000,Marginally Cost-Effective,True,False,,0.035,0.04,16,True,Literature,True,4,False,False,Mixed
CEA0266,Budget Impact Analysis (BIA),2017,Netherlands,Societal,Vaccines,Digital Health,Discrete Event Simulation,20,55359.45,8121.03,47238.42,7.4793,12.2676,-4.7882,-9865.57,80000,Dominant,True,False,,0.04,0.035,24,True,HUI,False,6,False,False,Industry
CEA0267,Budget Impact Analysis (BIA),2022,Japan,Hospital,Diabetes,Screening,Decision Tree,10,184528.0,35322.29,149205.71,14.9152,10.1551,4.7602,31344.52,80000,Highly Cost-Effective,True,False,,0.04,0.03,21,True,SF-6D,False,7,False,False,Industry
CEA0268,Cost-Minimization Analysis (CMA),2015,Italy,Hospital,Rheumatology,Device,Markov,30,8413.98,27616.47,-19202.48,5.7929,9.8641,-4.0712,4716.68,80000,Highly Cost-Effective,True,True,0.407,0.035,0.04,14,True,SF-6D,False,4,False,True,Industry
CEA0269,Cost-Minimization Analysis (CMA),2019,South Korea,Hospital,Oncology,Prevention,Discrete Event Simulation,20,194657.51,27593.63,167063.88,13.7416,8.6817,5.0599,33017.5,80000,Highly Cost-Effective,True,True,0.571,0.035,0.04,20,True,Literature,True,4,True,False,Industry
CEA0270,Cost-Effectiveness Analysis (CEA),2019,UK,Healthcare payer,Vaccines,Pharmaceutical,Hybrid,5,143377.12,123447.25,19929.87,12.1192,2.3397,9.7795,2037.93,50000,Highly Cost-Effective,True,True,0.249,0.03,0.03,21,True,Expert Opinion,True,9,False,True,Industry
CEA0271,Cost-Utility Analysis (CUA),2019,Germany,Hospital,Rheumatology,Surgical,Hybrid,Lifetime,146971.75,46819.92,100151.83,5.4093,11.6918,-6.2825,-15941.44,80000,Dominant,True,True,0.765,0.05,0.03,15,True,Literature,False,2,False,False,Industry
CEA0272,Cost-Effectiveness Analysis (CEA),2024,Germany,Societal,Vaccines,Screening,Discrete Event Simulation,20,54453.72,74428.34,-19974.63,11.3633,2.1426,9.2207,-2166.28,80000,Dominant,True,True,0.802,0.04,0.05,19,True,SF-6D,True,9,False,False,Industry
CEA0273,Cost-Benefit Analysis (CBA),2019,France,Societal,Cardiology,Device,Hybrid,Lifetime,16684.11,77384.39,-60700.27,12.1975,9.2018,2.9956,-20262.93,80000,Dominant,True,False,,0.03,0.05,18,True,EQ-5D,True,9,True,False,Government
CEA0274,Cost-Minimization Analysis (CMA),2017,South Korea,Patient,Vaccines,Digital Health,Markov,30,196057.31,10481.55,185575.76,7.7322,12.0217,-4.2894,-43263.31,80000,Dominant,True,True,0.765,0.035,0.04,16,True,HUI,False,7,True,False,Government
CEA0275,Cost-Utility Analysis (CUA),2023,Italy,Patient,Oncology,Behavioral,Discrete Event Simulation,20,106755.94,111613.97,-4858.03,3.162,12.8053,-9.6433,503.77,80000,Highly Cost-Effective,True,False,,0.05,0.04,24,False,Expert Opinion,True,2,False,True,Independent
CEA0276,Cost-Benefit Analysis (CBA),2019,South Korea,Government,Infectious Disease,Screening,Hybrid,20,192634.15,13329.27,179304.87,3.1006,8.5811,-5.4805,-32717.11,80000,Dominant,True,True,0.749,0.035,0.03,18,True,Expert Opinion,True,9,False,False,Industry
CEA0277,Cost-Utility Analysis (CUA),2017,Sweden,Government,Cardiology,Device,Discrete Event Simulation,Lifetime,172395.4,146429.64,25965.76,13.4578,6.844,6.6138,3925.98,80000,Highly Cost-Effective,True,True,0.645,0.05,0.04,23,True,HUI,True,0,True,False,Government
CEA0278,Cost-Benefit Analysis (CBA),2020,Canada,Patient,Vaccines,Behavioral,Markov,20,74495.68,61987.87,12507.81,14.0131,2.1576,11.8555,1055.02,80000,Highly Cost-Effective,True,False,,0.035,0.05,15,True,EQ-5D,True,0,False,True,Independent
CEA0279,Cost-Minimization Analysis (CMA),2015,Netherlands,Hospital,Cardiology,Surgical,Discrete Event Simulation,20,149666.48,44789.74,104876.74,5.9422,13.8633,-7.9212,-13240.06,80000,Dominant,True,False,,0.04,0.05,17,True,HUI,True,3,False,False,Government
CEA0280,Budget Impact Analysis (BIA),2015,UK,Hospital,Infectious Disease,Diagnostic,Discrete Event Simulation,1,156508.03,2694.55,153813.48,10.9259,2.0013,8.9246,17234.81,50000,Highly Cost-Effective,True,True,0.688,0.035,0.05,20,False,Expert Opinion,False,6,False,False,Industry
CEA0281,Cost-Effectiveness Analysis (CEA),2024,UK,Healthcare payer,Respiratory,Diagnostic,Decision Tree,1,122809.77,131483.58,-8673.81,9.3245,3.0784,6.246,-1388.69,50000,Dominant,True,False,,0.05,0.03,23,True,HUI,True,1,True,False,Industry
CEA0282,Cost-Minimization Analysis (CMA),2022,South Korea,Patient,Neurology,Digital Health,Markov,20,177618.28,26373.82,151244.46,6.954,11.6492,-4.6952,-32212.51,80000,Dominant,True,True,0.49,0.03,0.035,18,True,HUI,False,7,False,True,Government
CEA0283,Cost-Minimization Analysis (CMA),2023,Australia,Healthcare payer,Cardiology,Behavioral,Decision Tree,1,88426.77,146615.75,-58188.98,7.5548,10.8747,-3.3199,17527.54,80000,Highly Cost-Effective,True,True,0.668,0.05,0.035,13,True,Literature,True,0,True,False,Government
CEA0284,Cost-Effectiveness Analysis (CEA),2023,UK,Patient,Respiratory,Prevention,Markov,10,117187.6,17920.57,99267.03,10.3774,6.7735,3.6039,27544.38,50000,Cost-Effective,True,True,0.427,0.04,0.04,20,False,HUI,False,6,True,False,Mixed
CEA0285,Cost-Effectiveness Analysis (CEA),2020,Canada,Hospital,Respiratory,Prevention,Hybrid,10,26618.03,37553.59,-10935.56,9.9327,13.0247,-3.0921,3536.64,80000,Highly Cost-Effective,True,False,,0.04,0.05,19,True,Literature,True,8,True,True,Government
CEA0286,Cost-Minimization Analysis (CMA),2017,Japan,Government,Rare Diseases,Screening,Discrete Event Simulation,10,152065.13,130973.21,21091.92,6.376,3.1426,3.2334,6523.12,80000,Highly Cost-Effective,True,True,0.667,0.04,0.04,12,True,Literature,True,5,True,False,Government
CEA0287,Cost-Benefit Analysis (CBA),2017,Italy,Hospital,Mental Health,Diagnostic,Hybrid,5,31096.82,137298.47,-106201.65,9.9859,11.5423,-1.5564,68237.03,80000,Cost-Effective,True,True,0.489,0.035,0.035,14,True,HUI,True,6,False,False,Government
CEA0288,Budget Impact Analysis (BIA),2023,USA,Hospital,Vaccines,Device,Decision Tree,1,76504.38,63822.58,12681.8,6.5289,3.7791,2.7497,4612.02,100000,Highly Cost-Effective,True,False,,0.03,0.035,21,True,HUI,False,9,True,False,Industry
CEA0289,Budget Impact Analysis (BIA),2021,Italy,Patient,Diabetes,Pharmaceutical,Hybrid,5,15939.19,111006.96,-95067.77,5.122,11.6614,-6.5394,14537.62,80000,Highly Cost-Effective,True,True,0.624,0.035,0.04,12,False,HUI,True,9,True,False,Government
CEA0290,Cost-Effectiveness Analysis (CEA),2018,UK,Hospital,Neurology,Prevention,Decision Tree,Lifetime,128999.39,77843.4,51155.98,5.6444,11.1731,-5.5287,-9252.85,50000,Dominant,True,True,0.651,0.035,0.03,19,True,HUI,False,1,False,False,Government
CEA0291,Budget Impact Analysis (BIA),2019,Sweden,Societal,Respiratory,Diagnostic,Decision Tree,5,68826.62,99229.26,-30402.64,9.5886,5.3413,4.2472,-7158.21,80000,Dominant,True,True,0.608,0.03,0.05,24,False,HUI,False,4,True,False,Industry
CEA0292,Cost-Utility Analysis (CUA),2016,Australia,Societal,Vaccines,Prevention,Hybrid,30,116140.7,36385.02,79755.68,12.5685,11.2904,1.2781,62400.75,80000,Cost-Effective,True,True,0.305,0.04,0.04,16,False,Expert Opinion,True,6,True,False,Industry
CEA0293,Cost-Minimization Analysis (CMA),2018,Italy,Hospital,Cardiology,Pharmaceutical,Hybrid,5,133077.46,18185.68,114891.77,10.2222,13.8138,-3.5916,-31988.97,80000,Dominant,True,False,,0.035,0.03,13,True,Literature,False,7,False,False,Industry
CEA0294,Cost-Benefit Analysis (CBA),2016,Netherlands,Hospital,Rheumatology,Behavioral,Markov,1,104537.46,61686.27,42851.18,6.5398,2.6474,3.8924,11009.01,80000,Highly Cost-Effective,True,False,,0.03,0.035,16,True,Literature,False,8,False,False,Industry
CEA0295,Budget Impact Analysis (BIA),2018,Spain,Healthcare payer,Mental Health,Prevention,Hybrid,1,113282.08,58886.87,54395.21,10.5804,13.3684,-2.788,-19510.18,80000,Dominant,True,True,0.893,0.04,0.03,15,False,Expert Opinion,True,5,False,True,Industry
CEA0296,Cost-Benefit Analysis (CBA),2024,Italy,Patient,Infectious Disease,Screening,Hybrid,5,28856.03,93272.78,-64416.76,9.0666,5.5769,3.4897,-18458.92,80000,Dominant,True,True,0.472,0.04,0.04,14,True,EQ-5D,True,9,True,True,Government
CEA0297,Cost-Utility Analysis (CUA),2017,Sweden,Societal,Oncology,Device,Discrete Event Simulation,30,87435.95,81428.85,6007.11,13.6558,9.594,4.0619,1478.9,80000,Highly Cost-Effective,True,True,0.677,0.03,0.03,24,False,SF-6D,True,3,False,True,Industry
CEA0298,Budget Impact Analysis (BIA),2022,Netherlands,Government,Neurology,Prevention,Markov,30,90214.16,143214.47,-53000.32,4.774,12.2032,-7.4291,7134.11,80000,Highly Cost-Effective,True,False,,0.04,0.05,22,False,Expert Opinion,True,7,False,False,Mixed
CEA0299,Cost-Benefit Analysis (CBA),2020,Germany,Government,Rheumatology,Surgical,Markov,Lifetime,50219.57,78861.76,-28642.18,10.1514,6.3499,3.8015,-7534.47,80000,Dominant,True,True,0.655,0.03,0.03,17,True,Expert Opinion,False,7,False,False,Industry
CEA0300,Cost-Minimization Analysis (CMA),2018,Italy,Hospital,Cardiology,Behavioral,Hybrid,5,150195.12,34571.13,115623.99,10.7249,13.0688,-2.3439,-49329.45,80000,Dominant,True,True,0.746,0.03,0.04,13,True,Expert Opinion,True,1,True,False,Independent
CEA0301,Cost-Utility Analysis (CUA),2021,Japan,Societal,Neurology,Prevention,Markov,Lifetime,145459.47,79195.8,66263.67,11.0213,3.8868,7.1345,9287.78,80000,Highly Cost-Effective,True,True,0.545,0.05,0.05,15,True,HUI,True,1,False,False,Government
CEA0302,Cost-Effectiveness Analysis (CEA),2015,USA,Societal,Neurology,Screening,Discrete Event Simulation,1,55734.81,89012.87,-33278.06,3.308,4.9547,-1.6467,20209.3,100000,Highly Cost-Effective,True,True,0.822,0.035,0.04,21,False,EQ-5D,True,9,True,False,Independent
CEA0303,Cost-Effectiveness Analysis (CEA),2016,Australia,Societal,Respiratory,Screening,Decision Tree,20,94011.1,139198.95,-45187.85,12.232,11.9773,0.2547,-177439.87,80000,Dominant,True,False,,0.04,0.05,19,False,Expert Opinion,False,1,False,False,Mixed
CEA0304,Cost-Benefit Analysis (CBA),2015,Spain,Hospital,Rheumatology,Pharmaceutical,Discrete Event Simulation,5,91763.48,121369.32,-29605.84,12.3956,6.9745,5.4211,-5461.2,80000,Dominant,True,True,0.688,0.04,0.05,23,False,Expert Opinion,True,5,False,False,Industry
CEA0305,Cost-Minimization Analysis (CMA),2016,UK,Hospital,Diabetes,Diagnostic,Decision Tree,20,180382.23,16391.42,163990.81,13.7162,4.367,9.3491,17540.73,50000,Highly Cost-Effective,True,True,0.68,0.04,0.05,14,True,Literature,True,5,False,False,Government
CEA0306,Cost-Effectiveness Analysis (CEA),2018,France,Government,Infectious Disease,Diagnostic,Decision Tree,Lifetime,8797.57,79876.09,-71078.52,9.7838,2.9459,6.8378,-10394.89,80000,Dominant,True,True,0.377,0.05,0.05,17,True,Expert Opinion,True,6,False,True,Industry
CEA0307,Budget Impact Analysis (BIA),2015,UK,Hospital,Cardiology,Device,Markov,5,190455.94,99005.06,91450.89,3.0681,6.308,-3.2399,-28226.68,50000,Dominant,True,True,0.799,0.03,0.035,24,False,SF-6D,False,9,True,False,Independent
CEA0308,Cost-Benefit Analysis (CBA),2019,Australia,Patient,Mental Health,Diagnostic,Discrete Event Simulation,20,131778.12,63133.46,68644.67,8.7005,12.6909,-3.9905,-17202.16,80000,Dominant,True,True,0.616,0.03,0.05,12,True,SF-6D,True,7,False,False,Industry
CEA0309,Cost-Utility Analysis (CUA),2021,USA,Government,Infectious Disease,Behavioral,Markov,1,103461.1,13165.42,90295.69,10.3989,4.8991,5.4998,16417.87,100000,Highly Cost-Effective,True,True,0.752,0.03,0.04,20,True,Expert Opinion,False,2,False,False,Independent
CEA0310,Cost-Benefit Analysis (CBA),2023,Netherlands,Government,Vaccines,Surgical,Markov,Lifetime,48728.81,129309.65,-80580.84,10.5085,6.7844,3.724,-21638.01,80000,Dominant,True,True,0.453,0.05,0.04,13,True,EQ-5D,False,7,True,False,Industry
CEA0311,Cost-Benefit Analysis (CBA),2017,Japan,Societal,Neurology,Diagnostic,Discrete Event Simulation,5,148837.82,75106.7,73731.12,12.3555,7.4106,4.9448,14910.69,80000,Highly Cost-Effective,False,True,0.415,0.03,0.035,15,True,HUI,True,4,False,False,Government
CEA0312,Cost-Effectiveness Analysis (CEA),2021,Netherlands,Healthcare payer,Neurology,Prevention,Discrete Event Simulation,30,34348.91,55366.76,-21017.85,9.771,9.8814,-0.1104,190302.03,80000,Not Cost-Effective,True,True,0.452,0.04,0.03,16,True,HUI,True,4,False,False,Government
CEA0313,Budget Impact Analysis (BIA),2018,Spain,Patient,Rare Diseases,Digital Health,Decision Tree,1,72325.25,71180.76,1144.49,13.7451,2.2693,11.4758,99.73,80000,Highly Cost-Effective,True,True,0.66,0.05,0.03,21,False,SF-6D,False,9,False,False,Industry
CEA0314,Cost-Utility Analysis (CUA),2016,Australia,Government,Vaccines,Digital Health,Discrete Event Simulation,Lifetime,93276.58,44570.24,48706.34,11.351,7.303,4.0481,12031.93,80000,Highly Cost-Effective,True,True,0.944,0.03,0.035,14,True,SF-6D,True,6,True,False,Industry
CEA0315,Budget Impact Analysis (BIA),2015,Sweden,Healthcare payer,Vaccines,Behavioral,Discrete Event Simulation,30,159091.56,44735.33,114356.23,14.5546,13.8028,0.7518,152106.94,80000,Not Cost-Effective,True,False,,0.04,0.03,18,False,HUI,True,7,False,False,Industry
CEA0316,Cost-Utility Analysis (CUA),2016,Spain,Societal,Respiratory,Digital Health,Decision Tree,Lifetime,42755.38,53864.26,-11108.88,12.3907,9.7251,2.6656,-4167.49,80000,Dominant,True,True,0.503,0.04,0.03,15,True,SF-6D,True,7,True,False,Government
CEA0317,Cost-Utility Analysis (CUA),2015,Italy,Healthcare payer,Neurology,Device,Decision Tree,Lifetime,104397.11,66790.2,37606.91,5.6612,5.6232,0.038,989031.1,80000,Not Cost-Effective,True,True,0.47,0.035,0.05,20,True,SF-6D,True,0,False,False,Industry
CEA0318,Cost-Effectiveness Analysis (CEA),2018,USA,Patient,Respiratory,Surgical,Hybrid,5,66956.18,88016.14,-21059.96,7.0541,6.7154,0.3387,-62184.71,100000,Dominant,True,False,,0.04,0.05,14,False,Expert Opinion,False,4,False,False,Industry
CEA0319,Budget Impact Analysis (BIA),2021,Sweden,Societal,Diabetes,Pharmaceutical,Hybrid,10,102108.03,20514.62,81593.4,7.6246,4.1859,3.4387,23728.1,80000,Highly Cost-Effective,True,True,0.568,0.05,0.05,17,True,Literature,False,0,True,True,Independent
CEA0320,Cost-Benefit Analysis (CBA),2019,Netherlands,Societal,Diabetes,Pharmaceutical,Decision Tree,20,9935.16,16454.29,-6519.13,3.0029,10.3639,-7.361,885.63,80000,Highly Cost-Effective,True,True,0.775,0.04,0.03,17,True,EQ-5D,True,3,False,False,Industry
CEA0321,Cost-Minimization Analysis (CMA),2022,Germany,Healthcare payer,Infectious Disease,Digital Health,Discrete Event Simulation,30,118216.48,133478.43,-15261.95,3.6677,11.8805,-8.2128,1858.31,80000,Highly Cost-Effective,False,True,0.434,0.05,0.04,22,False,Expert Opinion,False,9,False,False,Government
CEA0322,Cost-Minimization Analysis (CMA),2017,Germany,Societal,Rheumatology,Surgical,Hybrid,10,66397.42,72233.12,-5835.7,13.4052,5.0247,8.3805,-696.34,80000,Dominant,True,False,,0.04,0.04,16,True,Literature,True,1,False,False,Mixed
CEA0323,Budget Impact Analysis (BIA),2020,Canada,Government,Infectious Disease,Pharmaceutical,Markov,20,126928.08,114633.24,12294.84,7.8059,6.8089,0.9969,12332.63,80000,Highly Cost-Effective,True,True,0.655,0.03,0.035,12,True,SF-6D,False,3,True,True,Industry
CEA0324,Cost-Utility Analysis (CUA),2015,Sweden,Healthcare payer,Vaccines,Surgical,Discrete Event Simulation,10,193456.55,43652.95,149803.6,5.5611,8.4345,-2.8734,-52134.68,80000,Dominant,True,True,0.813,0.05,0.04,14,False,EQ-5D,True,7,True,False,Government
CEA0325,Cost-Utility Analysis (CUA),2016,France,Healthcare payer,Rheumatology,Device,Hybrid,Lifetime,98620.11,142431.67,-43811.56,11.7767,10.8665,0.9103,-48131.35,80000,Dominant,True,True,0.465,0.04,0.05,22,True,Expert Opinion,False,3,True,True,Independent
CEA0326,Budget Impact Analysis (BIA),2020,Netherlands,Government,Infectious Disease,Prevention,Markov,Lifetime,143964.82,111386.99,32577.83,6.3501,2.8849,3.4652,9401.33,80000,Highly Cost-Effective,True,False,,0.035,0.04,17,True,EQ-5D,True,8,False,False,Government
CEA0327,Cost-Effectiveness Analysis (CEA),2016,Sweden,Societal,Rheumatology,Digital Health,Decision Tree,10,162425.5,98370.72,64054.78,10.6478,2.2095,8.4383,7590.93,80000,Highly Cost-Effective,True,False,,0.05,0.05,16,False,EQ-5D,False,8,False,True,Industry
CEA0328,Cost-Effectiveness Analysis (CEA),2016,Germany,Patient,Neurology,Screening,Hybrid,30,124974.09,124048.09,926.0,9.038,3.2299,5.8081,159.43,80000,Highly Cost-Effective,True,True,0.373,0.04,0.03,13,True,HUI,False,5,False,False,Independent
CEA0329,Cost-Minimization Analysis (CMA),2023,Sweden,Patient,Infectious Disease,Pharmaceutical,Discrete Event Simulation,Lifetime,69879.1,12287.55,57591.55,6.1858,10.1937,-4.0079,-14369.38,80000,Dominant,True,True,0.398,0.04,0.05,23,False,Literature,True,5,False,False,Industry
CEA0330,Cost-Minimization Analysis (CMA),2015,UK,Government,Respiratory,Pharmaceutical,Markov,20,165401.59,149763.34,15638.26,9.9412,2.7057,7.2355,2161.33,50000,Highly Cost-Effective,True,True,0.36,0.035,0.035,24,False,HUI,False,2,False,False,Independent
CEA0331,Cost-Benefit Analysis (CBA),2024,Sweden,Hospital,Respiratory,Surgical,Discrete Event Simulation,10,55780.31,35313.61,20466.7,6.6403,12.4896,-5.8493,-3499.02,80000,Dominant,True,True,0.463,0.03,0.03,22,False,EQ-5D,True,3,False,False,Industry
CEA0332,Cost-Utility Analysis (CUA),2018,Italy,Hospital,Cardiology,Digital Health,Discrete Event Simulation,5,15715.51,120663.61,-104948.1,14.9678,2.7356,12.2322,-8579.67,80000,Dominant,True,True,0.715,0.04,0.05,16,True,Expert Opinion,False,8,False,True,Government
CEA0333,Cost-Benefit Analysis (CBA),2015,USA,Healthcare payer,Respiratory,Digital Health,Decision Tree,30,134649.63,120620.17,14029.46,4.4658,12.0418,-7.576,-1851.82,100000,Dominant,True,True,0.916,0.05,0.05,21,True,HUI,True,8,True,False,Government
CEA0334,Cost-Effectiveness Analysis (CEA),2018,Italy,Healthcare payer,Cardiology,Prevention,Decision Tree,10,131936.51,134627.65,-2691.14,12.3882,7.544,4.8442,-555.53,80000,Dominant,False,False,,0.05,0.05,20,True,SF-6D,False,8,True,True,Industry
CEA0335,Budget Impact Analysis (BIA),2018,Netherlands,Hospital,Vaccines,Diagnostic,Hybrid,30,170997.83,13563.32,157434.51,4.301,9.6874,-5.3864,-29228.33,80000,Dominant,False,True,0.579,0.05,0.04,13,False,Literature,True,3,False,False,Industry
CEA0336,Cost-Benefit Analysis (CBA),2024,Australia,Government,Infectious Disease,Pharmaceutical,Markov,30,194047.8,144066.52,49981.28,5.6533,4.711,0.9423,53042.74,80000,Cost-Effective,True,True,0.892,0.04,0.035,22,True,HUI,False,3,True,False,Government
CEA0337,Cost-Utility Analysis (CUA),2015,Japan,Healthcare payer,Oncology,Diagnostic,Discrete Event Simulation,10,61250.38,20237.54,41012.84,12.8342,6.5902,6.244,6568.33,80000,Highly Cost-Effective,True,True,0.902,0.035,0.05,17,True,EQ-5D,True,9,False,True,Industry
CEA0338,Cost-Utility Analysis (CUA),2019,Italy,Hospital,Oncology,Device,Discrete Event Simulation,5,15115.56,91719.38,-76603.82,4.2264,5.4098,-1.1833,64735.6,80000,Cost-Effective,True,True,0.554,0.05,0.03,19,False,EQ-5D,False,1,True,True,Industry
CEA0339,Cost-Utility Analysis (CUA),2018,Germany,Patient,Mental Health,Digital Health,Hybrid,10,9480.04,91663.99,-82183.95,9.281,11.4012,-2.1203,38761.26,80000,Highly Cost-Effective,True,False,,0.04,0.04,24,True,Literature,True,9,False,True,Industry
CEA0340,Cost-Utility Analysis (CUA),2017,Australia,Societal,Infectious Disease,Digital Health,Discrete Event Simulation,10,130372.01,20941.26,109430.75,11.1312,2.7083,8.4229,12992.12,80000,Highly Cost-Effective,True,False,,0.03,0.035,20,True,SF-6D,False,4,False,False,Industry
CEA0341,Cost-Utility Analysis (CUA),2016,Australia,Societal,Respiratory,Surgical,Markov,1,197625.79,138997.46,58628.34,14.3371,9.3879,4.9493,11845.82,80000,Highly Cost-Effective,True,True,0.461,0.04,0.04,18,True,Literature,True,9,False,False,Industry
CEA0342,Cost-Effectiveness Analysis (CEA),2016,Japan,Societal,Rheumatology,Diagnostic,Discrete Event Simulation,1,115836.67,1299.28,114537.4,11.5567,6.9714,4.5853,24979.44,80000,Highly Cost-Effective,True,False,,0.05,0.03,15,True,HUI,True,5,False,False,Industry
CEA0343,Budget Impact Analysis (BIA),2021,Italy,Patient,Rheumatology,Screening,Hybrid,30,25597.02,97339.57,-71742.55,9.6855,6.5753,3.1102,-23067.18,80000,Dominant,True,True,0.727,0.03,0.03,18,True,Expert Opinion,False,0,True,False,Government
CEA0344,Cost-Benefit Analysis (CBA),2015,Netherlands,Government,Oncology,Digital Health,Hybrid,Lifetime,44371.61,88327.56,-43955.95,7.1505,9.6718,-2.5212,17434.31,80000,Highly Cost-Effective,True,True,0.516,0.035,0.03,24,True,EQ-5D,False,2,True,False,Government
CEA0345,Budget Impact Analysis (BIA),2023,Japan,Societal,Respiratory,Screening,Hybrid,5,105107.43,4986.57,100120.86,6.6516,6.1522,0.4994,200500.15,80000,Not Cost-Effective,True,True,0.61,0.03,0.04,19,True,EQ-5D,False,3,False,False,Industry
CEA0346,Cost-Minimization Analysis (CMA),2024,UK,Government,Rheumatology,Diagnostic,Markov,5,55746.58,60478.2,-4731.62,14.2791,5.0053,9.2737,-510.22,50000,Dominant,True,True,0.676,0.03,0.05,14,True,EQ-5D,True,5,True,False,Industry
CEA0347,Budget Impact Analysis (BIA),2020,Japan,Patient,Rheumatology,Screening,Decision Tree,5,172990.68,149194.42,23796.26,5.1913,5.6571,-0.4658,-51086.34,80000,Dominant,True,True,0.533,0.05,0.035,22,True,HUI,True,9,False,True,Government
CEA0348,Cost-Effectiveness Analysis (CEA),2024,South Korea,Patient,Diabetes,Prevention,Hybrid,30,158548.6,122493.62,36054.98,6.7146,7.0815,-0.3669,-98270.94,80000,Dominant,True,True,0.817,0.05,0.03,22,True,HUI,False,3,True,True,Industry
CEA0349,Cost-Minimization Analysis (CMA),2020,Italy,Patient,Cardiology,Surgical,Hybrid,10,131954.35,33975.56,97978.79,5.6365,4.1102,1.5263,64194.54,80000,Cost-Effective,True,True,0.476,0.035,0.04,22,False,HUI,False,6,True,True,Mixed
CEA0350,Cost-Benefit Analysis (CBA),2024,Spain,Hospital,Respiratory,Behavioral,Hybrid,20,27291.01,35966.22,-8675.21,10.713,2.6225,8.0905,-1072.28,80000,Dominant,True,True,0.822,0.035,0.035,19,True,Expert Opinion,True,7,False,False,Industry
CEA0351,Budget Impact Analysis (BIA),2019,Netherlands,Healthcare payer,Cardiology,Prevention,Markov,5,180223.5,52889.13,127334.37,3.3541,2.2953,1.0589,120254.68,80000,Not Cost-Effective,True,True,0.394,0.035,0.05,12,True,EQ-5D,False,1,False,False,Industry
CEA0352,Budget Impact Analysis (BIA),2017,Sweden,Government,Diabetes,Screening,Discrete Event Simulation,5,199854.26,100987.23,98867.02,9.128,13.4581,-4.3301,-22832.64,80000,Dominant,True,True,0.444,0.035,0.04,22,True,Expert Opinion,False,9,True,False,Industry
CEA0353,Cost-Benefit Analysis (CBA),2017,Germany,Hospital,Vaccines,Diagnostic,Decision Tree,Lifetime,57051.15,34554.88,22496.28,13.1869,13.0843,0.1026,219293.59,80000,Not Cost-Effective,True,True,0.461,0.04,0.03,14,True,SF-6D,True,1,True,False,Government
CEA0354,Cost-Minimization Analysis (CMA),2020,Netherlands,Hospital,Rare Diseases,Diagnostic,Discrete Event Simulation,5,66859.63,5059.66,61799.97,12.9357,7.8981,5.0376,12267.86,80000,Highly Cost-Effective,True,True,0.596,0.05,0.035,23,False,SF-6D,True,6,False,True,Government
CEA0355,Budget Impact Analysis (BIA),2017,Japan,Government,Cardiology,Behavioral,Markov,Lifetime,136719.45,104958.74,31760.71,8.5258,7.2181,1.3077,24287.26,80000,Highly Cost-Effective,True,True,0.562,0.04,0.03,18,False,HUI,False,9,False,True,Industry
CEA0356,Cost-Effectiveness Analysis (CEA),2020,Germany,Hospital,Cardiology,Device,Decision Tree,1,59480.34,3439.56,56040.78,8.6749,11.2231,-2.5482,-21992.64,80000,Dominant,True,False,,0.04,0.03,24,False,SF-6D,True,4,True,True,Industry
CEA0357,Cost-Utility Analysis (CUA),2017,Germany,Hospital,Diabetes,Behavioral,Hybrid,1,185173.45,109221.84,75951.61,13.8034,11.2398,2.5636,29627.35,80000,Highly Cost-Effective,True,True,0.478,0.035,0.035,22,True,SF-6D,True,7,True,False,Industry
CEA0358,Cost-Benefit Analysis (CBA),2024,Australia,Societal,Vaccines,Device,Decision Tree,Lifetime,131717.53,117376.76,14340.77,10.271,2.8509,7.4201,1932.69,80000,Highly Cost-Effective,True,True,0.33,0.03,0.05,18,False,Expert Opinion,True,0,False,True,Industry
CEA0359,Cost-Effectiveness Analysis (CEA),2019,Spain,Patient,Respiratory,Behavioral,Markov,Lifetime,76455.13,148461.39,-72006.26,14.6024,4.2762,10.3262,-6973.17,80000,Dominant,True,True,0.828,0.03,0.03,22,True,Expert Opinion,False,7,False,False,Industry
CEA0360,Cost-Effectiveness Analysis (CEA),2017,South Korea,Societal,Infectious Disease,Behavioral,Decision Tree,Lifetime,149586.37,22328.55,127257.82,13.7396,3.8311,9.9085,12843.35,80000,Highly Cost-Effective,True,True,0.902,0.035,0.035,15,True,SF-6D,False,5,False,False,Industry
CEA0361,Cost-Minimization Analysis (CMA),2016,Germany,Government,Oncology,Surgical,Decision Tree,10,154483.25,7144.3,147338.95,13.7412,12.6714,1.0698,137722.93,80000,Not Cost-Effective,True,True,0.512,0.03,0.05,19,False,Expert Opinion,True,8,True,True,Government
CEA0362,Cost-Minimization Analysis (CMA),2021,Australia,Societal,Rheumatology,Surgical,Discrete Event Simulation,30,146418.64,41114.19,105304.45,8.9624,2.3335,6.6289,15885.77,80000,Highly Cost-Effective,True,True,0.435,0.03,0.05,20,True,SF-6D,False,0,False,False,Independent
CEA0363,Cost-Utility Analysis (CUA),2024,South Korea,Patient,Infectious Disease,Screening,Discrete Event Simulation,Lifetime,142879.08,133867.58,9011.5,6.9825,12.3272,-5.3447,-1686.07,80000,Dominant,True,True,0.394,0.03,0.035,21,True,EQ-5D,False,6,True,False,Government
CEA0364,Budget Impact Analysis (BIA),2019,Sweden,Societal,Neurology,Diagnostic,Decision Tree,30,162237.65,42789.31,119448.34,3.4139,3.3192,0.0947,1261843.17,80000,Not Cost-Effective,True,True,0.634,0.035,0.03,23,False,HUI,True,9,False,True,Independent
CEA0365,Budget Impact Analysis (BIA),2017,South Korea,Government,Infectious Disease,Diagnostic,Markov,Lifetime,169284.93,147004.57,22280.36,6.3738,11.6106,-5.2368,-4254.59,80000,Dominant,True,True,0.402,0.05,0.035,23,True,HUI,True,4,False,False,Government
CEA0366,Cost-Effectiveness Analysis (CEA),2023,UK,Healthcare payer,Vaccines,Screening,Discrete Event Simulation,Lifetime,57782.36,28769.18,29013.18,5.0038,10.7417,-5.7379,-5056.42,50000,Dominant,True,True,0.868,0.05,0.04,18,False,EQ-5D,False,3,True,False,Industry
CEA0367,Cost-Effectiveness Analysis (CEA),2015,Japan,Hospital,Neurology,Diagnostic,Discrete Event Simulation,10,181221.34,76855.72,104365.62,6.6605,8.1345,-1.474,-70806.12,80000,Dominant,True,True,0.469,0.05,0.03,13,True,HUI,False,3,False,True,Independent
CEA0368,Cost-Minimization Analysis (CMA),2024,Australia,Hospital,Respiratory,Digital Health,Decision Tree,1,172012.96,18735.18,153277.78,4.8712,8.528,-3.6569,-41915.2,80000,Dominant,True,True,0.25,0.04,0.05,17,True,Expert Opinion,False,9,True,False,Industry
CEA0369,Cost-Utility Analysis (CUA),2023,Canada,Societal,Diabetes,Surgical,Markov,5,54386.44,140139.55,-85753.11,11.1849,9.9834,1.2015,-71369.03,80000,Dominant,True,False,,0.035,0.035,17,True,Expert Opinion,True,2,True,False,Government
CEA0370,Cost-Utility Analysis (CUA),2024,France,Government,Infectious Disease,Pharmaceutical,Hybrid,20,22004.28,8001.04,14003.24,3.2746,7.174,-3.8994,-3591.13,80000,Dominant,True,True,0.543,0.04,0.03,19,False,SF-6D,False,0,False,False,Industry
CEA0371,Cost-Minimization Analysis (CMA),2021,Sweden,Hospital,Oncology,Screening,Decision Tree,10,151581.9,130544.17,21037.73,5.0871,2.3437,2.7434,7668.48,80000,Highly Cost-Effective,True,False,,0.04,0.035,24,True,Literature,True,1,False,True,Government
CEA0372,Cost-Minimization Analysis (CMA),2016,UK,Patient,Mental Health,Behavioral,Markov,10,180692.95,19597.6,161095.35,5.4522,6.8966,-1.4443,-111535.76,50000,Dominant,True,True,0.791,0.04,0.05,20,False,SF-6D,True,9,True,False,Mixed
CEA0373,Cost-Effectiveness Analysis (CEA),2023,Japan,Healthcare payer,Infectious Disease,Device,Markov,30,163494.45,40212.98,123281.47,3.1295,3.858,-0.7285,-169223.23,80000,Dominant,False,True,0.634,0.03,0.035,14,True,Literature,True,0,False,False,Mixed
CEA0374,Cost-Utility Analysis (CUA),2020,France,Societal,Infectious Disease,Surgical,Decision Tree,Lifetime,143089.44,29251.22,113838.22,13.0634,5.1736,7.8898,14428.51,80000,Highly Cost-Effective,True,False,,0.04,0.035,22,True,SF-6D,True,2,False,True,Industry
CEA0375,Cost-Effectiveness Analysis (CEA),2015,Australia,Societal,Neurology,Diagnostic,Decision Tree,Lifetime,168224.55,39035.1,129189.45,14.4941,6.9992,7.4949,17236.9,80000,Highly Cost-Effective,True,True,0.885,0.03,0.05,16,False,SF-6D,False,9,True,False,Industry
CEA0376,Budget Impact Analysis (BIA),2018,Netherlands,Healthcare payer,Rheumatology,Behavioral,Discrete Event Simulation,20,40457.94,60546.06,-20088.12,10.4904,5.7906,4.6998,-4274.28,80000,Dominant,True,True,0.589,0.035,0.05,21,True,SF-6D,False,4,False,False,Government
CEA0377,Cost-Minimization Analysis (CMA),2016,UK,Patient,Infectious Disease,Screening,Markov,1,128416.73,100770.46,27646.28,11.7107,11.7092,0.0015,,50000,Inconclusive,True,True,0.799,0.05,0.035,24,True,SF-6D,True,6,False,False,Government
CEA0378,Cost-Minimization Analysis (CMA),2015,UK,Societal,Diabetes,Diagnostic,Markov,Lifetime,76641.68,10138.65,66503.03,14.8557,9.4857,5.37,12384.24,50000,Highly Cost-Effective,True,True,0.59,0.03,0.035,13,True,SF-6D,True,3,False,False,Industry
CEA0379,Cost-Effectiveness Analysis (CEA),2023,Germany,Healthcare payer,Diabetes,Diagnostic,Decision Tree,Lifetime,161890.17,147339.22,14550.95,5.2729,5.5255,-0.2526,-57594.24,80000,Dominant,True,False,,0.05,0.05,15,True,HUI,False,8,True,True,Industry
CEA0380,Cost-Minimization Analysis (CMA),2018,South Korea,Hospital,Infectious Disease,Screening,Hybrid,5,156552.86,56747.89,99804.97,8.1929,6.3395,1.8534,53849.66,80000,Cost-Effective,True,True,0.789,0.04,0.03,22,True,HUI,False,7,False,True,Mixed
CEA0381,Cost-Minimization Analysis (CMA),2018,Australia,Societal,Cardiology,Screening,Markov,Lifetime,176261.06,44750.58,131510.48,4.0365,3.0438,0.9926,132485.08,80000,Not Cost-Effective,True,False,,0.05,0.05,14,True,SF-6D,True,5,True,False,Industry
CEA0382,Cost-Effectiveness Analysis (CEA),2024,Spain,Healthcare payer,Mental Health,Behavioral,Discrete Event Simulation,20,49841.7,130587.19,-80745.49,10.8149,9.7123,1.1025,-73236.35,80000,Dominant,True,True,0.356,0.035,0.05,15,True,Expert Opinion,True,6,True,False,Industry
CEA0383,Budget Impact Analysis (BIA),2021,Italy,Government,Cardiology,Screening,Decision Tree,10,115091.83,144826.72,-29734.89,4.2393,7.5221,-3.2828,9057.86,80000,Highly Cost-Effective,True,True,0.628,0.05,0.05,14,False,EQ-5D,True,8,True,True,Government
CEA0384,Cost-Minimization Analysis (CMA),2017,Spain,Patient,Vaccines,Device,Decision Tree,1,17762.33,70634.37,-52872.04,8.2232,6.038,2.1851,-24196.33,80000,Dominant,True,True,0.746,0.03,0.035,12,False,Expert Opinion,False,5,False,False,Industry
CEA0385,Cost-Effectiveness Analysis (CEA),2023,France,Healthcare payer,Infectious Disease,Digital Health,Discrete Event Simulation,20,26761.96,49935.21,-23173.25,6.797,11.6198,-4.8228,4804.96,80000,Highly Cost-Effective,True,True,0.944,0.05,0.03,23,True,Literature,False,4,True,False,Government
CEA0386,Cost-Benefit Analysis (CBA),2019,France,Societal,Oncology,Device,Hybrid,Lifetime,189422.25,127138.85,62283.41,10.1096,6.8151,3.2945,18905.35,80000,Highly Cost-Effective,True,True,0.746,0.04,0.05,19,True,HUI,False,1,False,True,Industry
CEA0387,Cost-Effectiveness Analysis (CEA),2018,Australia,Healthcare payer,Oncology,Prevention,Discrete Event Simulation,5,151473.65,47471.65,104002.0,14.7446,11.1023,3.6423,28553.72,80000,Highly Cost-Effective,True,True,0.723,0.04,0.035,15,True,Literature,True,6,False,False,Industry
CEA0388,Budget Impact Analysis (BIA),2017,Canada,Healthcare payer,Cardiology,Prevention,Decision Tree,5,162218.76,124746.45,37472.31,3.6528,10.5433,-6.8905,-5438.26,80000,Dominant,True,True,0.312,0.03,0.035,14,False,EQ-5D,False,2,True,False,Government
CEA0389,Cost-Effectiveness Analysis (CEA),2017,South Korea,Government,Mental Health,Device,Hybrid,20,122710.2,56223.35,66486.86,3.4873,4.789,-1.3018,-51074.45,80000,Dominant,True,False,,0.04,0.05,13,True,Expert Opinion,True,7,False,False,Government
CEA0390,Budget Impact Analysis (BIA),2022,Sweden,Patient,Infectious Disease,Device,Markov,30,188778.21,118056.64,70721.57,5.4115,9.6473,-4.2358,-16696.23,80000,Dominant,True,True,0.713,0.04,0.03,18,True,Literature,False,7,True,True,Government
CEA0391,Cost-Effectiveness Analysis (CEA),2022,Netherlands,Patient,Respiratory,Device,Decision Tree,10,177441.06,12487.1,164953.96,14.3444,2.9235,11.4209,14443.17,80000,Highly Cost-Effective,False,True,0.586,0.03,0.03,12,True,Expert Opinion,False,8,False,True,Government
CEA0392,Budget Impact Analysis (BIA),2022,Netherlands,Patient,Oncology,Diagnostic,Hybrid,Lifetime,86066.16,126100.66,-40034.49,9.3691,11.1783,-1.8091,22129.01,80000,Highly Cost-Effective,True,True,0.705,0.03,0.03,17,False,HUI,False,8,False,False,Industry
CEA0393,Cost-Utility Analysis (CUA),2016,UK,Patient,Oncology,Diagnostic,Markov,1,146240.8,97912.2,48328.6,3.6876,2.2691,1.4184,34071.97,50000,Cost-Effective,True,True,0.874,0.035,0.05,23,True,Literature,True,6,False,False,Industry
CEA0394,Cost-Minimization Analysis (CMA),2018,Netherlands,Societal,Rare Diseases,Pharmaceutical,Discrete Event Simulation,Lifetime,26037.68,56948.38,-30910.7,9.4912,2.873,6.6182,-4670.55,80000,Dominant,True,False,,0.05,0.035,15,True,SF-6D,False,0,False,False,Government
CEA0395,Budget Impact Analysis (BIA),2019,France,Hospital,Infectious Disease,Pharmaceutical,Markov,10,16580.26,83917.54,-67337.28,5.2021,10.2026,-5.0005,13466.15,80000,Highly Cost-Effective,True,False,,0.035,0.05,13,True,SF-6D,False,6,False,False,Industry
CEA0396,Cost-Effectiveness Analysis (CEA),2018,France,Hospital,Diabetes,Screening,Discrete Event Simulation,Lifetime,70968.49,44071.49,26897.0,11.0222,11.9376,-0.9154,-29383.36,80000,Dominant,True,True,0.828,0.035,0.035,19,True,Expert Opinion,True,2,True,False,Industry
CEA0397,Budget Impact Analysis (BIA),2019,South Korea,Healthcare payer,Rare Diseases,Screening,Decision Tree,5,158476.76,50301.79,108174.97,5.1672,5.3544,-0.1872,-577887.92,80000,Dominant,True,True,0.832,0.03,0.04,19,False,Expert Opinion,True,1,False,False,Government
CEA0398,Cost-Benefit Analysis (CBA),2023,Netherlands,Societal,Oncology,Surgical,Decision Tree,20,184001.77,53859.15,130142.62,11.3417,9.784,1.5577,83549.54,80000,Marginally Cost-Effective,True,True,0.606,0.03,0.035,24,True,HUI,False,2,False,False,Mixed
CEA0399,Cost-Effectiveness Analysis (CEA),2019,Australia,Government,Infectious Disease,Screening,Markov,30,168347.46,112080.96,56266.51,6.3591,9.6778,-3.3187,-16954.22,80000,Dominant,True,True,0.587,0.04,0.04,15,True,SF-6D,False,4,True,True,Government
CEA0400,Cost-Minimization Analysis (CMA),2021,Japan,Healthcare payer,Mental Health,Device,Discrete Event Simulation,20,145750.22,64181.89,81568.33,3.0187,10.8172,-7.7985,-10459.5,80000,Dominant,True,True,0.639,0.05,0.04,15,True,Expert Opinion,True,2,True,False,Industry
CEA0401,Budget Impact Analysis (BIA),2024,Spain,Societal,Cardiology,Pharmaceutical,Discrete Event Simulation,5,131795.9,146557.86,-14761.95,3.6869,7.1135,-3.4266,4308.1,80000,Highly Cost-Effective,True,True,0.463,0.03,0.04,13,False,SF-6D,False,7,False,False,Government
CEA0402,Cost-Minimization Analysis (CMA),2023,France,Patient,Vaccines,Prevention,Discrete Event Simulation,20,175445.58,126206.32,49239.26,12.4323,2.1655,10.2669,4795.95,80000,Highly Cost-Effective,True,True,0.714,0.03,0.03,22,True,HUI,True,6,False,False,Independent
CEA0403,Budget Impact Analysis (BIA),2023,South Korea,Societal,Respiratory,Prevention,Markov,30,135072.57,26055.2,109017.37,5.1804,3.3231,1.8573,58696.2,80000,Cost-Effective,True,True,0.539,0.03,0.05,23,True,HUI,True,8,True,False,Independent
CEA0404,Cost-Minimization Analysis (CMA),2022,Australia,Healthcare payer,Rheumatology,Pharmaceutical,Discrete Event Simulation,20,192098.56,62303.19,129795.38,11.7277,4.2086,7.5192,17261.95,80000,Highly Cost-Effective,True,True,0.568,0.05,0.05,17,True,EQ-5D,False,5,False,False,Government
CEA0405,Cost-Utility Analysis (CUA),2015,Spain,Government,Mental Health,Device,Discrete Event Simulation,Lifetime,47508.02,38299.42,9208.59,11.6469,11.5212,0.1257,73245.2,80000,Cost-Effective,True,False,,0.05,0.03,24,True,HUI,False,6,False,False,Mixed
CEA0406,Cost-Minimization Analysis (CMA),2017,UK,Hospital,Rheumatology,Digital Health,Markov,Lifetime,126944.29,122625.96,4318.34,3.3442,2.9376,0.4067,10619.18,50000,Highly Cost-Effective,True,True,0.649,0.03,0.035,24,True,Literature,False,8,False,True,Industry
CEA0407,Budget Impact Analysis (BIA),2020,Japan,Patient,Rheumatology,Digital Health,Hybrid,30,7082.11,128997.49,-121915.38,7.62,13.6982,-6.0782,20057.84,80000,Highly Cost-Effective,True,False,,0.04,0.03,23,True,HUI,False,5,False,True,Industry
CEA0408,Cost-Utility Analysis (CUA),2022,Netherlands,Hospital,Vaccines,Digital Health,Discrete Event Simulation,30,193249.27,34434.43,158814.83,3.8891,7.1194,-3.2303,-49164.27,80000,Dominant,True,True,0.931,0.03,0.05,21,True,EQ-5D,False,7,False,False,Industry
CEA0409,Budget Impact Analysis (BIA),2017,USA,Hospital,Mental Health,Prevention,Decision Tree,10,156232.49,98258.68,57973.8,8.1191,13.6928,-5.5737,-10401.3,100000,Dominant,True,True,0.546,0.05,0.035,21,False,SF-6D,False,0,True,True,Industry
CEA0410,Cost-Utility Analysis (CUA),2020,Spain,Hospital,Mental Health,Prevention,Hybrid,20,88272.12,30105.92,58166.2,7.7183,7.854,-0.1357,-428624.98,80000,Dominant,True,False,,0.04,0.05,18,True,HUI,False,6,False,False,Government
CEA0411,Cost-Benefit Analysis (CBA),2019,Italy,Societal,Cardiology,Pharmaceutical,Decision Tree,Lifetime,17884.62,16619.3,1265.32,6.5881,4.5383,2.0498,617.28,80000,Highly Cost-Effective,False,True,0.404,0.035,0.03,22,False,EQ-5D,False,6,False,False,Industry
CEA0412,Cost-Benefit Analysis (CBA),2023,Canada,Societal,Rare Diseases,Diagnostic,Discrete Event Simulation,Lifetime,10852.38,60093.6,-49241.22,3.3195,12.0737,-8.7542,5624.87,80000,Highly Cost-Effective,True,True,0.679,0.035,0.04,15,True,Literature,True,7,True,False,Industry
CEA0413,Budget Impact Analysis (BIA),2021,UK,Societal,Cardiology,Screening,Markov,10,94129.84,18392.61,75737.22,13.0271,7.0069,6.0202,12580.58,50000,Highly Cost-Effective,True,False,,0.05,0.05,16,False,Literature,False,2,False,False,Industry
CEA0414,Cost-Minimization Analysis (CMA),2018,USA,Societal,Mental Health,Surgical,Discrete Event Simulation,Lifetime,84319.82,79313.68,5006.14,3.2292,7.96,-4.7308,-1058.21,100000,Dominant,True,False,,0.04,0.03,21,False,Literature,False,3,False,False,Industry
CEA0415,Cost-Effectiveness Analysis (CEA),2020,UK,Hospital,Oncology,Device,Hybrid,Lifetime,177203.26,131573.01,45630.26,8.3462,4.9546,3.3915,13454.16,50000,Highly Cost-Effective,True,True,0.84,0.05,0.04,14,True,Literature,True,5,False,False,Government
CEA0416,Cost-Utility Analysis (CUA),2022,Sweden,Government,Infectious Disease,Diagnostic,Discrete Event Simulation,30,174817.17,32213.52,142603.65,6.5284,10.4791,-3.9507,-36095.59,80000,Dominant,True,False,,0.03,0.05,20,False,Literature,True,2,False,True,Industry
CEA0417,Cost-Utility Analysis (CUA),2015,France,Societal,Vaccines,Surgical,Hybrid,5,10267.13,46240.44,-35973.31,11.1093,3.622,7.4873,-4804.59,80000,Dominant,True,True,0.771,0.03,0.03,21,True,EQ-5D,True,6,False,False,Government
CEA0418,Cost-Utility Analysis (CUA),2016,South Korea,Healthcare payer,Infectious Disease,Behavioral,Discrete Event Simulation,1,148255.78,41280.17,106975.61,12.8934,12.7095,0.1839,581665.31,80000,Not Cost-Effective,True,True,0.62,0.035,0.035,12,True,HUI,False,2,False,False,Mixed
CEA0419,Budget Impact Analysis (BIA),2023,Netherlands,Government,Rare Diseases,Pharmaceutical,Decision Tree,1,5791.46,7052.56,-1261.11,3.3554,11.6082,-8.2528,152.81,80000,Highly Cost-Effective,True,True,0.965,0.035,0.03,15,False,HUI,False,5,True,False,Industry
CEA0420,Cost-Benefit Analysis (CBA),2021,USA,Government,Rare Diseases,Diagnostic,Hybrid,20,13843.48,93451.65,-79608.17,12.7668,13.9094,-1.1425,69676.6,100000,Cost-Effective,True,True,0.657,0.04,0.035,20,True,HUI,True,7,False,False,Industry
CEA0421,Cost-Benefit Analysis (CBA),2023,Australia,Patient,Vaccines,Diagnostic,Decision Tree,20,74611.34,80125.53,-5514.19,3.2474,8.0918,-4.8444,1138.25,80000,Highly Cost-Effective,True,False,,0.05,0.05,14,False,Literature,True,8,False,True,Industry
CEA0422,Budget Impact Analysis (BIA),2020,France,Societal,Diabetes,Surgical,Discrete Event Simulation,10,72478.32,29012.1,43466.22,7.4328,12.2459,-4.8131,-9030.78,80000,Dominant,True,True,0.488,0.035,0.05,21,False,Literature,True,3,False,True,Government
CEA0423,Cost-Benefit Analysis (CBA),2022,South Korea,Hospital,Oncology,Pharmaceutical,Hybrid,10,168570.48,58668.27,109902.21,9.3493,2.2386,7.1107,15455.98,80000,Highly Cost-Effective,True,True,0.757,0.05,0.035,14,True,EQ-5D,False,7,False,False,Government
CEA0424,Budget Impact Analysis (BIA),2022,Spain,Healthcare payer,Cardiology,Behavioral,Discrete Event Simulation,1,135932.03,98338.44,37593.59,11.3425,6.1053,5.2372,7178.2,80000,Highly Cost-Effective,True,False,,0.03,0.03,19,True,SF-6D,True,1,False,True,Industry
CEA0425,Cost-Benefit Analysis (CBA),2023,Sweden,Societal,Oncology,Behavioral,Decision Tree,Lifetime,111105.97,86028.34,25077.63,10.5607,12.0242,-1.4635,-17135.06,80000,Dominant,True,True,0.576,0.05,0.03,24,False,Literature,False,4,False,False,Industry
CEA0426,Cost-Effectiveness Analysis (CEA),2018,UK,Patient,Mental Health,Digital Health,Markov,30,162587.35,1578.5,161008.85,9.3607,8.2015,1.1592,138892.22,50000,Not Cost-Effective,True,True,0.82,0.035,0.05,19,False,HUI,False,1,False,True,Independent
CEA0427,Cost-Minimization Analysis (CMA),2019,Italy,Patient,Oncology,Behavioral,Hybrid,Lifetime,177015.69,102156.42,74859.27,7.3509,10.2035,-2.8526,-26242.64,80000,Dominant,True,True,0.644,0.05,0.035,23,True,SF-6D,False,1,True,False,Government
CEA0428,Cost-Benefit Analysis (CBA),2020,Canada,Hospital,Cardiology,Screening,Hybrid,5,50061.3,32583.92,17477.38,9.5655,10.1463,-0.5807,-30096.16,80000,Dominant,True,True,0.558,0.04,0.03,19,True,Literature,True,5,False,False,Industry
CEA0429,Cost-Effectiveness Analysis (CEA),2015,Italy,Societal,Rheumatology,Screening,Discrete Event Simulation,20,149448.3,73010.6,76437.7,7.3323,7.6987,-0.3664,-208600.58,80000,Dominant,True,False,,0.05,0.04,24,True,HUI,False,8,True,False,Industry
CEA0430,Budget Impact Analysis (BIA),2020,Japan,Healthcare payer,Diabetes,Prevention,Markov,1,16592.7,46884.03,-30291.33,11.0816,8.0871,2.9945,-10115.57,80000,Dominant,True,True,0.865,0.03,0.035,12,True,Expert Opinion,False,6,False,False,Industry
CEA0431,Cost-Utility Analysis (CUA),2023,Italy,Government,Oncology,Diagnostic,Discrete Event Simulation,30,179073.86,89847.76,89226.1,9.0915,11.3994,-2.3078,-38662.2,80000,Dominant,True,True,0.88,0.03,0.03,13,False,Expert Opinion,False,0,False,False,Industry
CEA0432,Cost-Utility Analysis (CUA),2017,Australia,Hospital,Respiratory,Behavioral,Decision Tree,1,114219.59,93456.35,20763.23,8.6522,9.948,-1.2957,-16024.23,80000,Dominant,False,True,0.61,0.04,0.03,15,True,Expert Opinion,True,4,True,False,Mixed
CEA0433,Cost-Effectiveness Analysis (CEA),2023,France,Healthcare payer,Neurology,Device,Hybrid,20,115496.3,48061.51,67434.79,9.2867,7.9167,1.3701,49220.58,80000,Cost-Effective,True,True,0.663,0.03,0.035,22,True,SF-6D,False,5,False,False,Government
CEA0434,Cost-Minimization Analysis (CMA),2016,UK,Hospital,Mental Health,Diagnostic,Discrete Event Simulation,1,72670.98,81276.83,-8605.85,7.8718,12.0408,-4.169,2064.25,50000,Highly Cost-Effective,True,True,0.893,0.035,0.05,19,True,Expert Opinion,False,6,False,False,Mixed
CEA0435,Cost-Benefit Analysis (CBA),2016,Japan,Societal,Infectious Disease,Behavioral,Hybrid,Lifetime,12209.6,31875.67,-19666.07,7.9041,10.8947,-2.9907,6575.78,80000,Highly Cost-Effective,True,False,,0.03,0.035,23,False,Literature,True,6,True,False,Industry
CEA0436,Cost-Effectiveness Analysis (CEA),2020,Japan,Hospital,Neurology,Surgical,Hybrid,20,29894.13,103176.87,-73282.74,14.2883,8.8694,5.4188,-13523.69,80000,Dominant,True,True,0.3,0.04,0.035,14,False,HUI,True,8,False,False,Government
CEA0437,Cost-Benefit Analysis (CBA),2020,Australia,Hospital,Neurology,Screening,Decision Tree,Lifetime,162637.62,47199.11,115438.51,10.7692,5.1831,5.5861,20665.16,80000,Highly Cost-Effective,True,True,0.821,0.03,0.035,17,True,EQ-5D,True,9,False,False,Industry
CEA0438,Cost-Utility Analysis (CUA),2017,UK,Government,Mental Health,Behavioral,Discrete Event Simulation,Lifetime,199551.14,22471.39,177079.75,11.8407,3.6665,8.1743,21663.03,50000,Highly Cost-Effective,True,True,0.713,0.05,0.04,16,False,SF-6D,True,0,False,False,Industry
CEA0439,Cost-Effectiveness Analysis (CEA),2023,Japan,Patient,Mental Health,Device,Decision Tree,5,97906.99,142127.04,-44220.05,9.2626,4.5152,4.7474,-9314.59,80000,Dominant,True,True,0.6,0.04,0.03,12,True,SF-6D,True,7,False,True,Mixed
CEA0440,Budget Impact Analysis (BIA),2021,Spain,Hospital,Rare Diseases,Diagnostic,Markov,30,53604.39,8189.15,45415.24,14.2857,7.4724,6.8133,6665.65,80000,Highly Cost-Effective,True,True,0.445,0.04,0.05,15,True,Expert Opinion,True,7,True,False,Government
CEA0441,Cost-Utility Analysis (CUA),2015,South Korea,Patient,Mental Health,Surgical,Markov,5,25737.35,76338.32,-50600.97,3.6193,5.8546,-2.2353,22637.27,80000,Highly Cost-Effective,True,False,,0.03,0.03,12,False,Expert Opinion,True,2,False,False,Industry
CEA0442,Cost-Utility Analysis (CUA),2021,France,Healthcare payer,Vaccines,Pharmaceutical,Discrete Event Simulation,20,110122.73,126104.86,-15982.13,13.842,13.3324,0.5096,-31359.81,80000,Dominant,True,True,0.864,0.035,0.04,18,True,Literature,True,1,True,True,Independent
CEA0443,Cost-Effectiveness Analysis (CEA),2015,Italy,Healthcare payer,Respiratory,Prevention,Discrete Event Simulation,20,164623.04,99720.5,64902.54,8.0544,5.4675,2.5868,25089.42,80000,Highly Cost-Effective,True,True,0.609,0.04,0.05,17,True,Literature,False,6,True,False,Independent
CEA0444,Cost-Minimization Analysis (CMA),2023,Sweden,Patient,Respiratory,Digital Health,Markov,10,28768.83,106558.42,-77789.59,8.0075,12.9756,-4.968,15658.0,80000,Highly Cost-Effective,True,True,0.754,0.035,0.05,24,False,Expert Opinion,True,8,True,True,Government
CEA0445,Cost-Minimization Analysis (CMA),2022,Japan,Government,Rheumatology,Pharmaceutical,Discrete Event Simulation,10,65891.51,146483.93,-80592.42,13.5698,12.4757,1.0941,-73658.09,80000,Dominant,True,False,,0.035,0.03,12,True,SF-6D,True,0,False,False,Industry
CEA0446,Budget Impact Analysis (BIA),2016,Sweden,Healthcare payer,Infectious Disease,Prevention,Markov,Lifetime,144336.15,71699.74,72636.42,3.9219,7.9526,-4.0307,-18021.0,80000,Dominant,True,True,0.362,0.035,0.04,22,True,Literature,True,7,True,False,Government
CEA0447,Cost-Benefit Analysis (CBA),2015,USA,Government,Mental Health,Pharmaceutical,Decision Tree,Lifetime,65403.8,118681.51,-53277.71,13.6953,10.911,2.7843,-19135.13,100000,Dominant,True,True,0.533,0.03,0.03,24,True,HUI,False,4,False,False,Industry
CEA0448,Cost-Utility Analysis (CUA),2018,Sweden,Hospital,Neurology,Pharmaceutical,Decision Tree,30,5437.78,53884.88,-48447.1,11.7133,13.0523,-1.3389,36183.9,80000,Highly Cost-Effective,True,True,0.749,0.035,0.03,14,False,HUI,True,6,True,True,Industry
CEA0449,Budget Impact Analysis (BIA),2019,Italy,Healthcare payer,Rheumatology,Screening,Markov,Lifetime,21160.36,32873.8,-11713.44,8.0927,12.1073,-4.0146,2917.71,80000,Highly Cost-Effective,True,False,,0.03,0.03,18,True,HUI,False,6,True,False,Government
CEA0450,Budget Impact Analysis (BIA),2024,France,Hospital,Oncology,Screening,Discrete Event Simulation,1,88964.04,142534.57,-53570.53,9.6243,5.9225,3.7018,-14471.52,80000,Dominant,True,True,0.467,0.035,0.03,22,False,Expert Opinion,True,3,False,False,Industry
CEA0451,Cost-Benefit Analysis (CBA),2021,UK,Patient,Rare Diseases,Device,Markov,1,27728.15,23159.01,4569.14,6.0298,6.7892,-0.7594,-6016.76,50000,Dominant,True,True,0.654,0.04,0.05,12,False,HUI,True,0,True,False,Government
CEA0452,Cost-Benefit Analysis (CBA),2016,Netherlands,Patient,Neurology,Prevention,Markov,Lifetime,194269.83,22261.56,172008.27,3.4883,2.3958,1.0925,157440.53,80000,Not Cost-Effective,True,True,0.772,0.035,0.05,14,False,Expert Opinion,True,0,False,False,Mixed
CEA0453,Cost-Benefit Analysis (CBA),2018,UK,Government,Respiratory,Surgical,Discrete Event Simulation,10,160586.52,84375.29,76211.23,3.7658,10.3214,-6.5556,-11625.36,50000,Dominant,True,False,,0.05,0.05,23,True,HUI,False,6,True,True,Industry
CEA0454,Cost-Utility Analysis (CUA),2018,Italy,Government,Vaccines,Surgical,Markov,1,80830.82,50224.47,30606.35,12.6497,13.0911,-0.4414,-69342.97,80000,Dominant,True,True,0.427,0.04,0.035,21,False,SF-6D,False,4,False,False,Mixed
CEA0455,Budget Impact Analysis (BIA),2024,Germany,Patient,Mental Health,Digital Health,Markov,10,10997.14,113238.44,-102241.29,5.8301,2.291,3.5391,-28889.22,80000,Dominant,True,True,0.66,0.05,0.03,13,True,Literature,True,9,True,False,Government
CEA0456,Cost-Benefit Analysis (CBA),2015,South Korea,Hospital,Mental Health,Prevention,Markov,20,25757.43,7220.97,18536.46,14.2717,5.6961,8.5756,2161.54,80000,Highly Cost-Effective,True,True,0.513,0.03,0.035,16,True,SF-6D,True,0,False,False,Independent
CEA0457,Cost-Minimization Analysis (CMA),2016,Germany,Patient,Infectious Disease,Digital Health,Markov,1,10966.39,112603.38,-101636.99,6.0551,7.6908,-1.6358,62134.43,80000,Cost-Effective,True,False,,0.05,0.04,18,False,Literature,True,5,False,False,Industry
CEA0458,Cost-Effectiveness Analysis (CEA),2018,Sweden,Hospital,Diabetes,Prevention,Hybrid,5,61805.77,101238.11,-39432.34,9.749,12.2207,-2.4716,15953.92,80000,Highly Cost-Effective,True,True,0.781,0.03,0.03,18,True,Literature,False,5,False,False,Independent
CEA0459,Budget Impact Analysis (BIA),2024,Canada,Hospital,Rheumatology,Diagnostic,Markov,Lifetime,179349.13,116090.26,63258.87,13.9182,7.1737,6.7446,9379.23,80000,Highly Cost-Effective,True,True,0.562,0.03,0.04,15,True,Literature,True,1,False,True,Government
CEA0460,Cost-Utility Analysis (CUA),2018,UK,Healthcare payer,Mental Health,Digital Health,Decision Tree,20,123799.01,3879.94,119919.07,5.5901,5.929,-0.3389,-353809.66,50000,Dominant,True,True,0.567,0.03,0.035,22,True,SF-6D,True,4,True,True,Government
CEA0461,Cost-Minimization Analysis (CMA),2015,UK,Patient,Respiratory,Behavioral,Markov,5,196555.79,79275.93,117279.86,13.1422,3.022,10.1203,11588.63,50000,Highly Cost-Effective,True,True,0.647,0.035,0.04,24,False,Literature,False,1,False,False,Industry
CEA0462,Cost-Effectiveness Analysis (CEA),2024,Sweden,Healthcare payer,Infectious Disease,Device,Decision Tree,10,55560.64,39402.08,16158.56,6.7752,7.5499,-0.7747,-20858.67,80000,Dominant,True,True,0.711,0.03,0.05,18,True,EQ-5D,True,8,True,False,Industry
CEA0463,Cost-Minimization Analysis (CMA),2020,France,Patient,Oncology,Digital Health,Decision Tree,1,34260.53,137493.71,-103233.17,13.7614,13.8106,-0.0492,2098241.73,80000,Not Cost-Effective,True,False,,0.03,0.03,14,True,Expert Opinion,True,1,False,False,Industry
CEA0464,Cost-Effectiveness Analysis (CEA),2024,France,Healthcare payer,Mental Health,Pharmaceutical,Hybrid,5,14851.96,93024.39,-78172.43,3.4288,8.316,-4.8872,15995.46,80000,Highly Cost-Effective,True,True,0.719,0.035,0.05,17,True,Literature,True,1,False,True,Industry
CEA0465,Cost-Utility Analysis (CUA),2023,Netherlands,Healthcare payer,Mental Health,Screening,Hybrid,5,141997.97,69122.98,72875.0,9.6778,7.4648,2.213,32930.71,80000,Highly Cost-Effective,True,True,0.527,0.03,0.05,17,True,Expert Opinion,False,0,False,False,Government
CEA0466,Cost-Effectiveness Analysis (CEA),2020,France,Patient,Neurology,Digital Health,Discrete Event Simulation,30,36616.28,3023.17,33593.11,4.9176,6.5239,-1.6063,-20913.59,80000,Dominant,True,True,0.615,0.035,0.03,17,True,SF-6D,True,3,False,False,Industry
CEA0467,Cost-Effectiveness Analysis (CEA),2018,USA,Healthcare payer,Oncology,Device,Decision Tree,5,44535.42,123660.56,-79125.14,5.5105,13.0891,-7.5786,10440.61,100000,Highly Cost-Effective,True,False,,0.05,0.035,16,True,HUI,False,3,False,False,Independent
CEA0468,Cost-Effectiveness Analysis (CEA),2017,Canada,Societal,Diabetes,Behavioral,Markov,30,68418.83,92785.25,-24366.42,3.7975,2.2669,1.5306,-15919.12,80000,Dominant,True,False,,0.05,0.03,19,True,Literature,True,6,False,False,Government
CEA0469,Cost-Minimization Analysis (CMA),2016,USA,Hospital,Diabetes,Device,Markov,5,167452.14,73089.68,94362.46,6.8288,10.1149,-3.286,-28716.17,100000,Dominant,True,False,,0.035,0.04,22,False,EQ-5D,True,9,True,False,Government
CEA0470,Cost-Minimization Analysis (CMA),2021,Spain,Hospital,Respiratory,Digital Health,Decision Tree,10,71672.04,117672.07,-46000.03,8.7996,10.5824,-1.7829,25800.92,80000,Highly Cost-Effective,True,True,0.702,0.05,0.04,18,True,SF-6D,True,4,False,False,Industry
CEA0471,Cost-Minimization Analysis (CMA),2017,Spain,Healthcare payer,Rare Diseases,Device,Decision Tree,30,65403.9,20247.01,45156.88,8.6787,11.4964,-2.8177,-16026.34,80000,Dominant,False,True,0.803,0.05,0.04,15,False,Expert Opinion,True,7,False,True,Industry
CEA0472,Cost-Effectiveness Analysis (CEA),2018,Germany,Societal,Neurology,Behavioral,Markov,20,89017.56,56888.44,32129.12,6.9964,13.5793,-6.5829,-4880.7,80000,Dominant,True,True,0.887,0.04,0.05,22,True,EQ-5D,True,2,False,False,Industry
CEA0473,Cost-Minimization Analysis (CMA),2021,Spain,Societal,Neurology,Behavioral,Discrete Event Simulation,20,99484.03,53417.49,46066.54,6.7197,6.5154,0.2043,225533.39,80000,Not Cost-Effective,True,True,0.49,0.05,0.035,19,True,Literature,True,9,True,False,Government
CEA0474,Cost-Minimization Analysis (CMA),2023,UK,Societal,Vaccines,Screening,Hybrid,20,182419.41,14286.66,168132.75,14.3147,7.5022,6.8125,24680.1,50000,Highly Cost-Effective,False,True,0.783,0.05,0.04,22,True,SF-6D,True,9,True,False,Mixed
CEA0475,Cost-Effectiveness Analysis (CEA),2017,Australia,Hospital,Infectious Disease,Device,Decision Tree,1,145563.84,9322.39,136241.44,9.4096,11.3956,-1.986,-68601.29,80000,Dominant,True,True,0.582,0.03,0.04,12,True,Literature,True,0,False,False,Government
CEA0476,Cost-Effectiveness Analysis (CEA),2023,Canada,Patient,Infectious Disease,Pharmaceutical,Discrete Event Simulation,30,162337.6,74552.63,87784.96,9.97,11.9231,-1.9531,-44946.97,80000,Dominant,True,True,0.723,0.03,0.035,19,False,EQ-5D,False,1,True,False,Industry
CEA0477,Budget Impact Analysis (BIA),2017,UK,Hospital,Diabetes,Device,Hybrid,1,64566.74,3551.81,61014.93,5.3016,9.0132,-3.7116,-16439.02,50000,Dominant,True,False,,0.03,0.03,15,True,EQ-5D,False,1,False,False,Government
CEA0478,Cost-Effectiveness Analysis (CEA),2022,Sweden,Patient,Infectious Disease,Behavioral,Decision Tree,30,179822.21,132191.06,47631.15,4.8115,2.9802,1.8312,26010.39,80000,Highly Cost-Effective,True,False,,0.035,0.05,23,True,SF-6D,False,9,True,False,Industry
CEA0479,Cost-Effectiveness Analysis (CEA),2016,Spain,Healthcare payer,Vaccines,Surgical,Discrete Event Simulation,5,63848.06,31488.85,32359.2,7.9381,4.4367,3.5014,9241.88,80000,Highly Cost-Effective,True,True,0.661,0.04,0.04,24,True,Literature,True,7,True,False,Mixed
CEA0480,Cost-Minimization Analysis (CMA),2021,Italy,Societal,Oncology,Behavioral,Discrete Event Simulation,30,84165.66,47398.26,36767.4,14.6888,13.2305,1.4583,25213.01,80000,Highly Cost-Effective,True,True,0.38,0.03,0.05,22,False,Literature,False,2,True,False,Independent
CEA0481,Budget Impact Analysis (BIA),2023,Italy,Patient,Rare Diseases,Surgical,Decision Tree,5,153591.45,19512.83,134078.62,12.2744,7.7783,4.4961,29821.02,80000,Highly Cost-Effective,True,True,0.657,0.05,0.03,22,False,HUI,True,3,True,False,Government
CEA0482,Budget Impact Analysis (BIA),2018,Spain,Societal,Cardiology,Screening,Decision Tree,Lifetime,110186.11,34044.79,76141.32,3.9469,10.7579,-6.811,-11179.18,80000,Dominant,True,False,,0.04,0.04,19,False,HUI,True,6,True,False,Government
CEA0483,Cost-Effectiveness Analysis (CEA),2015,France,Patient,Mental Health,Device,Hybrid,1,22759.7,126653.95,-103894.26,4.3151,2.4725,1.8426,-56383.96,80000,Dominant,True,True,0.341,0.05,0.04,19,True,HUI,False,1,True,False,Industry
CEA0484,Cost-Benefit Analysis (CBA),2015,Japan,Government,Diabetes,Surgical,Hybrid,10,4055.2,102747.73,-98692.53,12.8959,8.3064,4.5895,-21504.03,80000,Dominant,False,True,0.434,0.05,0.03,24,False,HUI,True,3,False,True,Industry
CEA0485,Cost-Utility Analysis (CUA),2018,Japan,Societal,Vaccines,Screening,Hybrid,Lifetime,178522.6,24871.04,153651.56,11.7071,7.3406,4.3665,35189.1,80000,Highly Cost-Effective,True,True,0.715,0.04,0.035,20,False,Expert Opinion,False,0,True,False,Industry
CEA0486,Cost-Utility Analysis (CUA),2022,Australia,Hospital,Rare Diseases,Prevention,Discrete Event Simulation,5,38063.79,99403.72,-61339.93,8.9103,6.6395,2.2708,-27012.56,80000,Dominant,True,False,,0.04,0.05,21,False,Literature,True,3,True,False,Independent
CEA0487,Cost-Benefit Analysis (CBA),2022,UK,Patient,Oncology,Surgical,Hybrid,20,22984.11,137211.13,-114227.02,6.3161,8.9072,-2.5911,44084.02,50000,Cost-Effective,True,True,0.345,0.03,0.035,19,True,HUI,True,6,False,True,Independent
CEA0488,Budget Impact Analysis (BIA),2020,Netherlands,Societal,Mental Health,Behavioral,Markov,5,55937.84,76536.87,-20599.03,6.0232,12.835,-6.8118,3024.03,80000,Highly Cost-Effective,True,True,0.303,0.035,0.03,23,True,EQ-5D,True,8,False,False,Government
CEA0489,Cost-Benefit Analysis (CBA),2015,Italy,Government,Vaccines,Behavioral,Decision Tree,5,170702.86,125156.51,45546.35,7.6657,9.0113,-1.3457,-33847.0,80000,Dominant,True,False,,0.035,0.05,12,False,EQ-5D,False,5,False,False,Independent
CEA0490,Cost-Effectiveness Analysis (CEA),2015,South Korea,Hospital,Vaccines,Diagnostic,Decision Tree,5,198343.04,88764.77,109578.27,11.5286,8.3159,3.2127,34107.68,80000,Highly Cost-Effective,True,False,,0.03,0.035,23,False,Expert Opinion,False,6,False,False,Government
CEA0491,Cost-Benefit Analysis (CBA),2021,Sweden,Healthcare payer,Neurology,Prevention,Markov,10,52283.26,123138.77,-70855.5,6.3358,9.8915,-3.5557,19927.46,80000,Highly Cost-Effective,True,False,,0.05,0.035,24,True,EQ-5D,True,6,False,False,Government
CEA0492,Cost-Minimization Analysis (CMA),2015,Canada,Patient,Respiratory,Screening,Decision Tree,10,116662.38,98101.44,18560.94,12.4376,12.7861,-0.3485,-53257.49,80000,Dominant,True,True,0.677,0.05,0.05,13,True,Literature,True,9,False,False,Industry
CEA0493,Cost-Minimization Analysis (CMA),2024,USA,Patient,Diabetes,Surgical,Discrete Event Simulation,Lifetime,14241.01,108308.58,-94067.56,12.1591,12.5881,-0.429,219257.43,100000,Not Cost-Effective,True,True,0.491,0.035,0.035,23,False,SF-6D,True,8,False,False,Mixed
CEA0494,Cost-Minimization Analysis (CMA),2019,Sweden,Patient,Rheumatology,Screening,Markov,20,65193.05,75002.13,-9809.08,9.3216,6.761,2.5606,-3830.79,80000,Dominant,True,True,0.687,0.03,0.05,16,True,SF-6D,True,5,False,False,Government
CEA0495,Cost-Benefit Analysis (CBA),2020,Australia,Hospital,Infectious Disease,Prevention,Markov,10,138327.86,5536.63,132791.23,10.6771,3.4014,7.2756,18251.47,80000,Highly Cost-Effective,True,True,0.363,0.03,0.04,21,False,EQ-5D,False,2,True,False,Independent
CEA0496,Cost-Benefit Analysis (CBA),2019,France,Hospital,Infectious Disease,Behavioral,Markov,5,57715.64,23757.43,33958.22,14.9107,5.6277,9.2831,3658.08,80000,Highly Cost-Effective,True,True,0.649,0.04,0.05,15,True,Expert Opinion,True,7,False,True,Government
CEA0497,Cost-Minimization Analysis (CMA),2020,UK,Government,Mental Health,Diagnostic,Markov,Lifetime,143167.31,72406.89,70760.42,13.993,8.9038,5.0892,13903.94,50000,Highly Cost-Effective,True,True,0.775,0.03,0.04,24,True,EQ-5D,True,1,False,False,Industry
CEA0498,Cost-Utility Analysis (CUA),2021,Italy,Healthcare payer,Oncology,Device,Decision Tree,Lifetime,114882.25,45673.54,69208.72,13.1196,6.1999,6.9197,10001.63,80000,Highly Cost-Effective,True,True,0.292,0.03,0.03,18,True,EQ-5D,True,7,False,False,Industry
CEA0499,Cost-Minimization Analysis (CMA),2022,Canada,Government,Cardiology,Behavioral,Decision Tree,5,8625.0,44112.04,-35487.04,13.9121,7.0858,6.8262,-5198.64,80000,Dominant,False,True,0.608,0.03,0.05,12,True,HUI,False,0,False,True,Mixed
CEA0500,Cost-Minimization Analysis (CMA),2018,Netherlands,Hospital,Respiratory,Diagnostic,Decision Tree,20,6937.07,72631.7,-65694.63,6.2614,7.6801,-1.4187,46305.61,80000,Cost-Effective,True,True,0.575,0.05,0.035,15,True,EQ-5D,False,4,True,False,Independent
CEA0501,Cost-Minimization Analysis (CMA),2019,South Korea,Societal,Cardiology,Digital Health,Markov,20,37092.18,73397.36,-36305.18,8.9363,11.2126,-2.2763,15949.34,80000,Highly Cost-Effective,True,True,0.806,0.035,0.03,21,False,SF-6D,True,3,True,False,Industry
CEA0502,Budget Impact Analysis (BIA),2023,Spain,Patient,Neurology,Screening,Markov,Lifetime,75068.85,142472.3,-67403.45,9.1585,2.8672,6.2913,-10713.8,80000,Dominant,True,False,,0.03,0.035,18,True,SF-6D,True,4,True,False,Industry
CEA0503,Budget Impact Analysis (BIA),2024,Italy,Hospital,Rare Diseases,Pharmaceutical,Discrete Event Simulation,1,81287.04,135738.2,-54451.16,5.6931,10.2134,-4.5203,12045.94,80000,Highly Cost-Effective,True,True,0.622,0.035,0.04,23,True,Expert Opinion,True,6,False,True,Industry
CEA0504,Cost-Utility Analysis (CUA),2017,France,Government,Vaccines,Surgical,Markov,30,132206.87,107509.75,24697.11,5.0593,3.3405,1.7188,14369.21,80000,Highly Cost-Effective,True,True,0.803,0.03,0.05,18,True,SF-6D,True,9,False,False,Government
CEA0505,Cost-Effectiveness Analysis (CEA),2022,Australia,Patient,Neurology,Diagnostic,Hybrid,20,47174.82,44162.92,3011.9,8.1289,6.1539,1.975,1525.04,80000,Highly Cost-Effective,True,True,0.622,0.04,0.04,15,False,SF-6D,False,6,False,False,Industry
CEA0506,Cost-Effectiveness Analysis (CEA),2024,USA,Hospital,Respiratory,Surgical,Hybrid,1,6310.8,135669.58,-129358.78,3.2417,2.3554,0.8864,-145940.28,100000,Dominant,True,True,0.643,0.04,0.05,16,True,Literature,True,3,False,False,Government
CEA0507,Cost-Effectiveness Analysis (CEA),2020,Germany,Patient,Rare Diseases,Pharmaceutical,Decision Tree,1,25161.04,112177.59,-87016.55,5.4325,2.5821,2.8503,-30528.69,80000,Dominant,True,False,,0.05,0.035,23,False,Literature,False,9,False,True,Government
CEA0508,Cost-Utility Analysis (CUA),2018,Australia,Patient,Vaccines,Surgical,Markov,1,190533.38,38294.3,152239.08,6.1939,9.5615,-3.3676,-45206.76,80000,Dominant,True,True,0.553,0.03,0.04,15,False,Expert Opinion,False,9,False,False,Industry
CEA0509,Cost-Utility Analysis (CUA),2021,Australia,Healthcare payer,Cardiology,Prevention,Decision Tree,5,70528.84,22783.01,47745.83,7.5336,9.6277,-2.0941,-22800.63,80000,Dominant,True,False,,0.035,0.03,23,True,HUI,True,5,False,False,Industry
CEA0510,Cost-Utility Analysis (CUA),2022,Japan,Healthcare payer,Diabetes,Device,Markov,Lifetime,196964.19,148338.69,48625.5,10.2291,10.5112,-0.2821,-172383.31,80000,Dominant,False,True,0.714,0.05,0.05,19,False,HUI,True,7,False,False,Industry
CEA0511,Cost-Minimization Analysis (CMA),2018,South Korea,Patient,Cardiology,Screening,Discrete Event Simulation,Lifetime,7912.82,126348.23,-118435.41,5.8258,6.7264,-0.9006,131503.56,80000,Not Cost-Effective,True,False,,0.03,0.03,12,False,Expert Opinion,True,8,False,False,Independent
CEA0512,Budget Impact Analysis (BIA),2015,Italy,Government,Respiratory,Screening,Decision Tree,Lifetime,134983.61,40035.95,94947.65,14.6031,5.7015,8.9016,10666.3,80000,Highly Cost-Effective,True,True,0.62,0.04,0.03,21,True,Literature,False,0,True,True,Government
CEA0513,Cost-Utility Analysis (CUA),2015,Italy,Hospital,Rare Diseases,Surgical,Discrete Event Simulation,Lifetime,184118.13,53050.03,131068.1,3.4935,6.9558,-3.4623,-37855.91,80000,Dominant,True,True,0.892,0.05,0.03,19,False,HUI,True,2,False,False,Industry
CEA0514,Cost-Minimization Analysis (CMA),2022,Canada,Patient,Oncology,Surgical,Discrete Event Simulation,10,61531.31,4361.81,57169.5,3.7654,11.3059,-7.5406,-7581.61,80000,Dominant,True,True,0.906,0.03,0.03,20,True,Literature,True,5,False,False,Mixed
CEA0515,Cost-Benefit Analysis (CBA),2018,France,Societal,Rare Diseases,Surgical,Discrete Event Simulation,5,73042.88,7441.45,65601.43,14.6439,11.5381,3.1058,21121.93,80000,Highly Cost-Effective,True,True,0.508,0.05,0.04,14,True,Expert Opinion,True,4,False,True,Industry
CEA0516,Cost-Minimization Analysis (CMA),2024,USA,Patient,Diabetes,Device,Discrete Event Simulation,5,165441.45,133471.87,31969.57,9.9548,5.7547,4.2001,7611.7,100000,Highly Cost-Effective,True,True,0.219,0.04,0.04,22,True,HUI,False,6,True,False,Government
CEA0517,Cost-Benefit Analysis (CBA),2018,Italy,Government,Respiratory,Digital Health,Markov,1,130933.99,58192.66,72741.32,9.3689,9.8308,-0.462,-157461.62,80000,Dominant,True,True,0.566,0.035,0.04,21,True,Literature,True,2,True,False,Government
CEA0518,Budget Impact Analysis (BIA),2016,Spain,Government,Rheumatology,Behavioral,Decision Tree,1,78127.75,38234.45,39893.29,9.2318,5.568,3.6638,10888.47,80000,Highly Cost-Effective,True,False,,0.04,0.035,18,False,EQ-5D,True,8,False,False,Independent
CEA0519,Cost-Minimization Analysis (CMA),2021,France,Government,Rare Diseases,Diagnostic,Decision Tree,Lifetime,62908.74,115768.86,-52860.12,13.5288,12.9548,0.574,-92095.85,80000,Dominant,True,True,0.292,0.05,0.03,19,True,EQ-5D,True,6,True,False,Industry
CEA0520,Budget Impact Analysis (BIA),2015,Italy,Healthcare payer,Mental Health,Behavioral,Hybrid,20,34143.14,42778.19,-8635.05,7.8335,9.7402,-1.9067,4528.86,80000,Highly Cost-Effective,True,False,,0.04,0.03,23,False,EQ-5D,True,5,True,False,Industry
CEA0521,Cost-Minimization Analysis (CMA),2015,Australia,Societal,Oncology,Diagnostic,Markov,Lifetime,52659.61,24573.77,28085.83,5.2564,10.6997,-5.4432,-5159.77,80000,Dominant,True,False,,0.035,0.04,16,False,Expert Opinion,True,6,False,False,Industry
CEA0522,Cost-Minimization Analysis (CMA),2020,Japan,Healthcare payer,Infectious Disease,Prevention,Decision Tree,30,190745.75,80558.41,110187.34,14.9409,3.7056,11.2353,9807.24,80000,Highly Cost-Effective,True,True,0.426,0.04,0.035,20,True,SF-6D,False,3,True,False,Industry
CEA0523,Budget Impact Analysis (BIA),2015,UK,Patient,Rheumatology,Device,Hybrid,5,173442.11,47807.6,125634.52,11.9895,9.9181,2.0714,60651.21,50000,Marginally Cost-Effective,True,True,0.467,0.03,0.05,12,True,HUI,False,5,True,False,Industry
CEA0524,Cost-Effectiveness Analysis (CEA),2015,Italy,Patient,Oncology,Digital Health,Markov,20,51333.7,57802.68,-6468.98,8.0418,5.6568,2.385,-2712.34,80000,Dominant,True,True,0.367,0.04,0.03,23,True,SF-6D,True,0,True,False,Government
CEA0525,Cost-Benefit Analysis (CBA),2020,Italy,Government,Mental Health,Behavioral,Discrete Event Simulation,10,91964.76,15029.27,76935.48,12.1855,6.5698,5.6157,13700.02,80000,Highly Cost-Effective,True,True,0.618,0.035,0.04,14,True,HUI,False,4,False,False,Government
CEA0526,Cost-Minimization Analysis (CMA),2017,France,Patient,Infectious Disease,Pharmaceutical,Discrete Event Simulation,20,116292.98,77013.62,39279.35,6.0966,4.6843,1.4123,27812.07,80000,Highly Cost-Effective,True,True,0.402,0.04,0.04,23,True,SF-6D,True,8,True,True,Government
CEA0527,Cost-Utility Analysis (CUA),2022,USA,Patient,Oncology,Pharmaceutical,Decision Tree,1,140209.21,36170.63,104038.58,3.686,10.3662,-6.6802,-15574.15,100000,Dominant,True,True,0.668,0.03,0.03,12,False,Expert Opinion,True,1,False,False,Industry
CEA0528,Cost-Effectiveness Analysis (CEA),2021,Japan,Government,Rheumatology,Screening,Decision Tree,30,64214.58,86957.62,-22743.04,6.5994,11.0402,-4.4408,5121.44,80000,Highly Cost-Effective,True,True,0.575,0.03,0.05,14,True,SF-6D,True,8,False,False,Industry
CEA0529,Budget Impact Analysis (BIA),2021,Canada,Patient,Rare Diseases,Behavioral,Markov,1,96586.28,46146.9,50439.38,8.0797,2.2084,5.8713,8590.86,80000,Highly Cost-Effective,True,True,0.676,0.05,0.03,16,True,EQ-5D,True,4,True,False,Mixed
CEA0530,Cost-Effectiveness Analysis (CEA),2023,UK,Patient,Oncology,Device,Hybrid,1,106280.0,34903.33,71376.66,4.6179,12.6878,-8.0699,-8844.8,50000,Dominant,True,True,0.492,0.03,0.035,20,True,EQ-5D,True,4,True,False,Industry
CEA0531,Cost-Minimization Analysis (CMA),2018,South Korea,Patient,Infectious Disease,Behavioral,Markov,1,74972.88,72391.54,2581.34,5.0268,8.9301,-3.9033,-661.32,80000,Dominant,True,False,,0.04,0.035,20,True,EQ-5D,False,5,True,False,Government
CEA0532,Cost-Effectiveness Analysis (CEA),2023,Germany,Healthcare payer,Infectious Disease,Digital Health,Hybrid,Lifetime,18252.42,96704.0,-78451.58,10.2722,4.5275,5.7447,-13656.36,80000,Dominant,True,False,,0.04,0.035,15,True,SF-6D,True,0,False,True,Industry
CEA0533,Cost-Utility Analysis (CUA),2016,South Korea,Patient,Infectious Disease,Prevention,Discrete Event Simulation,20,105341.2,67346.16,37995.04,10.9733,2.7673,8.206,4630.17,80000,Highly Cost-Effective,True,True,0.38,0.05,0.05,13,False,EQ-5D,True,6,True,True,Government
CEA0534,Cost-Utility Analysis (CUA),2015,Sweden,Hospital,Rheumatology,Diagnostic,Decision Tree,Lifetime,92726.24,66666.55,26059.69,13.4779,13.5917,-0.1139,-228827.83,80000,Dominant,True,True,0.184,0.03,0.035,12,True,SF-6D,True,7,False,False,Government
CEA0535,Budget Impact Analysis (BIA),2016,France,Hospital,Diabetes,Device,Decision Tree,20,31445.76,71090.92,-39645.16,4.1324,9.2252,-5.0928,7784.49,80000,Highly Cost-Effective,True,True,0.574,0.04,0.04,14,True,SF-6D,False,2,True,False,Mixed
CEA0536,Cost-Benefit Analysis (CBA),2015,Italy,Societal,Respiratory,Surgical,Discrete Event Simulation,30,108131.0,41486.9,66644.09,7.1512,10.4687,-3.3176,-20088.29,80000,Dominant,True,True,0.601,0.05,0.035,23,True,HUI,False,2,False,False,Industry
CEA0537,Cost-Minimization Analysis (CMA),2024,Japan,Hospital,Cardiology,Device,Hybrid,20,94645.85,104996.11,-10350.27,4.2383,5.1846,-0.9463,10937.63,80000,Highly Cost-Effective,True,True,0.763,0.03,0.04,16,True,HUI,True,3,False,False,Industry
CEA0538,Cost-Benefit Analysis (CBA),2015,Australia,Patient,Neurology,Behavioral,Decision Tree,Lifetime,152702.7,127611.84,25090.85,5.2598,10.4444,-5.1846,-4839.47,80000,Dominant,True,True,0.515,0.05,0.04,22,True,EQ-5D,True,6,False,True,Industry
CEA0539,Cost-Minimization Analysis (CMA),2023,Germany,Hospital,Neurology,Pharmaceutical,Decision Tree,30,98017.96,60289.66,37728.29,13.7688,2.8627,10.9061,3459.38,80000,Highly Cost-Effective,True,False,,0.05,0.035,20,False,Expert Opinion,True,2,False,False,Independent
CEA0540,Budget Impact Analysis (BIA),2023,USA,Societal,Mental Health,Screening,Hybrid,20,56225.79,34843.56,21382.23,12.5796,3.0335,9.5461,2239.89,100000,Highly Cost-Effective,True,True,0.916,0.03,0.05,14,True,EQ-5D,True,4,False,False,Industry
CEA0541,Cost-Benefit Analysis (CBA),2016,Australia,Government,Neurology,Surgical,Markov,10,163709.31,16835.04,146874.27,7.9838,7.1364,0.8474,173323.97,80000,Not Cost-Effective,True,False,,0.04,0.035,21,True,SF-6D,True,4,False,True,Industry
CEA0542,Cost-Minimization Analysis (CMA),2015,Netherlands,Government,Respiratory,Digital Health,Markov,10,139336.34,121649.25,17687.1,6.3493,10.9849,-4.6356,-3815.49,80000,Dominant,True,True,0.659,0.03,0.04,20,True,Literature,True,7,False,False,Independent
CEA0543,Cost-Utility Analysis (CUA),2016,Spain,Hospital,Vaccines,Screening,Hybrid,20,19215.1,100230.43,-81015.32,14.1786,2.5395,11.6392,-6960.58,80000,Dominant,True,True,0.498,0.04,0.03,19,True,Expert Opinion,False,9,False,True,Government
CEA0544,Cost-Minimization Analysis (CMA),2022,France,Patient,Cardiology,Prevention,Markov,Lifetime,160410.44,64499.83,95910.62,13.3665,2.0017,11.3648,8439.3,80000,Highly Cost-Effective,True,True,0.737,0.03,0.05,23,True,Expert Opinion,False,0,True,False,Mixed
CEA0545,Cost-Minimization Analysis (CMA),2020,USA,Healthcare payer,Rheumatology,Pharmaceutical,Discrete Event Simulation,5,102488.37,68610.53,33877.84,10.0097,12.6827,-2.673,-12674.1,100000,Dominant,True,True,0.391,0.03,0.05,15,True,EQ-5D,True,6,True,False,Industry
CEA0546,Cost-Utility Analysis (CUA),2018,Italy,Hospital,Infectious Disease,Screening,Hybrid,1,22576.51,31535.45,-8958.94,10.2847,10.786,-0.5013,17871.6,80000,Highly Cost-Effective,True,True,0.496,0.05,0.03,22,False,Expert Opinion,True,8,True,False,Government
CEA0547,Budget Impact Analysis (BIA),2017,France,Patient,Vaccines,Behavioral,Markov,10,23903.76,13558.13,10345.62,12.3775,3.8716,8.5059,1216.29,80000,Highly Cost-Effective,True,False,,0.04,0.03,24,True,HUI,True,4,True,False,Government
CEA0548,Cost-Benefit Analysis (CBA),2020,Italy,Societal,Rare Diseases,Device,Discrete Event Simulation,5,14947.8,81820.78,-66872.98,3.6497,8.1407,-4.491,14890.41,80000,Highly Cost-Effective,False,True,0.741,0.03,0.035,15,False,EQ-5D,False,8,False,False,Industry
CEA0549,Cost-Effectiveness Analysis (CEA),2015,Canada,Government,Respiratory,Diagnostic,Decision Tree,30,63495.99,97720.7,-34224.71,9.6867,9.8279,-0.1413,242282.98,80000,Not Cost-Effective,True,True,0.877,0.05,0.035,15,True,SF-6D,True,5,False,False,Independent
CEA0550,Cost-Utility Analysis (CUA),2018,USA,Societal,Respiratory,Diagnostic,Decision Tree,Lifetime,169405.46,89910.71,79494.76,13.4383,12.4116,1.0267,77428.38,100000,Cost-Effective,True,False,,0.03,0.04,16,False,EQ-5D,True,6,True,False,Government
CEA0551,Cost-Benefit Analysis (CBA),2016,Italy,Hospital,Mental Health,Device,Discrete Event Simulation,20,17215.03,21646.47,-4431.44,11.9478,5.9428,6.0049,-737.96,80000,Dominant,True,False,,0.04,0.03,14,True,SF-6D,True,6,True,False,Government
CEA0552,Cost-Minimization Analysis (CMA),2022,Japan,Government,Respiratory,Diagnostic,Discrete Event Simulation,Lifetime,129444.07,59816.86,69627.21,13.5763,9.81,3.7663,18486.81,80000,Highly Cost-Effective,True,False,,0.035,0.05,23,True,SF-6D,True,2,False,False,Industry
CEA0553,Cost-Benefit Analysis (CBA),2023,Canada,Patient,Respiratory,Device,Markov,1,95939.05,146611.4,-50672.36,7.0162,13.7909,-6.7747,7479.69,80000,Highly Cost-Effective,True,True,0.612,0.035,0.035,18,False,Expert Opinion,True,0,False,False,Independent
CEA0554,Cost-Utility Analysis (CUA),2015,USA,Hospital,Neurology,Surgical,Decision Tree,20,138048.22,38303.91,99744.31,13.9082,8.4568,5.4515,18296.83,100000,Highly Cost-Effective,False,True,0.509,0.035,0.03,18,True,HUI,False,6,True,False,Government
CEA0555,Budget Impact Analysis (BIA),2024,Japan,Societal,Mental Health,Behavioral,Decision Tree,5,34557.75,41947.83,-7390.08,6.4399,9.2234,-2.7835,2655.0,80000,Highly Cost-Effective,False,False,,0.035,0.04,20,False,Literature,True,7,True,False,Industry
CEA0556,Cost-Benefit Analysis (CBA),2020,Japan,Patient,Diabetes,Diagnostic,Discrete Event Simulation,Lifetime,89684.59,25548.03,64136.56,13.3842,5.4971,7.8871,8131.87,80000,Highly Cost-Effective,True,True,0.838,0.05,0.035,22,True,Expert Opinion,True,3,False,False,Industry
CEA0557,Cost-Minimization Analysis (CMA),2016,Italy,Patient,Rheumatology,Device,Decision Tree,1,103841.75,1588.16,102253.59,14.0679,2.792,11.2759,9068.3,80000,Highly Cost-Effective,True,True,0.676,0.04,0.035,12,True,SF-6D,True,2,True,False,Government
CEA0558,Cost-Benefit Analysis (CBA),2023,France,Societal,Cardiology,Diagnostic,Hybrid,20,19933.42,93489.16,-73555.74,5.5411,3.5475,1.9936,-36895.59,80000,Dominant,True,True,0.966,0.05,0.035,18,True,Literature,False,9,False,True,Industry
CEA0559,Cost-Minimization Analysis (CMA),2022,Sweden,Government,Rheumatology,Diagnostic,Markov,10,181812.45,130183.42,51629.03,3.7435,5.6633,-1.9197,-26893.87,80000,Dominant,True,True,0.606,0.04,0.03,24,True,HUI,False,5,False,False,Industry
CEA0560,Budget Impact Analysis (BIA),2024,Italy,Government,Rare Diseases,Prevention,Decision Tree,20,191873.74,145167.89,46705.86,14.1575,7.5506,6.6069,7069.24,80000,Highly Cost-Effective,True,True,0.821,0.035,0.05,24,True,Expert Opinion,False,1,False,False,Industry
CEA0561,Cost-Minimization Analysis (CMA),2018,USA,Societal,Rheumatology,Diagnostic,Hybrid,1,173123.93,135883.02,37240.92,7.5006,8.3138,-0.8133,-45792.39,100000,Dominant,True,True,0.718,0.04,0.035,14,True,Literature,True,4,False,False,Industry
CEA0562,Cost-Benefit Analysis (CBA),2022,UK,Government,Vaccines,Device,Decision Tree,1,141461.52,56272.85,85188.67,9.3898,13.7252,-4.3354,-19649.5,50000,Dominant,True,True,0.569,0.05,0.04,18,False,HUI,False,2,False,True,Industry
CEA0563,Cost-Minimization Analysis (CMA),2019,Canada,Patient,Rare Diseases,Diagnostic,Markov,Lifetime,43839.05,69246.86,-25407.81,9.9158,5.9096,4.0062,-6342.09,80000,Dominant,True,True,0.5,0.04,0.03,21,False,EQ-5D,False,5,False,False,Government
CEA0564,Budget Impact Analysis (BIA),2023,Australia,Patient,Rheumatology,Behavioral,Decision Tree,5,119281.64,140409.8,-21128.17,8.5979,6.6592,1.9386,-10898.5,80000,Dominant,True,False,,0.04,0.035,13,True,Literature,True,3,True,True,Industry
CEA0565,Cost-Utility Analysis (CUA),2022,Netherlands,Government,Infectious Disease,Digital Health,Hybrid,20,110039.0,87801.78,22237.22,5.5948,6.7003,-1.1055,-20115.63,80000,Dominant,True,True,0.832,0.04,0.05,17,True,SF-6D,False,6,False,True,Government
CEA0566,Budget Impact Analysis (BIA),2020,UK,Patient,Mental Health,Surgical,Hybrid,1,89188.56,34650.36,54538.2,4.6258,10.5468,-5.921,-9210.95,50000,Dominant,True,True,0.784,0.035,0.03,20,False,SF-6D,True,9,True,True,Government
CEA0567,Cost-Effectiveness Analysis (CEA),2016,Canada,Government,Diabetes,Prevention,Hybrid,10,174326.29,59628.21,114698.08,13.4508,2.3283,11.1225,10312.24,80000,Highly Cost-Effective,True,True,0.764,0.03,0.05,22,True,Literature,True,4,False,False,Independent
CEA0568,Cost-Benefit Analysis (CBA),2016,South Korea,Hospital,Infectious Disease,Pharmaceutical,Discrete Event Simulation,20,101802.45,24981.99,76820.46,13.6726,10.5237,3.1489,24396.03,80000,Highly Cost-Effective,True,False,,0.05,0.04,20,True,Expert Opinion,True,8,False,False,Independent
CEA0569,Budget Impact Analysis (BIA),2022,USA,Patient,Respiratory,Diagnostic,Markov,1,122301.47,14096.46,108205.0,11.3487,6.908,4.4407,24366.86,100000,Highly Cost-Effective,True,False,,0.04,0.05,24,True,EQ-5D,False,5,False,False,Government
CEA0570,Cost-Effectiveness Analysis (CEA),2021,South Korea,Patient,Rheumatology,Screening,Hybrid,5,104508.4,58940.12,45568.28,12.0497,5.8782,6.1715,7383.65,80000,Highly Cost-Effective,True,True,0.588,0.03,0.035,23,True,HUI,True,9,False,False,Government
CEA0571,Cost-Effectiveness Analysis (CEA),2015,France,Patient,Rheumatology,Digital Health,Markov,5,74885.84,12176.73,62709.11,5.3758,6.026,-0.6502,-96452.17,80000,Dominant,True,True,0.586,0.03,0.035,13,True,SF-6D,True,0,False,False,Industry
CEA0572,Cost-Benefit Analysis (CBA),2023,USA,Healthcare payer,Neurology,Surgical,Markov,5,93102.28,38781.38,54320.9,10.0728,10.6036,-0.5308,-102338.33,100000,Dominant,True,True,0.529,0.04,0.04,20,True,Literature,False,7,False,False,Government
CEA0573,Cost-Benefit Analysis (CBA),2018,Spain,Hospital,Infectious Disease,Diagnostic,Discrete Event Simulation,Lifetime,13715.29,57049.65,-43334.36,6.2092,7.7763,-1.5672,27651.5,80000,Highly Cost-Effective,True,True,0.298,0.05,0.05,15,True,HUI,True,3,False,False,Government
CEA0574,Cost-Utility Analysis (CUA),2017,Canada,Patient,Mental Health,Surgical,Hybrid,1,80240.28,69564.42,10675.86,8.6351,5.2388,3.3964,3143.32,80000,Highly Cost-Effective,True,False,,0.03,0.03,14,True,HUI,False,2,True,False,Independent
CEA0575,Budget Impact Analysis (BIA),2017,Spain,Healthcare payer,Oncology,Behavioral,Hybrid,5,95725.09,48074.35,47650.74,14.7353,13.7363,0.9989,47702.64,80000,Cost-Effective,True,True,0.739,0.05,0.04,18,True,HUI,False,6,True,False,Government
CEA0576,Cost-Benefit Analysis (CBA),2022,Italy,Societal,Mental Health,Prevention,Discrete Event Simulation,10,164171.67,102706.32,61465.35,8.4267,4.9691,3.4576,17776.95,80000,Highly Cost-Effective,True,True,0.584,0.04,0.05,18,False,SF-6D,False,0,False,False,Independent
CEA0577,Budget Impact Analysis (BIA),2022,South Korea,Healthcare payer,Mental Health,Screening,Markov,5,194458.34,43888.61,150569.74,14.4741,7.9914,6.4827,23226.52,80000,Highly Cost-Effective,True,False,,0.035,0.03,24,True,SF-6D,False,4,True,False,Independent
CEA0578,Cost-Utility Analysis (CUA),2022,Sweden,Healthcare payer,Rare Diseases,Diagnostic,Decision Tree,5,196639.91,70049.44,126590.46,11.8412,12.2806,-0.4394,-288071.9,80000,Dominant,True,True,0.354,0.035,0.05,18,True,SF-6D,True,2,True,True,Independent
CEA0579,Cost-Benefit Analysis (CBA),2020,South Korea,Societal,Rheumatology,Device,Markov,5,64081.85,96547.82,-32465.97,10.2892,9.0138,1.2754,-25456.3,80000,Dominant,True,True,0.558,0.035,0.03,12,False,SF-6D,True,7,False,True,Government
CEA0580,Cost-Minimization Analysis (CMA),2021,South Korea,Hospital,Neurology,Digital Health,Discrete Event Simulation,1,129274.04,47850.69,81423.35,4.3281,9.5306,-5.2025,-15650.91,80000,Dominant,True,True,0.835,0.03,0.04,13,True,Literature,True,3,False,True,Industry
CEA0581,Cost-Minimization Analysis (CMA),2020,Australia,Patient,Rare Diseases,Surgical,Decision Tree,1,103394.94,144485.35,-41090.41,9.0518,11.3033,-2.2515,18249.99,80000,Highly Cost-Effective,True,True,0.852,0.035,0.03,23,False,EQ-5D,False,6,False,False,Mixed
CEA0582,Cost-Effectiveness Analysis (CEA),2021,Netherlands,Government,Vaccines,Digital Health,Decision Tree,5,61489.95,72821.25,-11331.29,9.4681,7.1497,2.3184,-4887.53,80000,Dominant,True,True,0.442,0.04,0.04,16,True,HUI,True,8,False,False,Mixed
CEA0583,Budget Impact Analysis (BIA),2018,Sweden,Patient,Rare Diseases,Device,Markov,20,145414.0,71090.18,74323.82,12.0384,10.2848,1.7536,42382.74,80000,Cost-Effective,True,True,0.536,0.04,0.03,18,True,SF-6D,True,1,False,True,Mixed
CEA0584,Cost-Effectiveness Analysis (CEA),2020,UK,Societal,Respiratory,Screening,Hybrid,20,9923.43,135981.72,-126058.29,9.4641,4.0216,5.4425,-23162.0,50000,Dominant,True,False,,0.04,0.035,12,True,Literature,True,5,False,False,Mixed
CEA0585,Cost-Minimization Analysis (CMA),2023,Australia,Societal,Vaccines,Screening,Markov,10,145294.53,35445.0,109849.52,9.045,4.533,4.512,24346.31,80000,Highly Cost-Effective,True,False,,0.04,0.05,14,False,Literature,True,1,False,True,Government
CEA0586,Cost-Utility Analysis (CUA),2018,Canada,Patient,Oncology,Surgical,Decision Tree,Lifetime,58725.14,65983.32,-7258.18,5.2401,3.6632,1.5769,-4602.94,80000,Dominant,True,True,0.528,0.03,0.035,20,True,Expert Opinion,False,9,False,True,Industry
CEA0587,Budget Impact Analysis (BIA),2019,UK,Societal,Neurology,Prevention,Markov,5,12882.35,45153.87,-32271.52,10.4862,8.2974,2.1888,-14743.89,50000,Dominant,True,True,0.781,0.04,0.05,14,True,SF-6D,False,6,False,False,Mixed
CEA0588,Cost-Effectiveness Analysis (CEA),2020,France,Healthcare payer,Neurology,Behavioral,Decision Tree,1,123827.25,47108.87,76718.38,7.2083,8.8968,-1.6885,-45434.99,80000,Dominant,True,True,0.785,0.03,0.035,12,False,SF-6D,False,4,True,True,Industry
CEA0589,Budget Impact Analysis (BIA),2017,France,Societal,Rare Diseases,Behavioral,Decision Tree,30,14868.55,45299.79,-30431.24,5.5285,2.041,3.4875,-8725.74,80000,Dominant,True,True,0.842,0.03,0.035,21,True,Expert Opinion,True,0,True,False,Industry
CEA0590,Cost-Minimization Analysis (CMA),2019,Sweden,Hospital,Oncology,Screening,Discrete Event Simulation,10,28668.53,43457.81,-14789.28,7.4526,5.9426,1.51,-9794.19,80000,Dominant,True,True,0.675,0.035,0.04,21,True,EQ-5D,True,3,True,False,Government
CEA0591,Cost-Minimization Analysis (CMA),2018,South Korea,Healthcare payer,Diabetes,Screening,Markov,30,83973.25,137236.27,-53263.03,4.1821,9.8292,-5.6471,9431.89,80000,Highly Cost-Effective,True,False,,0.03,0.03,15,True,SF-6D,False,1,True,True,Government
CEA0592,Cost-Benefit Analysis (CBA),2019,Australia,Patient,Cardiology,Surgical,Discrete Event Simulation,20,174479.82,104808.13,69671.69,5.0491,2.3082,2.7409,25419.33,80000,Highly Cost-Effective,True,False,,0.035,0.035,22,True,SF-6D,True,7,False,False,Independent
CEA0593,Cost-Effectiveness Analysis (CEA),2016,Canada,Hospital,Respiratory,Screening,Discrete Event Simulation,30,126854.58,138397.47,-11542.89,9.1541,12.0594,-2.9053,3973.08,80000,Highly Cost-Effective,True,False,,0.04,0.035,12,True,Expert Opinion,True,9,True,False,Industry
CEA0594,Cost-Benefit Analysis (CBA),2018,South Korea,Patient,Neurology,Prevention,Hybrid,5,28704.82,77226.25,-48521.43,14.8221,12.5193,2.3028,-21070.17,80000,Dominant,True,True,0.734,0.05,0.035,16,True,SF-6D,True,5,True,False,Industry
CEA0595,Cost-Effectiveness Analysis (CEA),2024,Germany,Hospital,Oncology,Pharmaceutical,Discrete Event Simulation,Lifetime,98173.61,98398.43,-224.82,9.5234,9.9468,-0.4234,531.04,80000,Highly Cost-Effective,True,False,,0.03,0.05,21,True,HUI,True,8,True,False,Government
CEA0596,Cost-Benefit Analysis (CBA),2019,Italy,Government,Respiratory,Diagnostic,Markov,10,6649.71,12118.12,-5468.41,11.6661,8.6548,3.0113,-1815.94,80000,Dominant,True,True,0.6,0.035,0.035,24,True,Literature,False,1,True,True,Industry
CEA0597,Cost-Minimization Analysis (CMA),2015,Japan,Societal,Respiratory,Surgical,Decision Tree,30,129183.74,108414.12,20769.61,11.5899,10.6777,0.9122,22768.32,80000,Highly Cost-Effective,True,True,0.462,0.05,0.05,19,True,SF-6D,False,3,True,True,Mixed
CEA0598,Cost-Benefit Analysis (CBA),2018,USA,Healthcare payer,Neurology,Device,Discrete Event Simulation,30,172102.27,81745.08,90357.2,4.6927,5.238,-0.5453,-165693.62,100000,Dominant,True,False,,0.04,0.04,17,True,SF-6D,True,4,False,False,Government
CEA0599,Budget Impact Analysis (BIA),2022,USA,Government,Vaccines,Pharmaceutical,Hybrid,30,187624.13,38998.34,148625.79,7.5476,11.5433,-3.9957,-37196.31,100000,Dominant,True,False,,0.035,0.035,17,True,Literature,True,9,False,False,Industry
CEA0600,Cost-Effectiveness Analysis (CEA),2017,USA,Hospital,Diabetes,Screening,Decision Tree,20,34686.97,30117.1,4569.88,4.3214,12.2912,-7.9698,-573.4,100000,Dominant,True,True,0.868,0.05,0.05,23,False,EQ-5D,True,8,True,False,Industry
CEA0601,Cost-Effectiveness Analysis (CEA),2022,UK,Hospital,Oncology,Digital Health,Hybrid,10,85306.62,69938.74,15367.88,8.2765,8.2843,-0.0078,,50000,Inconclusive,True,True,0.7,0.035,0.035,13,True,Literature,True,2,False,True,Government
CEA0602,Cost-Benefit Analysis (CBA),2019,Italy,Government,Infectious Disease,Behavioral,Hybrid,5,181618.97,61728.84,119890.13,9.169,10.3435,-1.1744,-102081.96,80000,Dominant,True,True,0.607,0.035,0.04,17,False,EQ-5D,True,1,False,False,Government
CEA0603,Cost-Minimization Analysis (CMA),2019,Japan,Government,Vaccines,Behavioral,Discrete Event Simulation,30,141984.01,148666.38,-6682.37,7.6795,11.4926,-3.8131,1752.49,80000,Highly Cost-Effective,True,True,0.835,0.035,0.035,14,True,EQ-5D,True,0,False,True,Government
CEA0604,Cost-Benefit Analysis (CBA),2023,Australia,Patient,Neurology,Digital Health,Hybrid,1,56665.5,74274.28,-17608.78,6.9264,8.0838,-1.1574,15214.06,80000,Highly Cost-Effective,True,False,,0.035,0.03,12,True,Expert Opinion,False,9,True,True,Government
CEA0605,Cost-Utility Analysis (CUA),2020,USA,Hospital,Infectious Disease,Diagnostic,Markov,20,173986.0,18460.56,155525.45,11.6546,6.9983,4.6564,33400.65,100000,Highly Cost-Effective,True,True,0.814,0.04,0.035,19,False,EQ-5D,False,8,False,True,Industry
CEA0606,Cost-Utility Analysis (CUA),2015,Spain,Government,Mental Health,Behavioral,Hybrid,Lifetime,113753.42,89990.74,23762.68,4.7016,9.2209,-4.5192,-5258.13,80000,Dominant,False,False,,0.03,0.035,13,True,Literature,True,8,True,False,Industry
CEA0607,Budget Impact Analysis (BIA),2017,Netherlands,Patient,Diabetes,Device,Discrete Event Simulation,30,172101.62,78632.46,93469.16,9.1177,4.5905,4.5272,20646.0,80000,Highly Cost-Effective,True,False,,0.04,0.03,12,True,EQ-5D,False,5,True,True,Independent
CEA0608,Cost-Minimization Analysis (CMA),2023,Italy,Government,Respiratory,Prevention,Decision Tree,5,101942.69,135757.88,-33815.19,3.6771,11.7581,-8.0811,4184.5,80000,Highly Cost-Effective,True,True,0.811,0.03,0.04,21,False,HUI,True,9,True,False,Government
CEA0609,Cost-Minimization Analysis (CMA),2024,South Korea,Patient,Vaccines,Surgical,Hybrid,20,188953.92,51833.27,137120.65,10.2362,11.0017,-0.7655,-179118.63,80000,Dominant,True,True,0.829,0.035,0.035,13,True,HUI,True,6,False,False,Mixed
CEA0610,Cost-Minimization Analysis (CMA),2022,Italy,Societal,Vaccines,Behavioral,Hybrid,1,30734.14,115931.51,-85197.37,12.0083,12.1133,-0.105,811647.7,80000,Not Cost-Effective,True,True,0.585,0.03,0.03,20,True,Expert Opinion,True,4,True,False,Industry
CEA0611,Cost-Effectiveness Analysis (CEA),2021,South Korea,Healthcare payer,Rare Diseases,Prevention,Discrete Event Simulation,5,104030.05,24329.02,79701.03,13.7378,11.9881,1.7496,45552.75,80000,Cost-Effective,True,False,,0.035,0.035,22,False,Literature,True,8,False,True,Industry
CEA0612,Cost-Benefit Analysis (CBA),2019,Italy,Patient,Oncology,Behavioral,Decision Tree,10,13623.88,144722.29,-131098.41,3.0001,5.9053,-2.9052,45124.77,80000,Cost-Effective,True,True,0.698,0.04,0.04,15,False,Literature,True,6,False,False,Industry
CEA0613,Cost-Utility Analysis (CUA),2016,Japan,Healthcare payer,Vaccines,Behavioral,Hybrid,5,8931.57,134184.59,-125253.02,6.4785,3.664,2.8145,-44501.98,80000,Dominant,False,True,0.71,0.05,0.04,19,False,Expert Opinion,True,8,True,False,Industry
CEA0614,Budget Impact Analysis (BIA),2020,USA,Healthcare payer,Vaccines,Prevention,Decision Tree,30,12269.21,93068.68,-80799.46,11.0735,3.992,7.0815,-11409.99,100000,Dominant,True,False,,0.03,0.03,24,True,SF-6D,False,6,False,False,Independent
CEA0615,Budget Impact Analysis (BIA),2024,Japan,Healthcare payer,Respiratory,Pharmaceutical,Markov,20,22348.96,44769.7,-22420.74,9.7501,8.9577,0.7923,-28296.88,80000,Dominant,True,False,,0.03,0.03,14,True,HUI,True,5,False,True,Independent
CEA0616,Cost-Benefit Analysis (CBA),2015,Japan,Hospital,Cardiology,Diagnostic,Discrete Event Simulation,5,106836.04,10732.93,96103.11,9.792,6.2631,3.5289,27233.38,80000,Highly Cost-Effective,True,True,0.624,0.04,0.04,15,True,EQ-5D,False,6,True,False,Government
CEA0617,Cost-Minimization Analysis (CMA),2023,Sweden,Government,Mental Health,Pharmaceutical,Discrete Event Simulation,1,172879.57,39403.38,133476.18,3.4073,10.5035,-7.0962,-18809.4,80000,Dominant,True,True,0.56,0.03,0.04,16,True,SF-6D,True,3,False,False,Industry
CEA0618,Cost-Benefit Analysis (CBA),2022,Germany,Societal,Rheumatology,Prevention,Discrete Event Simulation,5,158702.28,47588.26,111114.02,9.811,5.573,4.238,26218.33,80000,Highly Cost-Effective,True,True,0.572,0.035,0.05,17,True,SF-6D,True,3,False,False,Government
CEA0619,Budget Impact Analysis (BIA),2020,France,Societal,Rare Diseases,Prevention,Decision Tree,20,164140.66,29601.58,134539.08,9.5798,11.3952,-1.8155,-74107.57,80000,Dominant,True,True,0.787,0.035,0.035,17,False,HUI,False,4,False,False,Industry
CEA0620,Cost-Benefit Analysis (CBA),2016,Germany,Hospital,Mental Health,Device,Markov,10,8891.85,136312.43,-127420.58,4.926,10.3678,-5.4418,23415.02,80000,Highly Cost-Effective,True,True,0.444,0.03,0.05,21,False,SF-6D,False,8,False,False,Mixed
CEA0621,Budget Impact Analysis (BIA),2020,Italy,Societal,Diabetes,Screening,Discrete Event Simulation,Lifetime,60241.74,58283.5,1958.23,14.0126,6.4165,7.5962,257.79,80000,Highly Cost-Effective,True,True,0.488,0.035,0.04,12,False,Expert Opinion,True,2,True,True,Mixed
CEA0622,Cost-Benefit Analysis (CBA),2022,Canada,Patient,Rheumatology,Pharmaceutical,Markov,5,145639.66,33002.02,112637.64,5.1846,6.5165,-1.3318,-84572.32,80000,Dominant,True,True,0.947,0.04,0.03,17,True,Expert Opinion,True,1,True,False,Mixed
CEA0623,Cost-Utility Analysis (CUA),2018,Canada,Healthcare payer,Rheumatology,Digital Health,Hybrid,20,1473.34,16800.06,-15326.72,10.4039,2.5378,7.8661,-1948.46,80000,Dominant,True,True,0.506,0.03,0.035,24,True,SF-6D,True,3,False,False,Industry
CEA0624,Cost-Utility Analysis (CUA),2023,USA,Hospital,Mental Health,Screening,Hybrid,Lifetime,143415.98,99605.37,43810.61,9.8967,13.8352,-3.9385,-11123.62,100000,Dominant,True,True,0.482,0.035,0.05,16,True,HUI,True,5,True,False,Industry
CEA0625,Cost-Effectiveness Analysis (CEA),2019,Germany,Government,Vaccines,Prevention,Decision Tree,30,54890.95,47430.61,7460.34,11.0079,4.2524,6.7555,1104.34,80000,Highly Cost-Effective,False,True,0.63,0.04,0.035,17,False,Expert Opinion,True,4,False,False,Industry
CEA0626,Cost-Benefit Analysis (CBA),2016,Japan,Patient,Vaccines,Digital Health,Decision Tree,30,185330.2,93210.81,92119.39,14.0484,4.8203,9.2281,9982.49,80000,Highly Cost-Effective,False,False,,0.03,0.05,24,False,Literature,False,9,False,False,Government
CEA0627,Cost-Effectiveness Analysis (CEA),2024,France,Healthcare payer,Rheumatology,Device,Markov,5,84951.0,97695.69,-12744.69,12.0018,13.2479,-1.2462,10227.12,80000,Highly Cost-Effective,True,True,0.75,0.04,0.04,17,True,Literature,True,6,True,True,Industry
CEA0628,Cost-Benefit Analysis (CBA),2016,USA,Societal,Neurology,Prevention,Decision Tree,10,16531.02,135657.33,-119126.31,14.25,9.1146,5.1353,-23197.49,100000,Dominant,True,False,,0.05,0.03,14,True,Literature,False,9,False,False,Industry
CEA0629,Budget Impact Analysis (BIA),2023,Italy,Government,Mental Health,Behavioral,Markov,5,114001.31,92624.81,21376.5,8.0084,13.6996,-5.6911,-3756.1,80000,Dominant,True,True,0.887,0.03,0.05,21,True,HUI,True,9,True,False,Independent
CEA0630,Cost-Effectiveness Analysis (CEA),2016,Italy,Healthcare payer,Mental Health,Digital Health,Hybrid,30,13388.56,88089.01,-74700.45,6.6085,7.9195,-1.311,56979.95,80000,Cost-Effective,True,True,0.748,0.04,0.035,20,False,SF-6D,True,9,True,False,Industry
CEA0631,Cost-Minimization Analysis (CMA),2020,UK,Patient,Vaccines,Screening,Discrete Event Simulation,1,187549.75,29435.39,158114.36,12.1132,5.7616,6.3516,24893.65,50000,Highly Cost-Effective,True,True,0.468,0.05,0.03,14,False,Expert Opinion,True,1,False,False,Government
CEA0632,Budget Impact Analysis (BIA),2018,Germany,Healthcare payer,Vaccines,Screening,Hybrid,10,85900.43,136554.84,-50654.41,6.5329,3.5164,3.0165,-16792.63,80000,Dominant,True,True,0.45,0.03,0.05,14,True,HUI,True,4,True,True,Industry
CEA0633,Cost-Benefit Analysis (CBA),2018,Japan,Hospital,Neurology,Diagnostic,Markov,20,168860.39,6059.08,162801.31,9.2941,11.7683,-2.4743,-65797.74,80000,Dominant,True,False,,0.035,0.04,16,False,EQ-5D,True,9,False,False,Industry
CEA0634,Cost-Minimization Analysis (CMA),2017,Canada,Societal,Rare Diseases,Device,Hybrid,5,43032.44,3643.1,39389.34,3.2826,9.7101,-6.4276,-6128.2,80000,Dominant,True,True,0.772,0.035,0.05,24,True,HUI,True,3,False,False,Industry
CEA0635,Budget Impact Analysis (BIA),2020,Japan,Healthcare payer,Rare Diseases,Pharmaceutical,Discrete Event Simulation,30,94356.53,17353.96,77002.57,14.332,9.8732,4.4588,17269.83,80000,Highly Cost-Effective,True,False,,0.03,0.04,13,False,Expert Opinion,True,6,True,False,Government
CEA0636,Cost-Benefit Analysis (CBA),2024,Japan,Healthcare payer,Cardiology,Pharmaceutical,Decision Tree,20,52700.2,98102.88,-45402.68,4.4242,5.5017,-1.0776,42134.99,80000,Cost-Effective,True,False,,0.03,0.04,16,True,SF-6D,True,3,False,False,Government
CEA0637,Cost-Minimization Analysis (CMA),2016,Sweden,Healthcare payer,Mental Health,Prevention,Decision Tree,5,37904.78,101492.28,-63587.5,3.9451,7.0851,-3.1399,20251.27,80000,Highly Cost-Effective,True,True,0.683,0.05,0.03,18,True,SF-6D,True,0,True,False,Government
CEA0638,Cost-Utility Analysis (CUA),2024,Italy,Patient,Infectious Disease,Prevention,Hybrid,20,133495.08,135086.11,-1591.03,9.5696,8.7354,0.8342,-1907.33,80000,Dominant,True,True,0.269,0.04,0.04,16,True,Expert Opinion,True,0,True,True,Government
CEA0639,Cost-Minimization Analysis (CMA),2022,South Korea,Healthcare payer,Neurology,Device,Decision Tree,5,57068.7,113002.43,-55933.73,6.132,11.772,-5.64,9917.37,80000,Highly Cost-Effective,True,True,0.892,0.04,0.035,20,True,EQ-5D,True,9,False,False,Industry
CEA0640,Cost-Utility Analysis (CUA),2023,Germany,Healthcare payer,Diabetes,Screening,Discrete Event Simulation,Lifetime,52576.69,9032.28,43544.41,3.6653,2.1358,1.5295,28468.77,80000,Highly Cost-Effective,True,False,,0.03,0.03,24,True,Literature,True,9,False,False,Industry
CEA0641,Budget Impact Analysis (BIA),2021,South Korea,Government,Rare Diseases,Diagnostic,Decision Tree,5,194077.33,122396.24,71681.09,3.4233,5.7999,-2.3766,-30161.47,80000,Dominant,True,True,0.671,0.04,0.05,18,False,HUI,True,5,False,False,Government
CEA0642,Cost-Effectiveness Analysis (CEA),2017,UK,Healthcare payer,Cardiology,Pharmaceutical,Markov,20,78340.9,39285.49,39055.41,13.8537,5.7002,8.1535,4790.02,50000,Highly Cost-Effective,True,True,0.499,0.05,0.04,15,True,SF-6D,False,2,True,True,Independent
CEA0643,Cost-Effectiveness Analysis (CEA),2019,South Korea,Hospital,Neurology,Screening,Decision Tree,20,168328.82,101687.03,66641.79,13.5619,12.6473,0.9146,72860.87,80000,Cost-Effective,True,True,0.683,0.03,0.035,19,True,Expert Opinion,False,0,False,True,Industry
CEA0644,Cost-Minimization Analysis (CMA),2024,UK,Patient,Rheumatology,Surgical,Decision Tree,10,138231.05,118893.92,19337.13,6.39,5.4653,0.9247,20912.63,50000,Highly Cost-Effective,True,True,0.857,0.035,0.035,23,False,Expert Opinion,False,1,True,False,Government
CEA0645,Budget Impact Analysis (BIA),2016,Australia,Societal,Vaccines,Screening,Discrete Event Simulation,20,31907.21,72520.74,-40613.53,7.9077,7.7202,0.1874,-216669.49,80000,Dominant,True,True,0.797,0.035,0.03,19,True,Expert Opinion,False,0,False,False,Industry
CEA0646,Cost-Benefit Analysis (CBA),2024,Germany,Patient,Respiratory,Surgical,Hybrid,20,136465.44,104412.31,32053.13,5.5619,11.5579,-5.996,-5345.76,80000,Dominant,True,True,0.528,0.03,0.035,18,True,EQ-5D,False,6,False,True,Industry
CEA0647,Cost-Minimization Analysis (CMA),2015,UK,Patient,Infectious Disease,Diagnostic,Markov,5,144873.83,118263.06,26610.77,7.5591,4.9629,2.5963,10249.65,50000,Highly Cost-Effective,True,True,0.636,0.03,0.05,24,True,Literature,False,4,True,True,Industry
CEA0648,Cost-Benefit Analysis (CBA),2015,UK,Hospital,Oncology,Pharmaceutical,Discrete Event Simulation,20,56245.99,53737.11,2508.89,12.4258,13.8703,-1.4445,-1736.88,50000,Dominant,True,True,0.683,0.04,0.035,13,False,HUI,True,7,False,False,Government
CEA0649,Cost-Effectiveness Analysis (CEA),2016,Spain,Patient,Oncology,Surgical,Markov,5,55502.35,30147.97,25354.39,5.3843,3.568,1.8163,13959.35,80000,Highly Cost-Effective,True,True,0.432,0.035,0.04,19,False,Literature,False,1,True,False,Industry
CEA0650,Cost-Effectiveness Analysis (CEA),2021,Spain,Hospital,Rheumatology,Screening,Hybrid,30,195671.84,118220.2,77451.63,10.3896,7.3786,3.011,25722.95,80000,Highly Cost-Effective,True,True,0.784,0.05,0.04,15,True,HUI,False,1,False,False,Government
CEA0651,Budget Impact Analysis (BIA),2019,Germany,Societal,Oncology,Surgical,Discrete Event Simulation,20,198554.7,137921.39,60633.31,11.1993,12.0984,-0.8991,-67437.27,80000,Dominant,True,True,0.694,0.05,0.05,17,True,Expert Opinion,True,5,True,False,Government
CEA0652,Cost-Utility Analysis (CUA),2021,South Korea,Healthcare payer,Respiratory,Prevention,Decision Tree,10,161782.73,87076.26,74706.47,10.7588,2.4853,8.2735,9029.65,80000,Highly Cost-Effective,True,True,0.756,0.03,0.05,18,True,Literature,True,6,True,False,Government
CEA0653,Cost-Benefit Analysis (CBA),2019,Japan,Government,Oncology,Prevention,Hybrid,5,101504.56,22943.28,78561.28,12.3452,5.2938,7.0513,11141.34,80000,Highly Cost-Effective,True,True,0.615,0.04,0.03,21,False,Literature,True,7,False,False,Government
CEA0654,Cost-Minimization Analysis (CMA),2016,Japan,Patient,Mental Health,Screening,Hybrid,1,13394.9,102251.87,-88856.97,6.4673,2.8952,3.5721,-24875.27,80000,Dominant,True,True,0.611,0.04,0.05,21,True,Expert Opinion,False,5,False,False,Industry
CEA0655,Cost-Benefit Analysis (CBA),2017,USA,Healthcare payer,Diabetes,Digital Health,Hybrid,20,23182.37,73569.38,-50387.01,11.4299,3.0441,8.3858,-6008.62,100000,Dominant,True,True,0.705,0.04,0.05,20,True,Expert Opinion,True,3,True,False,Independent
CEA0656,Cost-Minimization Analysis (CMA),2022,Sweden,Hospital,Vaccines,Screening,Discrete Event Simulation,30,114092.04,51234.87,62857.17,8.6606,5.6076,3.053,20588.63,80000,Highly Cost-Effective,True,True,0.793,0.035,0.05,20,True,Literature,True,1,True,False,Industry
CEA0657,Cost-Effectiveness Analysis (CEA),2017,France,Patient,Vaccines,Surgical,Markov,20,62044.72,36246.79,25797.93,8.2811,5.5135,2.7676,9321.42,80000,Highly Cost-Effective,True,True,0.679,0.035,0.03,21,True,SF-6D,False,3,True,False,Government
CEA0658,Cost-Benefit Analysis (CBA),2017,USA,Societal,Infectious Disease,Surgical,Markov,Lifetime,93724.06,101871.12,-8147.07,8.9064,5.239,3.6674,-2221.49,100000,Dominant,True,False,,0.04,0.04,24,False,HUI,False,9,False,False,Industry
CEA0659,Cost-Benefit Analysis (CBA),2015,Canada,Societal,Respiratory,Digital Health,Hybrid,5,174692.06,40323.79,134368.27,5.6832,4.9674,0.7158,187727.44,80000,Not Cost-Effective,True,True,0.559,0.05,0.035,21,False,Literature,False,4,False,True,Industry
CEA0660,Cost-Effectiveness Analysis (CEA),2019,Sweden,Government,Oncology,Device,Hybrid,10,82221.02,121010.73,-38789.72,10.3431,11.905,-1.5618,24836.54,80000,Highly Cost-Effective,True,True,0.842,0.04,0.03,18,True,EQ-5D,True,2,True,False,Mixed
CEA0661,Cost-Benefit Analysis (CBA),2015,Netherlands,Government,Oncology,Device,Decision Tree,Lifetime,128062.6,57960.37,70102.22,5.054,12.6509,-7.5969,-9227.75,80000,Dominant,True,False,,0.03,0.05,20,True,Literature,True,3,True,False,Government
CEA0662,Budget Impact Analysis (BIA),2021,Germany,Government,Cardiology,Behavioral,Markov,20,12484.44,134994.71,-122510.27,12.2327,9.4801,2.7526,-44506.86,80000,Dominant,True,True,0.419,0.04,0.035,23,True,HUI,True,1,True,False,Industry
CEA0663,Cost-Effectiveness Analysis (CEA),2022,Germany,Societal,Mental Health,Screening,Decision Tree,30,135914.19,93105.12,42809.07,6.5283,12.0435,-5.5152,-7762.07,80000,Dominant,True,True,0.764,0.04,0.03,22,True,EQ-5D,False,7,False,False,Independent
CEA0664,Cost-Effectiveness Analysis (CEA),2019,Germany,Government,Rare Diseases,Behavioral,Hybrid,Lifetime,63502.91,49843.94,13658.96,7.971,9.5227,-1.5517,-8802.61,80000,Dominant,True,True,0.902,0.05,0.035,17,True,SF-6D,True,1,False,True,Industry
CEA0665,Cost-Effectiveness Analysis (CEA),2024,South Korea,Government,Mental Health,Device,Discrete Event Simulation,5,81222.09,10800.68,70421.41,11.7999,10.3358,1.464,48101.31,80000,Cost-Effective,True,True,0.592,0.04,0.035,23,False,HUI,False,7,True,True,Government
CEA0666,Cost-Effectiveness Analysis (CEA),2017,UK,Government,Vaccines,Prevention,Markov,5,75328.79,69604.01,5724.78,5.3504,11.2144,-5.864,-976.25,50000,Dominant,True,True,0.822,0.035,0.03,23,True,HUI,False,8,False,False,Government
CEA0667,Cost-Effectiveness Analysis (CEA),2024,Canada,Hospital,Oncology,Prevention,Discrete Event Simulation,10,102139.9,6815.4,95324.5,14.9492,6.3102,8.639,11034.15,80000,Highly Cost-Effective,True,False,,0.035,0.04,21,True,HUI,True,1,True,False,Industry
CEA0668,Cost-Minimization Analysis (CMA),2016,Netherlands,Patient,Mental Health,Prevention,Discrete Event Simulation,10,165155.42,11861.74,153293.68,9.7363,6.8015,2.9348,52233.37,80000,Cost-Effective,True,True,0.826,0.03,0.04,12,True,Expert Opinion,False,8,True,False,Industry
CEA0669,Budget Impact Analysis (BIA),2018,South Korea,Societal,Rheumatology,Screening,Hybrid,30,36443.42,56943.14,-20499.71,5.5209,2.9957,2.5252,-8118.11,80000,Dominant,True,True,0.81,0.04,0.04,13,True,HUI,False,7,False,False,Government
CEA0670,Budget Impact Analysis (BIA),2023,South Korea,Hospital,Mental Health,Diagnostic,Decision Tree,1,61696.84,64821.78,-3124.94,6.3027,9.8175,-3.5148,889.07,80000,Highly Cost-Effective,True,True,0.54,0.05,0.035,12,True,Expert Opinion,True,9,True,False,Industry
CEA0671,Cost-Effectiveness Analysis (CEA),2023,Italy,Healthcare payer,Rheumatology,Pharmaceutical,Markov,Lifetime,115837.2,34298.59,81538.61,8.5125,8.635,-0.1225,-665671.57,80000,Dominant,True,True,0.821,0.03,0.03,15,True,SF-6D,False,0,False,True,Government
CEA0672,Cost-Minimization Analysis (CMA),2022,Canada,Patient,Respiratory,Surgical,Markov,1,55805.87,42151.14,13654.72,12.6163,10.6227,1.9936,6849.35,80000,Highly Cost-Effective,True,True,0.502,0.035,0.035,14,True,SF-6D,True,3,False,False,Mixed
CEA0673,Budget Impact Analysis (BIA),2024,Germany,Healthcare payer,Diabetes,Surgical,Decision Tree,Lifetime,155234.53,46363.92,108870.6,9.3296,12.8285,-3.4989,-31115.91,80000,Dominant,True,False,,0.03,0.035,18,False,EQ-5D,True,4,False,False,Independent
CEA0674,Cost-Minimization Analysis (CMA),2021,South Korea,Healthcare payer,Rare Diseases,Behavioral,Hybrid,10,25972.69,67820.99,-41848.3,8.0783,5.8855,2.1928,-19084.56,80000,Dominant,True,False,,0.035,0.04,17,False,Literature,True,2,True,False,Mixed
CEA0675,Cost-Benefit Analysis (CBA),2023,UK,Government,Mental Health,Pharmaceutical,Decision Tree,20,83041.58,67135.89,15905.7,6.6234,6.1019,0.5215,30501.43,50000,Cost-Effective,True,True,0.49,0.035,0.035,21,True,HUI,False,8,True,False,Industry
CEA0676,Budget Impact Analysis (BIA),2021,Sweden,Government,Cardiology,Diagnostic,Hybrid,Lifetime,72504.22,39599.73,32904.49,4.3353,5.2942,-0.959,-34312.62,80000,Dominant,False,True,0.546,0.035,0.03,22,True,SF-6D,False,0,False,True,Industry
CEA0677,Cost-Effectiveness Analysis (CEA),2019,Sweden,Societal,Infectious Disease,Device,Decision Tree,1,162242.53,27249.03,134993.5,9.0013,8.8275,0.1738,776717.18,80000,Not Cost-Effective,True,True,0.719,0.04,0.03,22,True,EQ-5D,True,5,False,False,Government
CEA0678,Cost-Effectiveness Analysis (CEA),2018,USA,Hospital,Vaccines,Device,Markov,30,151262.01,93407.25,57854.76,10.0532,8.0518,2.0014,28906.66,100000,Highly Cost-Effective,True,True,0.534,0.035,0.03,23,True,EQ-5D,True,5,True,False,Mixed
CEA0679,Cost-Effectiveness Analysis (CEA),2020,Netherlands,Government,Mental Health,Device,Hybrid,1,79399.64,31959.73,47439.91,7.8435,9.6048,-1.7613,-26934.9,80000,Dominant,True,False,,0.04,0.03,14,True,Literature,True,5,False,False,Government
CEA0680,Cost-Effectiveness Analysis (CEA),2018,South Korea,Hospital,Rheumatology,Surgical,Markov,1,52638.18,72695.08,-20056.9,12.1392,7.2685,4.8707,-4117.84,80000,Dominant,False,True,0.852,0.03,0.05,13,True,EQ-5D,False,4,True,True,Independent
CEA0681,Cost-Minimization Analysis (CMA),2015,UK,Healthcare payer,Infectious Disease,Digital Health,Hybrid,20,149311.34,59171.07,90140.27,3.2892,13.2696,-9.9804,-9031.74,50000,Dominant,True,False,,0.05,0.04,21,False,HUI,False,1,True,False,Government
CEA0682,Cost-Minimization Analysis (CMA),2022,Italy,Hospital,Neurology,Digital Health,Hybrid,5,157292.84,127624.96,29667.88,4.6056,7.4661,-2.8605,-10371.53,80000,Dominant,True,False,,0.05,0.035,20,False,Literature,False,7,False,True,Industry
CEA0683,Cost-Effectiveness Analysis (CEA),2022,Australia,Patient,Cardiology,Behavioral,Discrete Event Simulation,1,185197.3,77467.05,107730.25,8.7732,13.9532,-5.1801,-20797.14,80000,Dominant,True,False,,0.035,0.03,12,True,Expert Opinion,False,6,False,False,Independent
CEA0684,Cost-Effectiveness Analysis (CEA),2022,Australia,Patient,Diabetes,Pharmaceutical,Decision Tree,Lifetime,142643.05,34265.77,108377.29,5.2506,11.6038,-6.3532,-17058.72,80000,Dominant,True,False,,0.04,0.05,20,True,Expert Opinion,True,6,True,False,Mixed
CEA0685,Cost-Benefit Analysis (CBA),2018,Spain,Societal,Infectious Disease,Screening,Hybrid,30,110740.9,83594.16,27146.74,9.1316,6.3719,2.7597,9836.92,80000,Highly Cost-Effective,True,True,0.496,0.03,0.035,14,True,Literature,True,8,True,False,Industry
CEA0686,Cost-Utility Analysis (CUA),2015,Italy,Healthcare payer,Neurology,Diagnostic,Decision Tree,5,189986.99,126978.12,63008.87,13.2712,9.8262,3.445,18289.85,80000,Highly Cost-Effective,True,True,0.581,0.04,0.035,16,False,EQ-5D,True,4,False,False,Industry
CEA0687,Cost-Utility Analysis (CUA),2023,Italy,Government,Respiratory,Surgical,Markov,30,150157.7,95896.62,54261.08,6.6289,11.8412,-5.2123,-10410.24,80000,Dominant,True,False,,0.04,0.04,13,True,Expert Opinion,True,6,True,False,Government
CEA0688,Cost-Minimization Analysis (CMA),2015,Netherlands,Patient,Neurology,Surgical,Markov,10,22726.86,31536.08,-8809.22,14.6456,3.6169,11.0286,-798.76,80000,Dominant,True,True,0.746,0.05,0.035,21,True,Literature,True,1,True,False,Industry
CEA0689,Cost-Minimization Analysis (CMA),2022,Canada,Hospital,Vaccines,Prevention,Discrete Event Simulation,5,10344.9,99088.74,-88743.84,10.0598,9.9537,0.1061,-836587.31,80000,Dominant,True,False,,0.05,0.03,21,True,EQ-5D,True,8,False,False,Government
CEA0690,Budget Impact Analysis (BIA),2015,USA,Government,Infectious Disease,Behavioral,Hybrid,1,159999.43,5234.01,154765.42,5.786,6.147,-0.361,-428728.58,100000,Dominant,True,True,0.635,0.03,0.03,14,True,HUI,True,1,False,False,Industry
CEA0691,Budget Impact Analysis (BIA),2024,Sweden,Healthcare payer,Neurology,Digital Health,Decision Tree,5,106420.26,112675.94,-6255.68,6.3342,2.6119,3.7223,-1680.61,80000,Dominant,True,False,,0.03,0.04,17,True,SF-6D,True,4,False,False,Independent
CEA0692,Budget Impact Analysis (BIA),2017,Canada,Government,Rheumatology,Diagnostic,Discrete Event Simulation,10,92745.81,143217.23,-50471.42,6.5371,7.867,-1.3299,37952.28,80000,Highly Cost-Effective,True,True,0.687,0.03,0.035,12,True,HUI,True,9,True,False,Industry
CEA0693,Cost-Benefit Analysis (CBA),2024,Australia,Hospital,Cardiology,Screening,Discrete Event Simulation,5,104288.59,139976.95,-35688.36,9.4306,3.4753,5.9553,-5992.72,80000,Dominant,True,True,0.822,0.035,0.04,19,False,SF-6D,True,0,True,True,Mixed
CEA0694,Cost-Utility Analysis (CUA),2022,South Korea,Hospital,Neurology,Screening,Decision Tree,5,120514.93,137442.56,-16927.63,9.1027,2.0356,7.0671,-2395.28,80000,Dominant,True,False,,0.04,0.03,19,False,HUI,True,7,True,False,Industry
CEA0695,Cost-Effectiveness Analysis (CEA),2022,Sweden,Hospital,Vaccines,Prevention,Hybrid,Lifetime,149574.83,39002.23,110572.6,5.1814,2.0325,3.1489,35114.78,80000,Highly Cost-Effective,True,False,,0.035,0.035,20,True,SF-6D,True,3,True,False,Industry
CEA0696,Cost-Effectiveness Analysis (CEA),2018,Australia,Societal,Respiratory,Pharmaceutical,Hybrid,30,1638.87,46916.45,-45277.59,13.3989,6.0029,7.396,-6121.94,80000,Dominant,True,True,0.757,0.03,0.035,18,True,Expert Opinion,True,0,False,False,Mixed
CEA0697,Cost-Benefit Analysis (CBA),2018,Sweden,Hospital,Rare Diseases,Surgical,Hybrid,1,68989.95,91447.49,-22457.55,11.878,6.2531,5.6249,-3992.54,80000,Dominant,True,True,0.271,0.04,0.03,22,True,HUI,True,4,False,False,Mixed
CEA0698,Cost-Minimization Analysis (CMA),2017,Australia,Patient,Mental Health,Behavioral,Hybrid,30,86124.52,103552.07,-17427.55,8.2763,12.7083,-4.4319,3932.28,80000,Highly Cost-Effective,True,True,0.683,0.04,0.03,17,True,HUI,True,2,False,True,Industry
CEA0699,Budget Impact Analysis (BIA),2021,Canada,Societal,Mental Health,Screening,Markov,20,50386.41,87194.04,-36807.63,11.4599,11.7548,-0.2948,124835.17,80000,Not Cost-Effective,True,False,,0.03,0.03,13,True,HUI,False,9,True,False,Independent
CEA0700,Cost-Minimization Analysis (CMA),2023,Netherlands,Healthcare payer,Vaccines,Digital Health,Hybrid,30,162460.44,48545.49,113914.96,5.2279,6.7501,-1.5222,-74834.26,80000,Dominant,True,True,0.316,0.04,0.05,19,True,HUI,True,4,False,False,Industry
CEA0701,Cost-Benefit Analysis (CBA),2024,USA,Hospital,Neurology,Prevention,Decision Tree,10,198964.9,116380.45,82584.45,9.4844,11.2464,-1.762,-46868.44,100000,Dominant,True,True,0.793,0.05,0.04,14,False,Expert Opinion,True,5,True,False,Industry
CEA0702,Cost-Effectiveness Analysis (CEA),2015,Italy,Societal,Mental Health,Behavioral,Markov,10,125488.01,71818.58,53669.43,14.9825,6.655,8.3274,6444.89,80000,Highly Cost-Effective,False,True,0.57,0.035,0.04,22,True,SF-6D,False,6,False,False,Independent
CEA0703,Cost-Benefit Analysis (CBA),2019,France,Government,Mental Health,Device,Hybrid,1,54303.67,39408.7,14894.98,9.812,2.9481,6.8639,2170.05,80000,Highly Cost-Effective,True,True,0.608,0.035,0.03,15,True,EQ-5D,True,6,False,True,Industry
CEA0704,Cost-Minimization Analysis (CMA),2024,Sweden,Societal,Mental Health,Device,Markov,20,121237.51,110012.3,11225.21,14.896,5.1211,9.7749,1148.37,80000,Highly Cost-Effective,True,True,0.644,0.04,0.05,21,True,Expert Opinion,False,8,True,False,Industry
CEA0705,Cost-Effectiveness Analysis (CEA),2024,Spain,Healthcare payer,Oncology,Device,Hybrid,5,178760.26,99180.04,79580.22,13.3327,3.1467,10.1859,7812.76,80000,Highly Cost-Effective,True,True,0.744,0.03,0.05,12,False,Expert Opinion,True,8,False,True,Independent
CEA0706,Budget Impact Analysis (BIA),2024,Australia,Healthcare payer,Vaccines,Surgical,Decision Tree,10,125411.86,147190.51,-21778.65,3.4895,8.1452,-4.6556,4677.9,80000,Highly Cost-Effective,True,True,0.384,0.035,0.03,18,True,EQ-5D,False,3,False,False,Mixed
CEA0707,Cost-Benefit Analysis (CBA),2016,Germany,Patient,Neurology,Pharmaceutical,Hybrid,10,75096.06,85036.53,-9940.47,12.7133,3.6038,9.1094,-1091.23,80000,Dominant,True,False,,0.04,0.04,20,True,SF-6D,True,6,False,False,Industry
CEA0708,Cost-Benefit Analysis (CBA),2018,Netherlands,Societal,Rare Diseases,Prevention,Decision Tree,5,129136.71,83059.04,46077.67,5.7515,11.9794,-6.2279,-7398.63,80000,Dominant,True,True,0.425,0.04,0.035,12,True,EQ-5D,False,9,False,False,Industry
CEA0709,Cost-Utility Analysis (CUA),2022,USA,Hospital,Diabetes,Diagnostic,Discrete Event Simulation,10,195595.91,99276.58,96319.32,7.4896,3.7538,3.7358,25782.45,100000,Highly Cost-Effective,True,True,0.763,0.03,0.035,23,True,Expert Opinion,False,3,False,False,Independent
CEA0710,Cost-Utility Analysis (CUA),2015,Spain,Healthcare payer,Rare Diseases,Screening,Discrete Event Simulation,1,78902.37,31360.81,47541.56,13.4924,3.3619,10.1306,4692.88,80000,Highly Cost-Effective,True,False,,0.04,0.035,12,False,Literature,True,4,True,False,Government
CEA0711,Cost-Minimization Analysis (CMA),2023,Australia,Government,Vaccines,Surgical,Hybrid,5,130906.25,55390.29,75515.95,12.2999,12.8479,-0.5481,-137789.24,80000,Dominant,True,False,,0.05,0.03,19,True,Expert Opinion,True,3,False,True,Mixed
CEA0712,Cost-Benefit Analysis (CBA),2020,Italy,Patient,Diabetes,Digital Health,Markov,30,113164.63,128832.74,-15668.11,7.7157,11.2687,-3.553,4409.79,80000,Highly Cost-Effective,True,True,0.471,0.03,0.035,18,False,EQ-5D,True,9,True,True,Government
CEA0713,Cost-Utility Analysis (CUA),2016,Netherlands,Hospital,Infectious Disease,Digital Health,Discrete Event Simulation,10,117471.53,108632.17,8839.35,7.3688,7.9549,-0.586,-15083.9,80000,Dominant,True,True,0.953,0.035,0.035,23,False,HUI,True,9,False,True,Industry
CEA0714,Budget Impact Analysis (BIA),2018,Canada,Government,Vaccines,Device,Decision Tree,20,85246.75,103227.07,-17980.33,10.47,7.3484,3.1216,-5759.92,80000,Dominant,True,True,0.815,0.035,0.035,20,True,HUI,True,4,False,False,Industry
CEA0715,Cost-Utility Analysis (CUA),2024,Spain,Societal,Cardiology,Pharmaceutical,Decision Tree,10,79510.2,109703.31,-30193.11,6.7196,8.4254,-1.7059,17699.68,80000,Highly Cost-Effective,False,True,0.308,0.035,0.05,19,True,HUI,False,4,False,True,Government
CEA0716,Budget Impact Analysis (BIA),2022,Germany,Healthcare payer,Respiratory,Diagnostic,Discrete Event Simulation,Lifetime,31293.96,148086.57,-116792.61,11.955,6.9774,4.9775,-23464.05,80000,Dominant,True,True,0.743,0.035,0.04,24,False,Expert Opinion,True,3,False,False,Industry
CEA0717,Cost-Effectiveness Analysis (CEA),2016,USA,Government,Neurology,Digital Health,Discrete Event Simulation,30,138581.46,3818.62,134762.84,5.2233,9.2809,-4.0576,-33212.33,100000,Dominant,True,False,,0.04,0.05,20,True,Literature,True,6,False,True,Government
CEA0718,Cost-Minimization Analysis (CMA),2024,Australia,Hospital,Rheumatology,Surgical,Discrete Event Simulation,Lifetime,32819.51,85429.76,-52610.25,12.8573,2.4648,10.3924,-5062.36,80000,Dominant,True,True,0.768,0.03,0.035,22,True,Literature,False,2,False,False,Government
CEA0719,Cost-Minimization Analysis (CMA),2023,Sweden,Patient,Diabetes,Pharmaceutical,Discrete Event Simulation,10,190942.35,129076.85,61865.5,13.0969,6.7018,6.3951,9673.87,80000,Highly Cost-Effective,True,True,0.841,0.05,0.05,15,True,Expert Opinion,False,9,False,False,Independent
CEA0720,Budget Impact Analysis (BIA),2018,USA,Healthcare payer,Oncology,Screening,Decision Tree,Lifetime,81975.1,35991.74,45983.36,9.8601,11.4007,-1.5405,-29848.96,100000,Dominant,True,True,0.552,0.035,0.05,23,True,Expert Opinion,False,0,True,False,Independent
CEA0721,Budget Impact Analysis (BIA),2020,Canada,Societal,Oncology,Screening,Discrete Event Simulation,30,137832.9,99162.08,38670.82,9.6138,5.7291,3.8847,9954.76,80000,Highly Cost-Effective,True,True,0.695,0.04,0.035,24,True,Literature,False,1,False,True,Independent
CEA0722,Cost-Minimization Analysis (CMA),2019,UK,Healthcare payer,Diabetes,Diagnostic,Markov,5,72623.19,149985.0,-77361.81,7.1489,11.7646,-4.6157,16760.5,50000,Highly Cost-Effective,True,True,0.503,0.03,0.05,12,True,HUI,True,2,False,False,Government
CEA0723,Cost-Effectiveness Analysis (CEA),2022,Canada,Societal,Cardiology,Surgical,Discrete Event Simulation,10,95352.15,117403.57,-22051.42,7.0577,7.4444,-0.3867,57025.06,80000,Cost-Effective,True,True,0.33,0.03,0.05,12,False,Literature,True,7,False,False,Government
CEA0724,Cost-Minimization Analysis (CMA),2021,Italy,Government,Mental Health,Behavioral,Markov,1,66082.39,97501.58,-31419.19,11.2535,8.1814,3.0721,-10227.2,80000,Dominant,True,True,0.793,0.035,0.04,24,True,Expert Opinion,False,8,True,True,Mixed
CEA0725,Cost-Effectiveness Analysis (CEA),2020,Spain,Societal,Infectious Disease,Behavioral,Markov,5,73489.45,60636.51,12852.95,3.2765,9.0689,-5.7923,-2218.97,80000,Dominant,True,True,0.365,0.04,0.04,12,True,HUI,False,3,True,True,Industry
CEA0726,Cost-Minimization Analysis (CMA),2015,Australia,Healthcare payer,Rheumatology,Behavioral,Hybrid,30,6246.56,9408.23,-3161.66,11.5514,4.302,7.2494,-436.13,80000,Dominant,True,True,0.7,0.05,0.05,15,True,SF-6D,False,5,False,False,Industry
CEA0727,Cost-Benefit Analysis (CBA),2017,Sweden,Patient,Diabetes,Prevention,Markov,Lifetime,99050.86,111674.69,-12623.83,11.4066,7.8867,3.5198,-3586.47,80000,Dominant,True,True,0.343,0.05,0.04,18,True,Expert Opinion,True,6,False,False,Government
CEA0728,Cost-Benefit Analysis (CBA),2015,Italy,Government,Diabetes,Behavioral,Decision Tree,1,140288.44,1321.05,138967.39,4.2765,13.0238,-8.7473,-15886.94,80000,Dominant,True,True,0.632,0.04,0.035,17,True,Literature,False,0,False,False,Independent
CEA0729,Cost-Effectiveness Analysis (CEA),2018,UK,Societal,Cardiology,Diagnostic,Decision Tree,10,11250.2,142474.38,-131224.18,3.8698,6.1773,-2.3076,56867.21,50000,Marginally Cost-Effective,True,True,0.517,0.035,0.05,12,True,SF-6D,True,2,True,False,Government
CEA0730,Cost-Effectiveness Analysis (CEA),2021,Japan,Societal,Cardiology,Diagnostic,Discrete Event Simulation,Lifetime,24874.51,24249.65,624.86,6.8069,5.6123,1.1945,523.1,80000,Highly Cost-Effective,True,True,0.521,0.035,0.04,12,True,EQ-5D,False,9,True,False,Industry
CEA0731,Budget Impact Analysis (BIA),2020,Japan,Patient,Infectious Disease,Diagnostic,Decision Tree,30,125797.34,114219.71,11577.63,8.6657,3.2635,5.4022,2143.12,80000,Highly Cost-Effective,True,True,0.491,0.05,0.03,12,False,Literature,False,2,False,False,Industry
CEA0732,Cost-Effectiveness Analysis (CEA),2021,South Korea,Patient,Mental Health,Device,Decision Tree,Lifetime,75617.13,43023.67,32593.46,14.0292,3.5243,10.5049,3102.68,80000,Highly Cost-Effective,True,False,,0.05,0.03,19,False,Expert Opinion,True,2,True,False,Industry
CEA0733,Cost-Utility Analysis (CUA),2022,Sweden,Patient,Neurology,Diagnostic,Discrete Event Simulation,Lifetime,85509.48,77979.11,7530.37,5.1204,2.7371,2.3833,3159.69,80000,Highly Cost-Effective,True,True,0.43,0.03,0.04,19,True,Literature,True,4,False,False,Independent
CEA0734,Cost-Benefit Analysis (CBA),2019,Germany,Government,Mental Health,Behavioral,Discrete Event Simulation,10,63577.62,34223.52,29354.1,14.6351,12.951,1.6841,17430.26,80000,Highly Cost-Effective,True,True,0.403,0.05,0.03,18,True,HUI,True,9,False,False,Government
CEA0735,Cost-Benefit Analysis (CBA),2024,Germany,Healthcare payer,Infectious Disease,Pharmaceutical,Hybrid,30,12139.49,77388.63,-65249.13,7.9008,8.3298,-0.4291,152078.1,80000,Not Cost-Effective,True,True,0.561,0.05,0.04,22,True,Expert Opinion,False,1,False,False,Industry
CEA0736,Cost-Minimization Analysis (CMA),2016,UK,Government,Oncology,Diagnostic,Markov,1,108959.08,146927.2,-37968.11,8.0808,4.3454,3.7355,-10164.26,50000,Dominant,True,True,0.662,0.035,0.04,19,True,Literature,True,4,True,False,Industry
CEA0737,Cost-Benefit Analysis (CBA),2017,Japan,Hospital,Neurology,Screening,Markov,20,67204.61,24591.8,42612.8,12.382,10.4061,1.9758,21566.82,80000,Highly Cost-Effective,True,True,0.579,0.05,0.03,18,False,Expert Opinion,False,4,False,True,Industry
CEA0738,Cost-Utility Analysis (CUA),2018,Australia,Healthcare payer,Infectious Disease,Behavioral,Discrete Event Simulation,1,6613.04,71150.58,-64537.54,13.7861,10.9829,2.8032,-23022.98,80000,Dominant,True,True,0.326,0.035,0.03,19,True,HUI,False,7,False,True,Mixed
CEA0739,Cost-Benefit Analysis (CBA),2022,Sweden,Hospital,Neurology,Diagnostic,Markov,1,146085.01,9876.03,136208.99,14.3353,8.571,5.7643,23629.57,80000,Highly Cost-Effective,True,True,0.878,0.05,0.03,15,True,HUI,True,6,False,False,Industry
CEA0740,Cost-Utility Analysis (CUA),2020,Japan,Societal,Rheumatology,Digital Health,Discrete Event Simulation,Lifetime,158167.63,37498.31,120669.32,9.5221,3.0845,6.4376,18744.37,80000,Highly Cost-Effective,True,True,0.364,0.05,0.035,24,True,SF-6D,True,7,False,False,Industry
CEA0741,Cost-Minimization Analysis (CMA),2024,France,Hospital,Infectious Disease,Pharmaceutical,Markov,1,177981.55,89412.27,88569.28,5.5938,8.9147,-3.3209,-26670.54,80000,Dominant,True,True,0.541,0.035,0.04,14,False,EQ-5D,True,4,False,False,Industry
CEA0742,Cost-Minimization Analysis (CMA),2015,Spain,Societal,Cardiology,Surgical,Discrete Event Simulation,20,71869.55,47026.4,24843.15,13.5616,5.0636,8.498,2923.4,80000,Highly Cost-Effective,True,True,0.918,0.05,0.035,24,True,Literature,True,1,True,False,Industry
CEA0743,Cost-Effectiveness Analysis (CEA),2016,Netherlands,Government,Oncology,Surgical,Hybrid,5,156215.46,124669.73,31545.72,6.2207,10.2435,-4.0228,-7841.74,80000,Dominant,True,True,0.54,0.05,0.035,17,True,Literature,False,7,True,False,Independent
CEA0744,Cost-Utility Analysis (CUA),2021,France,Hospital,Neurology,Surgical,Discrete Event Simulation,Lifetime,8648.17,133521.65,-124873.47,10.9092,5.3003,5.609,-22263.21,80000,Dominant,True,True,0.462,0.035,0.05,23,False,SF-6D,True,9,True,True,Industry
CEA0745,Cost-Benefit Analysis (CBA),2018,South Korea,Societal,Rheumatology,Diagnostic,Markov,20,132350.89,139620.95,-7270.05,3.894,6.9883,-3.0942,2349.55,80000,Highly Cost-Effective,True,True,0.518,0.04,0.05,16,True,EQ-5D,True,2,False,True,Independent
CEA0746,Cost-Minimization Analysis (CMA),2019,France,Patient,Rheumatology,Digital Health,Discrete Event Simulation,Lifetime,196080.57,100136.68,95943.89,13.8217,13.989,-0.1672,-573672.86,80000,Dominant,True,True,0.285,0.04,0.035,14,True,Literature,True,9,True,False,Industry
CEA0747,Cost-Effectiveness Analysis (CEA),2015,Spain,Patient,Respiratory,Device,Hybrid,20,181820.33,37822.83,143997.5,11.6359,2.3634,9.2725,15529.51,80000,Highly Cost-Effective,True,True,0.433,0.04,0.035,22,True,SF-6D,False,4,True,False,Industry
CEA0748,Cost-Utility Analysis (CUA),2020,USA,Patient,Rheumatology,Surgical,Markov,20,45684.81,50139.99,-4455.18,13.6002,3.6639,9.9363,-448.37,100000,Dominant,True,True,0.375,0.04,0.035,14,True,Literature,True,4,False,True,Independent
CEA0749,Cost-Utility Analysis (CUA),2019,Germany,Patient,Infectious Disease,Diagnostic,Hybrid,20,90014.61,47064.79,42949.82,5.4527,6.1895,-0.7368,-58293.79,80000,Dominant,True,True,0.511,0.05,0.04,12,True,EQ-5D,True,4,True,False,Industry
CEA0750,Cost-Benefit Analysis (CBA),2019,France,Government,Rare Diseases,Prevention,Hybrid,10,120814.66,120304.56,510.1,8.4321,4.0754,4.3567,117.08,80000,Highly Cost-Effective,True,False,,0.05,0.035,24,True,Expert Opinion,False,4,False,False,Government
CEA0751,Cost-Effectiveness Analysis (CEA),2015,Australia,Healthcare payer,Mental Health,Diagnostic,Markov,Lifetime,141316.75,64931.35,76385.39,13.518,6.5856,6.9324,11018.59,80000,Highly Cost-Effective,True,True,0.339,0.03,0.03,24,True,Expert Opinion,False,1,True,True,Government
CEA0752,Budget Impact Analysis (BIA),2015,Spain,Government,Cardiology,Device,Discrete Event Simulation,20,42013.07,101614.08,-59601.01,3.5277,11.8482,-8.3205,7163.16,80000,Highly Cost-Effective,True,True,0.515,0.035,0.035,23,True,EQ-5D,False,9,True,False,Industry
CEA0753,Cost-Effectiveness Analysis (CEA),2024,South Korea,Societal,Mental Health,Prevention,Discrete Event Simulation,5,119496.56,67276.91,52219.65,12.5624,10.9765,1.586,32926.17,80000,Highly Cost-Effective,True,True,0.851,0.05,0.035,12,True,SF-6D,True,3,True,False,Government
CEA0754,Cost-Effectiveness Analysis (CEA),2016,France,Hospital,Rheumatology,Prevention,Markov,30,166016.01,140711.15,25304.86,12.5231,12.5431,-0.02,-1262573.75,80000,Dominant,True,True,0.423,0.04,0.04,12,True,HUI,False,6,False,False,Government
CEA0755,Cost-Effectiveness Analysis (CEA),2022,South Korea,Healthcare payer,Vaccines,Device,Hybrid,20,168218.01,129501.17,38716.85,5.1046,4.3644,0.7401,52310.14,80000,Cost-Effective,True,True,0.604,0.03,0.035,20,False,Literature,False,9,False,True,Industry
CEA0756,Budget Impact Analysis (BIA),2017,Canada,Hospital,Rare Diseases,Behavioral,Hybrid,10,102841.04,12237.16,90603.88,7.5962,6.4617,1.1346,79858.38,80000,Cost-Effective,False,True,0.808,0.05,0.04,16,True,Literature,True,4,True,True,Independent
CEA0757,Cost-Utility Analysis (CUA),2023,Germany,Patient,Neurology,Prevention,Markov,10,96433.33,31912.12,64521.21,10.9866,8.2046,2.7819,23193.0,80000,Highly Cost-Effective,True,True,0.361,0.05,0.05,14,True,HUI,False,6,False,False,Industry
CEA0758,Budget Impact Analysis (BIA),2019,Spain,Healthcare payer,Respiratory,Diagnostic,Discrete Event Simulation,30,114584.07,83459.69,31124.37,12.0595,3.746,8.3135,3743.83,80000,Highly Cost-Effective,True,True,0.655,0.03,0.05,21,True,SF-6D,True,6,False,False,Independent
CEA0759,Cost-Effectiveness Analysis (CEA),2023,Sweden,Patient,Oncology,Prevention,Discrete Event Simulation,20,85971.1,120645.66,-34674.56,7.2132,2.2097,5.0035,-6930.12,80000,Dominant,True,False,,0.035,0.05,22,True,Expert Opinion,False,5,False,False,Independent
CEA0760,Budget Impact Analysis (BIA),2015,Italy,Government,Oncology,Screening,Discrete Event Simulation,5,72712.88,68019.49,4693.39,8.0465,10.0538,-2.0074,-2338.1,80000,Dominant,True,True,0.667,0.03,0.035,16,True,Expert Opinion,True,5,False,False,Government
CEA0761,Cost-Effectiveness Analysis (CEA),2021,Spain,Government,Vaccines,Behavioral,Discrete Event Simulation,10,11001.42,59407.02,-48405.61,13.0785,3.5968,9.4817,-5105.15,80000,Dominant,True,True,0.355,0.05,0.04,15,False,Expert Opinion,False,5,False,False,Independent
CEA0762,Budget Impact Analysis (BIA),2024,France,Government,Rare Diseases,Digital Health,Decision Tree,10,113265.2,61238.83,52026.37,10.0861,4.8024,5.2838,9846.44,80000,Highly Cost-Effective,True,False,,0.05,0.03,16,False,HUI,True,9,False,True,Mixed
CEA0763,Cost-Effectiveness Analysis (CEA),2021,South Korea,Societal,Mental Health,Diagnostic,Discrete Event Simulation,20,183868.4,115053.35,68815.06,9.4844,13.1308,-3.6464,-18871.99,80000,Dominant,True,False,,0.035,0.035,23,True,Literature,True,9,False,False,Independent
CEA0764,Cost-Minimization Analysis (CMA),2018,Canada,Healthcare payer,Mental Health,Behavioral,Discrete Event Simulation,1,9710.83,19475.59,-9764.75,13.3602,12.1538,1.2065,-8093.63,80000,Dominant,True,True,0.74,0.03,0.035,17,False,Expert Opinion,False,6,False,False,Government
CEA0765,Cost-Effectiveness Analysis (CEA),2017,Spain,Healthcare payer,Diabetes,Screening,Hybrid,1,177226.76,95100.66,82126.11,10.9697,3.2459,7.7238,10632.87,80000,Highly Cost-Effective,True,True,0.476,0.035,0.05,16,False,Expert Opinion,True,7,False,True,Government
CEA0766,Cost-Effectiveness Analysis (CEA),2020,USA,Government,Oncology,Device,Decision Tree,1,164598.67,53645.29,110953.38,12.8532,2.834,10.0191,11074.17,100000,Highly Cost-Effective,True,False,,0.05,0.035,13,False,HUI,True,6,False,True,Government
CEA0767,Cost-Utility Analysis (CUA),2020,France,Healthcare payer,Vaccines,Screening,Decision Tree,5,39305.58,125180.96,-85875.37,3.4884,11.0883,-7.6,11299.41,80000,Highly Cost-Effective,True,True,0.342,0.05,0.04,17,True,HUI,False,0,False,False,Government
CEA0768,Cost-Benefit Analysis (CBA),2019,Netherlands,Hospital,Mental Health,Behavioral,Decision Tree,Lifetime,27946.3,120045.75,-92099.45,8.5431,10.7033,-2.1602,42635.05,80000,Cost-Effective,True,True,0.685,0.04,0.05,17,True,EQ-5D,False,6,True,False,Government
CEA0769,Cost-Minimization Analysis (CMA),2021,UK,Hospital,Cardiology,Diagnostic,Discrete Event Simulation,1,44161.89,83399.68,-39237.79,11.9871,2.1468,9.8403,-3987.44,50000,Dominant,True,False,,0.05,0.035,15,True,Literature,True,8,False,True,Government
CEA0770,Cost-Effectiveness Analysis (CEA),2019,Australia,Patient,Infectious Disease,Pharmaceutical,Decision Tree,Lifetime,159224.12,52166.76,107057.35,4.6585,7.5808,-2.9223,-36634.85,80000,Dominant,True,False,,0.03,0.03,12,False,HUI,False,7,False,False,Industry
CEA0771,Cost-Benefit Analysis (CBA),2018,Sweden,Hospital,Cardiology,Pharmaceutical,Discrete Event Simulation,Lifetime,100559.16,34398.8,66160.36,3.0343,8.7146,-5.6803,-11647.38,80000,Dominant,True,True,0.616,0.04,0.04,22,True,EQ-5D,True,8,True,True,Government
CEA0772,Cost-Minimization Analysis (CMA),2019,Canada,Healthcare payer,Rheumatology,Surgical,Hybrid,20,93716.86,125737.61,-32020.75,9.6673,11.554,-1.8868,16971.37,80000,Highly Cost-Effective,True,False,,0.03,0.04,16,False,Expert Opinion,False,3,True,False,Industry
CEA0773,Budget Impact Analysis (BIA),2024,Spain,Societal,Neurology,Device,Discrete Event Simulation,30,71457.73,52749.34,18708.39,4.812,10.0005,-5.1885,-3605.76,80000,Dominant,True,False,,0.035,0.035,13,True,EQ-5D,True,2,False,False,Government
CEA0774,Cost-Benefit Analysis (CBA),2020,UK,Healthcare payer,Neurology,Device,Hybrid,10,134511.21,145007.71,-10496.5,10.3496,2.6772,7.6724,-1368.08,50000,Dominant,True,True,0.335,0.03,0.03,19,True,Literature,True,1,False,False,Industry
CEA0775,Budget Impact Analysis (BIA),2019,Canada,Hospital,Neurology,Behavioral,Discrete Event Simulation,30,86341.47,45218.33,41123.14,4.5556,9.5322,-4.9767,-8263.17,80000,Dominant,True,True,0.784,0.03,0.04,17,True,HUI,True,9,True,True,Industry
CEA0776,Budget Impact Analysis (BIA),2022,Australia,Societal,Infectious Disease,Digital Health,Hybrid,1,3452.36,135520.02,-132067.66,4.2522,6.288,-2.0357,64874.81,80000,Cost-Effective,True,False,,0.03,0.03,19,False,EQ-5D,False,0,False,False,Government
CEA0777,Budget Impact Analysis (BIA),2018,Spain,Societal,Oncology,Pharmaceutical,Discrete Event Simulation,Lifetime,186429.56,40266.06,146163.5,3.7133,8.5264,-4.8131,-30367.62,80000,Dominant,True,True,0.495,0.03,0.05,23,False,Expert Opinion,False,6,False,False,Industry
CEA0778,Cost-Effectiveness Analysis (CEA),2017,South Korea,Government,Rheumatology,Screening,Hybrid,20,191228.22,2469.4,188758.82,14.1629,12.776,1.3869,136101.65,80000,Not Cost-Effective,True,True,0.679,0.05,0.05,24,True,SF-6D,False,4,False,True,Independent
CEA0779,Cost-Effectiveness Analysis (CEA),2024,Italy,Healthcare payer,Vaccines,Diagnostic,Decision Tree,1,158600.65,20361.45,138239.2,7.0237,12.6176,-5.5939,-24712.55,80000,Dominant,True,True,0.624,0.03,0.04,23,True,HUI,True,1,False,False,Independent
CEA0780,Budget Impact Analysis (BIA),2024,Netherlands,Patient,Rheumatology,Diagnostic,Discrete Event Simulation,1,147758.11,132338.95,15419.16,5.5306,3.9281,1.6025,9622.06,80000,Highly Cost-Effective,True,True,0.588,0.04,0.03,15,True,Literature,True,5,True,False,Independent
CEA0781,Cost-Benefit Analysis (CBA),2017,Spain,Healthcare payer,Diabetes,Behavioral,Discrete Event Simulation,30,105658.44,50899.88,54758.57,14.5653,4.056,10.5093,5210.48,80000,Highly Cost-Effective,True,True,0.327,0.04,0.05,21,True,SF-6D,False,1,False,False,Government
CEA0782,Cost-Minimization Analysis (CMA),2021,Germany,Hospital,Respiratory,Behavioral,Decision Tree,1,95586.61,63243.73,32342.88,13.2843,10.1596,3.1246,10350.97,80000,Highly Cost-Effective,True,False,,0.05,0.05,18,True,Expert Opinion,True,8,False,False,Industry
CEA0783,Cost-Effectiveness Analysis (CEA),2022,Italy,Healthcare payer,Vaccines,Device,Decision Tree,30,46681.56,124357.82,-77676.26,5.9807,2.6568,3.3239,-23369.35,80000,Dominant,True,True,0.553,0.035,0.05,20,True,Expert Opinion,True,2,False,False,Government
CEA0784,Cost-Benefit Analysis (CBA),2020,Germany,Government,Mental Health,Surgical,Decision Tree,1,189608.72,106253.37,83355.35,13.5913,6.7181,6.8732,12127.52,80000,Highly Cost-Effective,True,True,0.49,0.04,0.05,16,True,EQ-5D,True,7,False,False,Independent
CEA0785,Cost-Benefit Analysis (CBA),2021,Canada,Patient,Rare Diseases,Device,Hybrid,5,75217.66,28222.58,46995.08,13.3954,12.8443,0.5511,85277.54,80000,Marginally Cost-Effective,True,False,,0.05,0.03,13,True,Expert Opinion,True,9,True,False,Government
CEA0786,Cost-Minimization Analysis (CMA),2015,USA,Societal,Infectious Disease,Digital Health,Markov,5,14154.77,124643.14,-110488.37,8.8974,2.0642,6.8332,-16169.43,100000,Dominant,True,True,0.741,0.035,0.035,20,False,HUI,True,1,False,True,Industry
CEA0787,Cost-Utility Analysis (CUA),2022,Canada,Patient,Oncology,Pharmaceutical,Decision Tree,20,146735.57,91000.12,55735.45,11.1405,12.3877,-1.2471,-44690.55,80000,Dominant,True,False,,0.035,0.05,24,True,HUI,False,8,False,True,Mixed
CEA0788,Cost-Effectiveness Analysis (CEA),2018,France,Societal,Rheumatology,Prevention,Discrete Event Simulation,10,191616.59,61418.27,130198.32,11.6224,4.4745,7.1479,18214.89,80000,Highly Cost-Effective,True,True,0.762,0.035,0.03,13,True,HUI,True,2,True,False,Government
CEA0789,Cost-Effectiveness Analysis (CEA),2017,Spain,Government,Vaccines,Diagnostic,Discrete Event Simulation,20,15553.48,50940.32,-35386.84,7.8753,7.9407,-0.0654,540808.26,80000,Not Cost-Effective,True,False,,0.035,0.05,24,True,Expert Opinion,True,9,False,False,Independent
CEA0790,Cost-Benefit Analysis (CBA),2016,South Korea,Healthcare payer,Mental Health,Device,Hybrid,Lifetime,103624.67,93537.91,10086.75,13.4236,5.6582,7.7654,1298.94,80000,Highly Cost-Effective,False,False,,0.05,0.04,13,True,HUI,True,0,True,True,Industry
CEA0791,Budget Impact Analysis (BIA),2024,UK,Societal,Neurology,Screening,Discrete Event Simulation,30,96759.11,123490.4,-26731.29,7.9729,5.3739,2.599,-10285.14,50000,Dominant,True,True,0.783,0.05,0.05,21,False,SF-6D,False,5,False,True,Industry
CEA0792,Cost-Utility Analysis (CUA),2024,Germany,Societal,Vaccines,Behavioral,Discrete Event Simulation,30,35224.37,23674.47,11549.9,7.7197,4.7052,3.0146,3831.34,80000,Highly Cost-Effective,True,True,0.479,0.04,0.04,15,True,EQ-5D,False,7,False,False,Industry
CEA0793,Cost-Effectiveness Analysis (CEA),2019,Australia,Hospital,Rare Diseases,Prevention,Markov,20,146166.54,38322.83,107843.71,5.0424,10.6623,-5.62,-19189.4,80000,Dominant,True,True,0.641,0.04,0.03,22,True,Expert Opinion,True,3,False,True,Industry
CEA0794,Cost-Utility Analysis (CUA),2022,Sweden,Hospital,Neurology,Surgical,Hybrid,30,117740.84,7178.94,110561.9,4.0858,7.8263,-3.7405,-29557.95,80000,Dominant,True,True,0.527,0.04,0.04,17,False,EQ-5D,True,4,False,False,Government
CEA0795,Cost-Utility Analysis (CUA),2017,UK,Societal,Rheumatology,Prevention,Discrete Event Simulation,1,128599.83,109578.41,19021.43,3.6268,6.5865,-2.9597,-6426.84,50000,Dominant,False,True,0.448,0.04,0.04,20,False,EQ-5D,False,5,False,True,Government
CEA0796,Cost-Minimization Analysis (CMA),2018,Japan,Hospital,Rheumatology,Digital Health,Hybrid,30,60672.99,124864.36,-64191.37,13.5797,7.199,6.3807,-10060.21,80000,Dominant,True,True,0.702,0.03,0.03,13,False,HUI,True,8,False,False,Industry
CEA0797,Budget Impact Analysis (BIA),2018,Netherlands,Patient,Rare Diseases,Surgical,Markov,20,115530.77,128651.6,-13120.83,13.7054,11.9829,1.7225,-7617.51,80000,Dominant,True,False,,0.04,0.05,22,False,SF-6D,True,7,True,False,Mixed
CEA0798,Cost-Utility Analysis (CUA),2019,Spain,Hospital,Vaccines,Behavioral,Decision Tree,20,9346.97,108128.26,-98781.28,6.3718,2.589,3.7828,-26113.38,80000,Dominant,True,False,,0.035,0.04,14,False,EQ-5D,False,0,False,True,Industry
CEA0799,Cost-Effectiveness Analysis (CEA),2021,Italy,Hospital,Mental Health,Surgical,Decision Tree,5,104046.24,10814.53,93231.71,7.1665,8.274,-1.1075,-84183.15,80000,Dominant,True,True,0.728,0.035,0.04,19,False,Literature,True,6,True,False,Independent
CEA0800,Cost-Effectiveness Analysis (CEA),2021,Japan,Patient,Mental Health,Digital Health,Discrete Event Simulation,10,111147.14,146628.51,-35481.37,12.4462,10.97,1.4763,-24034.79,80000,Dominant,True,True,0.67,0.035,0.035,20,True,Expert Opinion,True,3,False,False,Government
CEA0801,Cost-Benefit Analysis (CBA),2024,Spain,Healthcare payer,Oncology,Diagnostic,Hybrid,10,68170.05,122759.35,-54589.3,10.1409,2.1034,8.0375,-6791.84,80000,Dominant,True,False,,0.035,0.03,13,True,Literature,True,5,True,True,Government
CEA0802,Cost-Benefit Analysis (CBA),2022,Japan,Societal,Respiratory,Screening,Discrete Event Simulation,5,174318.87,51065.88,123252.99,11.7186,9.8921,1.8265,67479.82,80000,Cost-Effective,True,False,,0.035,0.035,21,True,Expert Opinion,False,4,False,False,Industry
CEA0803,Cost-Utility Analysis (CUA),2017,Sweden,Hospital,Infectious Disease,Device,Discrete Event Simulation,20,98442.88,39036.18,59406.7,7.7259,12.2093,-4.4835,-13250.18,80000,Dominant,True,True,0.493,0.04,0.05,18,True,SF-6D,True,5,True,False,Industry
CEA0804,Budget Impact Analysis (BIA),2017,Japan,Government,Mental Health,Behavioral,Hybrid,Lifetime,7167.52,105769.85,-98602.32,3.3178,10.7525,-7.4348,13262.32,80000,Highly Cost-Effective,True,True,0.608,0.04,0.035,21,False,Literature,True,1,True,False,Industry
CEA0805,Cost-Effectiveness Analysis (CEA),2016,Germany,Societal,Vaccines,Prevention,Decision Tree,Lifetime,164884.34,45190.73,119693.61,6.0739,11.5497,-5.4758,-21858.77,80000,Dominant,True,True,0.696,0.05,0.05,16,True,HUI,False,0,False,False,Independent
CEA0806,Budget Impact Analysis (BIA),2020,Germany,Government,Vaccines,Behavioral,Discrete Event Simulation,1,139402.9,134660.09,4742.81,7.0238,9.2773,-2.2535,-2104.68,80000,Dominant,True,True,0.888,0.03,0.03,17,True,EQ-5D,False,2,False,False,Industry
CEA0807,Cost-Minimization Analysis (CMA),2024,Spain,Government,Vaccines,Diagnostic,Decision Tree,Lifetime,113328.34,148826.34,-35498.0,13.1936,5.3754,7.8183,-4540.38,80000,Dominant,False,False,,0.05,0.05,12,True,SF-6D,True,2,False,False,Industry
CEA0808,Budget Impact Analysis (BIA),2022,Italy,Government,Infectious Disease,Device,Hybrid,Lifetime,104320.75,37287.26,67033.5,4.7303,5.4551,-0.7248,-92489.63,80000,Dominant,True,True,0.483,0.04,0.05,16,False,EQ-5D,False,8,True,False,Industry
CEA0809,Cost-Effectiveness Analysis (CEA),2015,Canada,Hospital,Oncology,Surgical,Decision Tree,Lifetime,169274.31,54832.31,114442.0,5.0974,7.4657,-2.3683,-48321.75,80000,Dominant,True,True,0.491,0.05,0.05,20,True,HUI,True,7,False,False,Industry
CEA0810,Cost-Minimization Analysis (CMA),2023,USA,Societal,Oncology,Pharmaceutical,Discrete Event Simulation,1,169575.86,51579.54,117996.32,7.2755,12.9921,-5.7166,-20640.87,100000,Dominant,False,False,,0.03,0.035,21,False,Expert Opinion,True,9,False,False,Government
CEA0811,Budget Impact Analysis (BIA),2019,UK,Hospital,Vaccines,Prevention,Decision Tree,Lifetime,109127.86,42823.62,66304.23,9.8435,3.506,6.3374,10462.34,50000,Highly Cost-Effective,True,False,,0.05,0.035,18,True,Expert Opinion,True,3,False,False,Industry
CEA0812,Budget Impact Analysis (BIA),2022,UK,Healthcare payer,Infectious Disease,Behavioral,Markov,30,87749.4,139349.21,-51599.82,6.5499,11.5366,-4.9868,10347.33,50000,Highly Cost-Effective,True,True,0.475,0.05,0.05,23,False,HUI,False,2,True,False,Industry
CEA0813,Cost-Utility Analysis (CUA),2020,Japan,Healthcare payer,Rare Diseases,Pharmaceutical,Decision Tree,30,114974.3,92278.9,22695.41,9.8408,3.019,6.8218,3326.91,80000,Highly Cost-Effective,True,True,0.502,0.03,0.04,18,True,Expert Opinion,False,4,True,False,Independent
CEA0814,Cost-Utility Analysis (CUA),2020,Australia,Societal,Oncology,Prevention,Decision Tree,30,116768.9,135040.36,-18271.46,14.1697,10.7739,3.3958,-5380.63,80000,Dominant,True,True,0.808,0.035,0.035,22,True,HUI,True,3,False,False,Independent
CEA0815,Cost-Minimization Analysis (CMA),2017,UK,Societal,Neurology,Behavioral,Hybrid,10,54833.54,14149.61,40683.93,5.3087,13.9041,-8.5954,-4733.23,50000,Dominant,True,False,,0.05,0.05,13,True,SF-6D,True,9,True,False,Industry
CEA0816,Cost-Effectiveness Analysis (CEA),2024,UK,Patient,Rheumatology,Diagnostic,Markov,20,188704.95,77724.89,110980.06,6.8388,13.0566,-6.2178,-17848.73,50000,Dominant,True,True,0.814,0.035,0.05,14,False,EQ-5D,True,4,False,False,Government
CEA0817,Cost-Effectiveness Analysis (CEA),2017,UK,Government,Infectious Disease,Diagnostic,Hybrid,30,2961.57,11138.7,-8177.12,8.3556,4.8843,3.4713,-2355.6,50000,Dominant,True,True,0.756,0.04,0.05,23,False,Expert Opinion,True,9,True,False,Government
CEA0818,Cost-Utility Analysis (CUA),2017,USA,Patient,Oncology,Digital Health,Markov,5,199118.35,103047.63,96070.73,3.8179,6.8229,-3.005,-31970.22,100000,Dominant,True,False,,0.05,0.05,17,True,HUI,False,6,True,False,Government
CEA0819,Cost-Minimization Analysis (CMA),2020,Sweden,Societal,Cardiology,Digital Health,Discrete Event Simulation,10,67838.7,123053.65,-55214.95,6.8251,2.9355,3.8896,-14195.61,80000,Dominant,True,False,,0.035,0.05,24,True,SF-6D,True,9,False,False,Industry
CEA0820,Cost-Benefit Analysis (CBA),2021,Germany,Societal,Rare Diseases,Prevention,Discrete Event Simulation,30,96174.53,128787.04,-32612.51,4.9408,11.085,-6.1441,5307.93,80000,Highly Cost-Effective,True,True,0.535,0.03,0.03,19,True,Expert Opinion,True,1,False,False,Government
CEA0821,Cost-Benefit Analysis (CBA),2016,Germany,Societal,Oncology,Behavioral,Decision Tree,Lifetime,187055.89,102911.66,84144.24,3.4628,3.7038,-0.241,-349089.75,80000,Dominant,True,False,,0.04,0.04,21,True,HUI,True,9,False,True,Mixed
CEA0822,Cost-Utility Analysis (CUA),2023,South Korea,Healthcare payer,Vaccines,Pharmaceutical,Markov,5,10247.02,23625.43,-13378.4,7.3522,2.2487,5.1035,-2621.4,80000,Dominant,True,False,,0.03,0.04,17,True,Literature,False,4,False,True,Industry
CEA0823,Cost-Benefit Analysis (CBA),2015,Spain,Hospital,Mental Health,Surgical,Discrete Event Simulation,Lifetime,89553.97,71550.25,18003.72,3.7774,7.2561,-3.4787,-5175.36,80000,Dominant,True,True,0.719,0.04,0.03,20,True,Expert Opinion,True,7,False,False,Industry
CEA0824,Cost-Utility Analysis (CUA),2023,France,Government,Vaccines,Pharmaceutical,Hybrid,10,187772.56,84517.29,103255.27,14.9243,8.8777,6.0466,17076.57,80000,Highly Cost-Effective,True,True,0.45,0.04,0.05,21,True,Expert Opinion,True,0,False,False,Mixed
CEA0825,Budget Impact Analysis (BIA),2020,Netherlands,Patient,Diabetes,Prevention,Discrete Event Simulation,5,59432.98,135724.24,-76291.26,12.532,11.6168,0.9152,-83358.6,80000,Dominant,True,True,0.321,0.04,0.05,19,True,EQ-5D,True,9,False,True,Government
CEA0826,Cost-Effectiveness Analysis (CEA),2019,Sweden,Hospital,Mental Health,Prevention,Discrete Event Simulation,10,199466.99,99690.94,99776.05,7.9471,7.701,0.2461,405502.31,80000,Not Cost-Effective,True,True,0.714,0.05,0.04,12,True,Expert Opinion,True,2,True,False,Government
CEA0827,Cost-Minimization Analysis (CMA),2022,Australia,Patient,Rare Diseases,Pharmaceutical,Hybrid,1,102957.73,61756.94,41200.79,9.8925,13.0501,-3.1576,-13048.13,80000,Dominant,True,True,0.613,0.03,0.04,23,False,EQ-5D,False,0,False,False,Industry
CEA0828,Budget Impact Analysis (BIA),2016,Sweden,Government,Infectious Disease,Behavioral,Discrete Event Simulation,30,129037.5,82432.9,46604.6,4.8641,8.5795,-3.7154,-12543.53,80000,Dominant,False,True,0.772,0.035,0.05,23,False,HUI,True,4,True,False,Independent
CEA0829,Budget Impact Analysis (BIA),2022,Italy,Patient,Mental Health,Diagnostic,Markov,1,34624.66,120587.37,-85962.71,13.0932,10.2883,2.8049,-30647.78,80000,Dominant,True,True,0.661,0.04,0.04,16,True,HUI,False,1,False,False,Government
CEA0830,Cost-Effectiveness Analysis (CEA),2018,Italy,Healthcare payer,Cardiology,Surgical,Discrete Event Simulation,1,99221.66,74184.07,25037.59,8.1707,4.7431,3.4276,7304.74,80000,Highly Cost-Effective,True,True,0.463,0.03,0.05,12,True,Expert Opinion,True,0,False,False,Independent
CEA0831,Cost-Utility Analysis (CUA),2020,Spain,Patient,Vaccines,Device,Discrete Event Simulation,Lifetime,176323.05,52862.27,123460.79,5.441,13.5797,-8.1387,-15169.59,80000,Dominant,True,True,0.717,0.03,0.035,16,True,Expert Opinion,False,8,False,True,Industry
CEA0832,Cost-Utility Analysis (CUA),2018,Australia,Patient,Cardiology,Pharmaceutical,Hybrid,Lifetime,107234.78,94692.25,12542.53,5.0067,10.2174,-5.2107,-2407.09,80000,Dominant,True,True,0.885,0.05,0.03,20,False,HUI,False,9,False,False,Industry
CEA0833,Cost-Benefit Analysis (CBA),2018,France,Societal,Mental Health,Device,Decision Tree,1,13467.07,65997.17,-52530.1,10.0268,9.3024,0.7244,-72510.69,80000,Dominant,True,True,0.624,0.03,0.035,21,True,HUI,False,7,False,False,Industry
CEA0834,Cost-Utility Analysis (CUA),2016,Germany,Healthcare payer,Oncology,Pharmaceutical,Markov,Lifetime,11206.09,11843.73,-637.64,4.4224,12.9775,-8.5551,74.53,80000,Highly Cost-Effective,True,True,0.615,0.035,0.035,18,True,Expert Opinion,True,9,False,False,Government
CEA0835,Cost-Minimization Analysis (CMA),2021,Netherlands,Healthcare payer,Oncology,Behavioral,Markov,30,170535.54,71998.43,98537.11,3.2425,13.8856,-10.6431,-9258.28,80000,Dominant,True,True,0.724,0.04,0.035,16,True,EQ-5D,False,1,False,False,Independent
CEA0836,Cost-Minimization Analysis (CMA),2022,Netherlands,Hospital,Rheumatology,Surgical,Markov,1,61938.91,31607.47,30331.45,4.5094,2.2866,2.2228,13645.61,80000,Highly Cost-Effective,True,True,0.474,0.03,0.03,16,False,Expert Opinion,True,9,False,True,Independent
CEA0837,Budget Impact Analysis (BIA),2022,UK,Societal,Rare Diseases,Surgical,Hybrid,Lifetime,25068.79,140113.32,-115044.53,13.1372,3.6865,9.4507,-12173.14,50000,Dominant,True,True,0.676,0.05,0.05,19,True,Literature,False,3,True,False,Industry
CEA0838,Cost-Effectiveness Analysis (CEA),2018,Italy,Hospital,Rheumatology,Device,Decision Tree,Lifetime,58235.26,41668.18,16567.08,3.6902,3.4318,0.2583,64137.77,80000,Cost-Effective,True,True,0.582,0.05,0.03,24,True,Literature,True,6,True,False,Industry
CEA0839,Budget Impact Analysis (BIA),2017,Germany,Patient,Diabetes,Device,Discrete Event Simulation,30,161886.93,93309.48,68577.44,7.9061,9.9875,-2.0813,-32949.2,80000,Dominant,False,True,0.582,0.03,0.05,21,True,Expert Opinion,False,0,False,False,Industry
CEA0840,Budget Impact Analysis (BIA),2020,Japan,Healthcare payer,Cardiology,Pharmaceutical,Discrete Event Simulation,30,89843.57,91947.9,-2104.33,14.1627,10.8689,3.2938,-638.87,80000,Dominant,True,True,0.641,0.05,0.03,16,True,Expert Opinion,True,6,False,True,Industry
CEA0841,Cost-Effectiveness Analysis (CEA),2023,Canada,Hospital,Rare Diseases,Digital Health,Hybrid,30,59775.75,29285.56,30490.19,6.7385,11.7906,-5.0522,-6035.05,80000,Dominant,True,True,0.508,0.03,0.04,23,False,Expert Opinion,False,8,False,False,Industry
CEA0842,Cost-Effectiveness Analysis (CEA),2020,South Korea,Government,Infectious Disease,Digital Health,Discrete Event Simulation,Lifetime,135041.1,87523.16,47517.94,3.4024,2.7393,0.6631,71657.07,80000,Cost-Effective,True,True,0.657,0.035,0.035,20,True,HUI,False,5,False,False,Government
CEA0843,Budget Impact Analysis (BIA),2019,Netherlands,Societal,Rare Diseases,Surgical,Markov,5,185707.06,126768.88,58938.19,3.8278,12.1424,-8.3146,-7088.52,80000,Dominant,True,True,0.654,0.04,0.035,23,False,Expert Opinion,True,9,True,True,Mixed
CEA0844,Cost-Benefit Analysis (CBA),2016,Germany,Government,Vaccines,Digital Health,Discrete Event Simulation,20,157401.36,14058.67,143342.7,9.9784,6.511,3.4675,41339.44,80000,Cost-Effective,True,True,0.507,0.04,0.035,16,False,SF-6D,False,3,False,False,Industry
CEA0845,Cost-Benefit Analysis (CBA),2022,Italy,Patient,Rare Diseases,Surgical,Decision Tree,5,139905.91,43475.73,96430.18,3.1576,13.1812,-10.0236,-9620.29,80000,Dominant,True,False,,0.03,0.04,17,True,EQ-5D,True,3,True,False,Industry
CEA0846,Cost-Minimization Analysis (CMA),2023,South Korea,Societal,Respiratory,Digital Health,Markov,Lifetime,10196.02,28223.21,-18027.19,7.6546,6.3319,1.3227,-13629.39,80000,Dominant,True,True,0.624,0.05,0.05,17,False,SF-6D,True,0,False,False,Industry
CEA0847,Cost-Effectiveness Analysis (CEA),2021,Germany,Hospital,Neurology,Pharmaceutical,Decision Tree,30,146680.43,44081.5,102598.93,6.8792,3.6901,3.189,32172.35,80000,Highly Cost-Effective,True,False,,0.05,0.035,23,False,SF-6D,True,7,True,False,Independent
CEA0848,Cost-Benefit Analysis (CBA),2023,USA,Government,Oncology,Prevention,Hybrid,1,199886.27,56885.37,143000.91,14.0924,13.8015,0.2909,491575.96,100000,Not Cost-Effective,True,True,0.708,0.03,0.03,22,True,Literature,True,9,True,False,Industry
CEA0849,Cost-Benefit Analysis (CBA),2017,France,Hospital,Diabetes,Screening,Discrete Event Simulation,1,44768.74,1867.71,42901.04,11.1661,3.3782,7.7879,5508.7,80000,Highly Cost-Effective,True,True,0.532,0.03,0.035,24,True,Literature,False,8,False,False,Independent
CEA0850,Cost-Utility Analysis (CUA),2021,Japan,Government,Neurology,Behavioral,Discrete Event Simulation,Lifetime,77886.71,112031.98,-34145.27,9.777,10.5233,-0.7462,45756.21,80000,Cost-Effective,True,True,0.584,0.035,0.035,12,True,Expert Opinion,False,5,False,False,Industry
CEA0851,Cost-Minimization Analysis (CMA),2021,Netherlands,Healthcare payer,Diabetes,Pharmaceutical,Hybrid,10,148340.49,5761.27,142579.21,7.6154,9.2497,-1.6343,-87239.39,80000,Dominant,True,True,0.708,0.035,0.03,15,False,Literature,True,1,True,False,Independent
CEA0852,Cost-Utility Analysis (CUA),2017,USA,Government,Rheumatology,Behavioral,Decision Tree,1,148934.0,78554.13,70379.87,13.9675,9.8037,4.1637,16903.04,100000,Highly Cost-Effective,True,True,0.657,0.035,0.04,16,True,Literature,True,2,False,False,Mixed
CEA0853,Budget Impact Analysis (BIA),2021,France,Healthcare payer,Neurology,Screening,Decision Tree,Lifetime,2038.97,46633.81,-44594.84,8.8625,10.7858,-1.9233,23186.05,80000,Highly Cost-Effective,True,True,0.742,0.035,0.03,20,True,SF-6D,True,5,True,False,Mixed
CEA0854,Cost-Utility Analysis (CUA),2019,Italy,Societal,Cardiology,Device,Decision Tree,20,141743.57,122639.41,19104.16,13.3486,8.365,4.9836,3833.42,80000,Highly Cost-Effective,True,False,,0.04,0.05,17,True,EQ-5D,True,5,True,False,Mixed
CEA0855,Cost-Minimization Analysis (CMA),2018,France,Healthcare payer,Respiratory,Pharmaceutical,Markov,20,23859.66,9234.38,14625.29,14.167,11.5903,2.5767,5675.94,80000,Highly Cost-Effective,True,True,0.702,0.035,0.05,18,True,SF-6D,False,4,False,False,Government
CEA0856,Cost-Utility Analysis (CUA),2024,France,Government,Neurology,Prevention,Markov,10,46586.54,146733.32,-100146.78,9.6195,8.1942,1.4253,-70262.33,80000,Dominant,True,True,0.577,0.05,0.05,18,True,Expert Opinion,True,2,False,False,Government
CEA0857,Budget Impact Analysis (BIA),2017,UK,Patient,Respiratory,Surgical,Hybrid,5,62929.83,70117.39,-7187.56,5.9771,2.0521,3.925,-1831.23,50000,Dominant,True,True,0.49,0.05,0.04,21,True,EQ-5D,True,6,False,False,Industry
CEA0858,Cost-Effectiveness Analysis (CEA),2020,Netherlands,Government,Oncology,Screening,Hybrid,20,133558.37,119729.51,13828.87,10.2949,11.1464,-0.8515,-16241.21,80000,Dominant,True,True,0.632,0.04,0.05,22,True,HUI,True,7,True,False,Industry
CEA0859,Cost-Utility Analysis (CUA),2024,Sweden,Societal,Infectious Disease,Surgical,Markov,10,49648.26,7170.85,42477.41,10.4636,7.0419,3.4217,12414.05,80000,Highly Cost-Effective,False,False,,0.05,0.04,24,False,Expert Opinion,True,1,True,False,Industry
CEA0860,Cost-Effectiveness Analysis (CEA),2020,Australia,Patient,Cardiology,Pharmaceutical,Hybrid,30,86317.56,47120.78,39196.78,14.3556,11.5625,2.7931,14033.36,80000,Highly Cost-Effective,True,True,0.498,0.04,0.035,14,True,EQ-5D,False,5,False,False,Industry
CEA0861,Cost-Utility Analysis (CUA),2019,Australia,Patient,Diabetes,Diagnostic,Decision Tree,30,116103.82,71414.29,44689.53,13.2292,9.912,3.3172,13472.19,80000,Highly Cost-Effective,True,True,0.796,0.04,0.035,17,False,SF-6D,False,7,True,False,Mixed
CEA0862,Cost-Minimization Analysis (CMA),2016,Canada,Hospital,Diabetes,Pharmaceutical,Decision Tree,10,23247.75,32629.23,-9381.48,13.2259,8.0734,5.1525,-1820.76,80000,Dominant,False,True,0.558,0.03,0.03,15,True,EQ-5D,True,1,False,True,Independent
CEA0863,Cost-Effectiveness Analysis (CEA),2022,Canada,Healthcare payer,Cardiology,Device,Decision Tree,30,128914.5,39537.96,89376.54,9.2384,13.6998,-4.4614,-20033.33,80000,Dominant,True,True,0.687,0.035,0.03,13,True,EQ-5D,False,3,True,False,Independent
CEA0864,Cost-Benefit Analysis (CBA),2019,Japan,Patient,Respiratory,Prevention,Decision Tree,Lifetime,141353.75,47528.46,93825.29,8.9468,13.3339,-4.3871,-21386.53,80000,Dominant,True,False,,0.04,0.04,18,False,EQ-5D,True,9,False,False,Government
CEA0865,Cost-Effectiveness Analysis (CEA),2016,Spain,Patient,Mental Health,Digital Health,Discrete Event Simulation,30,136855.19,134696.43,2158.75,13.1533,8.9848,4.1686,517.86,80000,Highly Cost-Effective,True,True,0.812,0.035,0.04,24,True,EQ-5D,True,8,True,False,Industry
CEA0866,Cost-Effectiveness Analysis (CEA),2022,USA,Government,Infectious Disease,Prevention,Hybrid,20,48024.02,97979.85,-49955.83,5.8033,5.1828,0.6205,-80506.55,100000,Dominant,True,False,,0.035,0.04,22,True,SF-6D,True,5,True,False,Mixed
CEA0867,Cost-Utility Analysis (CUA),2023,South Korea,Societal,Infectious Disease,Pharmaceutical,Decision Tree,10,86983.49,29868.52,57114.97,11.8087,2.3245,9.4842,6022.09,80000,Highly Cost-Effective,True,True,0.837,0.035,0.035,18,False,HUI,True,4,True,False,Industry
CEA0868,Cost-Effectiveness Analysis (CEA),2023,Sweden,Healthcare payer,Infectious Disease,Prevention,Discrete Event Simulation,Lifetime,75913.79,129852.71,-53938.92,3.7945,8.673,-4.8785,11056.52,80000,Highly Cost-Effective,False,True,0.483,0.03,0.035,19,True,SF-6D,False,9,True,False,Industry
CEA0869,Budget Impact Analysis (BIA),2017,Sweden,Government,Oncology,Prevention,Markov,10,54658.63,2511.0,52147.63,9.1134,7.7076,1.4058,37095.07,80000,Highly Cost-Effective,True,True,0.593,0.04,0.035,12,True,EQ-5D,False,9,True,False,Industry
CEA0870,Cost-Minimization Analysis (CMA),2022,UK,Societal,Diabetes,Behavioral,Markov,5,158700.93,57956.82,100744.12,5.0323,13.4239,-8.3916,-12005.4,50000,Dominant,True,False,,0.05,0.03,12,True,EQ-5D,False,7,False,False,Industry
CEA0871,Cost-Benefit Analysis (CBA),2022,Netherlands,Patient,Mental Health,Screening,Hybrid,1,73466.37,89054.3,-15587.94,13.4057,13.5931,-0.1873,83204.01,80000,Marginally Cost-Effective,True,True,0.451,0.05,0.03,19,True,Literature,False,4,False,True,Government
CEA0872,Cost-Effectiveness Analysis (CEA),2020,Germany,Societal,Infectious Disease,Screening,Decision Tree,5,132988.44,67535.89,65452.55,5.1912,2.0923,3.0989,21121.05,80000,Highly Cost-Effective,True,True,0.762,0.03,0.035,17,True,SF-6D,True,4,False,False,Independent
CEA0873,Cost-Utility Analysis (CUA),2015,Italy,Healthcare payer,Rheumatology,Device,Discrete Event Simulation,1,94513.49,116514.07,-22000.59,4.9315,11.5388,-6.6072,3329.77,80000,Highly Cost-Effective,True,False,,0.035,0.05,18,True,Literature,False,9,True,False,Government
CEA0874,Cost-Minimization Analysis (CMA),2018,Netherlands,Hospital,Respiratory,Diagnostic,Hybrid,20,26140.39,73109.81,-46969.41,4.1539,5.2418,-1.0878,43177.61,80000,Cost-Effective,True,False,,0.035,0.035,16,True,EQ-5D,True,2,False,False,Industry
CEA0875,Cost-Minimization Analysis (CMA),2022,USA,Societal,Rheumatology,Device,Decision Tree,10,181475.54,43424.59,138050.95,3.3421,13.9231,-10.581,-13047.03,100000,Dominant,True,False,,0.035,0.04,21,True,EQ-5D,False,1,False,False,Government
CEA0876,Cost-Minimization Analysis (CMA),2023,Australia,Government,Neurology,Device,Hybrid,30,55029.07,57356.81,-2327.74,11.1851,4.8356,6.3495,-366.6,80000,Dominant,True,True,0.485,0.05,0.04,15,False,Expert Opinion,True,3,False,False,Mixed
CEA0877,Budget Impact Analysis (BIA),2023,Netherlands,Patient,Neurology,Device,Hybrid,5,45088.81,20831.05,24257.76,5.8699,12.4088,-6.5389,-3709.75,80000,Dominant,True,False,,0.05,0.03,19,True,SF-6D,True,1,True,False,Government
CEA0878,Cost-Minimization Analysis (CMA),2020,Sweden,Societal,Neurology,Pharmaceutical,Discrete Event Simulation,20,23940.32,131383.48,-107443.16,3.1344,10.3144,-7.18,14964.21,80000,Highly Cost-Effective,True,True,0.557,0.05,0.035,14,True,SF-6D,True,8,False,False,Government
CEA0879,Cost-Utility Analysis (CUA),2018,Germany,Hospital,Rare Diseases,Pharmaceutical,Markov,1,23680.68,17611.89,6068.78,3.4279,12.9228,-9.4949,-639.16,80000,Dominant,True,True,0.53,0.05,0.05,22,True,Expert Opinion,True,0,False,False,Industry
CEA0880,Cost-Utility Analysis (CUA),2018,Japan,Societal,Cardiology,Device,Markov,1,27322.55,133668.25,-106345.69,13.7738,7.5909,6.1829,-17200.0,80000,Dominant,True,True,0.729,0.04,0.03,12,True,EQ-5D,False,6,True,False,Government
CEA0881,Cost-Effectiveness Analysis (CEA),2022,Canada,Societal,Rare Diseases,Diagnostic,Discrete Event Simulation,Lifetime,136837.87,113381.71,23456.16,14.6694,8.3653,6.3041,3720.79,80000,Highly Cost-Effective,True,False,,0.03,0.04,21,False,Expert Opinion,True,4,True,True,Industry
CEA0882,Cost-Utility Analysis (CUA),2017,Netherlands,Societal,Diabetes,Prevention,Decision Tree,10,21955.38,102219.28,-80263.9,3.0947,2.1769,0.9178,-87451.81,80000,Dominant,True,True,0.657,0.05,0.05,12,True,Literature,True,6,False,False,Industry
CEA0883,Cost-Benefit Analysis (CBA),2021,USA,Government,Infectious Disease,Device,Decision Tree,Lifetime,49210.1,38691.27,10518.83,8.4686,8.1149,0.3537,29737.9,100000,Highly Cost-Effective,True,False,,0.04,0.04,22,False,Literature,True,9,False,False,Industry
CEA0884,Cost-Minimization Analysis (CMA),2020,UK,Government,Infectious Disease,Diagnostic,Decision Tree,5,156296.89,18962.67,137334.22,10.7708,13.5065,-2.7357,-50201.44,50000,Dominant,False,True,0.637,0.03,0.03,15,True,HUI,True,8,True,False,Industry
CEA0885,Budget Impact Analysis (BIA),2023,Germany,Healthcare payer,Rare Diseases,Digital Health,Hybrid,1,120126.68,644.07,119482.61,4.53,8.2054,-3.6754,-32508.75,80000,Dominant,True,True,0.787,0.035,0.035,14,True,Expert Opinion,True,9,True,False,Independent
CEA0886,Budget Impact Analysis (BIA),2021,Italy,Patient,Cardiology,Behavioral,Markov,10,176356.18,69797.12,106559.06,14.3168,11.8755,2.4413,43648.53,80000,Cost-Effective,True,True,0.847,0.03,0.05,13,False,HUI,True,2,False,False,Government
CEA0887,Cost-Benefit Analysis (CBA),2017,South Korea,Government,Cardiology,Diagnostic,Discrete Event Simulation,20,75048.47,67652.09,7396.37,5.9122,2.8197,3.0925,2391.73,80000,Highly Cost-Effective,True,False,,0.04,0.05,14,True,SF-6D,True,8,True,True,Industry
CEA0888,Cost-Benefit Analysis (CBA),2021,Canada,Societal,Vaccines,Pharmaceutical,Discrete Event Simulation,10,2855.78,143744.05,-140888.27,11.8823,3.0086,8.8737,-15877.01,80000,Dominant,True,True,0.78,0.035,0.035,14,True,Literature,True,3,False,True,Independent
CEA0889,Budget Impact Analysis (BIA),2021,Netherlands,Societal,Mental Health,Prevention,Hybrid,1,96782.93,13428.76,83354.17,12.2724,10.5078,1.7646,47235.86,80000,Cost-Effective,True,False,,0.05,0.035,17,True,SF-6D,True,2,True,False,Government
CEA0890,Cost-Utility Analysis (CUA),2023,Canada,Government,Rheumatology,Surgical,Discrete Event Simulation,Lifetime,48173.53,133615.97,-85442.44,3.5862,9.8768,-6.2905,13582.7,80000,Highly Cost-Effective,True,True,0.741,0.03,0.035,21,True,EQ-5D,False,1,False,True,Industry
CEA0891,Cost-Benefit Analysis (CBA),2024,UK,Healthcare payer,Cardiology,Prevention,Discrete Event Simulation,30,83541.71,27065.36,56476.35,12.1349,11.1441,0.9908,57000.23,50000,Marginally Cost-Effective,False,False,,0.035,0.04,16,True,SF-6D,True,6,False,True,Industry
CEA0892,Cost-Benefit Analysis (CBA),2021,Sweden,Healthcare payer,Vaccines,Digital Health,Markov,20,185663.72,50323.71,135340.01,10.7037,10.1845,0.5193,260637.53,80000,Not Cost-Effective,True,True,0.684,0.04,0.035,14,True,Literature,False,9,False,True,Government
CEA0893,Cost-Benefit Analysis (CBA),2019,USA,Societal,Cardiology,Device,Hybrid,30,17485.74,1003.28,16482.45,14.5267,13.9535,0.5732,28757.24,100000,Highly Cost-Effective,True,True,0.498,0.035,0.03,15,True,Literature,True,2,False,False,Government
CEA0894,Cost-Utility Analysis (CUA),2023,Canada,Societal,Neurology,Behavioral,Discrete Event Simulation,30,41778.9,84371.16,-42592.26,14.9146,12.1247,2.7899,-15266.39,80000,Dominant,True,False,,0.035,0.03,19,True,Expert Opinion,False,5,True,True,Industry
CEA0895,Cost-Effectiveness Analysis (CEA),2024,UK,Patient,Oncology,Prevention,Markov,20,180551.65,6020.34,174531.3,4.3531,6.9465,-2.5934,-67298.7,50000,Dominant,True,True,0.317,0.03,0.04,20,True,HUI,True,5,False,False,Industry
CEA0896,Cost-Utility Analysis (CUA),2021,Australia,Societal,Respiratory,Pharmaceutical,Discrete Event Simulation,20,56604.44,13275.35,43329.09,11.8477,9.3424,2.5053,17294.88,80000,Highly Cost-Effective,True,False,,0.035,0.035,16,True,HUI,True,4,True,False,Government
CEA0897,Budget Impact Analysis (BIA),2020,Netherlands,Healthcare payer,Cardiology,Diagnostic,Decision Tree,10,194143.29,123734.84,70408.45,10.3867,11.9665,-1.5798,-44568.18,80000,Dominant,True,False,,0.035,0.04,16,True,HUI,False,8,True,False,Government
CEA0898,Cost-Utility Analysis (CUA),2017,Spain,Healthcare payer,Rheumatology,Behavioral,Decision Tree,20,85385.98,139141.3,-53755.33,11.6913,5.4793,6.2119,-8653.55,80000,Dominant,True,False,,0.05,0.035,12,False,SF-6D,False,9,True,False,Government
CEA0899,Cost-Benefit Analysis (CBA),2024,Germany,Societal,Rheumatology,Prevention,Markov,30,15238.29,131256.95,-116018.67,6.7036,7.5886,-0.885,131088.02,80000,Not Cost-Effective,True,False,,0.035,0.035,12,True,EQ-5D,True,0,True,False,Government
CEA0900,Cost-Effectiveness Analysis (CEA),2023,Netherlands,Hospital,Rare Diseases,Device,Hybrid,1,74282.07,128920.54,-54638.47,9.0504,4.4961,4.5543,-11997.12,80000,Dominant,True,True,0.818,0.04,0.03,23,True,SF-6D,True,3,True,False,Independent
CEA0901,Cost-Benefit Analysis (CBA),2024,Italy,Patient,Rare Diseases,Pharmaceutical,Markov,Lifetime,96758.82,40907.6,55851.22,11.8786,11.6627,0.2159,258707.04,80000,Not Cost-Effective,True,True,0.856,0.035,0.04,17,True,Literature,True,6,True,True,Industry
CEA0902,Cost-Effectiveness Analysis (CEA),2024,Japan,Healthcare payer,Rare Diseases,Surgical,Markov,10,130025.28,36128.71,93896.57,7.5696,7.8936,-0.324,-289823.34,80000,Dominant,True,True,0.885,0.035,0.035,14,True,SF-6D,True,5,False,False,Mixed
CEA0903,Cost-Effectiveness Analysis (CEA),2022,Canada,Hospital,Rare Diseases,Device,Markov,10,77367.67,35681.12,41686.55,11.8753,4.726,7.1492,5830.91,80000,Highly Cost-Effective,True,False,,0.04,0.04,18,False,EQ-5D,True,1,False,False,Industry
CEA0904,Cost-Minimization Analysis (CMA),2015,France,Hospital,Oncology,Digital Health,Hybrid,1,185038.56,76619.39,108419.17,10.8611,2.1146,8.7465,12395.75,80000,Highly Cost-Effective,True,True,0.855,0.05,0.03,20,False,EQ-5D,True,4,True,False,Mixed
CEA0905,Cost-Utility Analysis (CUA),2017,Germany,Healthcare payer,Oncology,Diagnostic,Discrete Event Simulation,10,198160.47,117352.16,80808.31,12.7007,5.1317,7.569,10676.21,80000,Highly Cost-Effective,True,True,0.82,0.05,0.035,20,True,EQ-5D,False,3,True,False,Government
CEA0906,Budget Impact Analysis (BIA),2023,USA,Hospital,Diabetes,Behavioral,Markov,30,127814.03,50469.49,77344.54,6.0003,4.5138,1.4865,52030.99,100000,Cost-Effective,True,True,0.737,0.04,0.035,18,True,SF-6D,True,4,True,True,Industry
CEA0907,Cost-Utility Analysis (CUA),2023,Japan,Societal,Rare Diseases,Screening,Discrete Event Simulation,5,60633.92,46722.17,13911.75,5.9564,11.3817,-5.4253,-2564.24,80000,Dominant,True,True,0.568,0.035,0.05,22,False,EQ-5D,False,6,False,False,Industry
CEA0908,Cost-Benefit Analysis (CBA),2019,UK,Hospital,Oncology,Digital Health,Markov,Lifetime,42495.56,117269.9,-74774.34,3.4551,9.7602,-6.3051,11859.42,50000,Highly Cost-Effective,True,True,0.932,0.035,0.035,17,False,HUI,False,9,True,False,Government
CEA0909,Cost-Minimization Analysis (CMA),2024,Japan,Patient,Neurology,Device,Decision Tree,10,75865.74,27914.88,47950.86,9.5435,7.736,1.8075,26529.19,80000,Highly Cost-Effective,True,True,0.676,0.03,0.04,14,True,Literature,True,8,False,True,Industry
CEA0910,Cost-Utility Analysis (CUA),2019,Germany,Healthcare payer,Rheumatology,Device,Discrete Event Simulation,30,166145.62,137759.95,28385.67,11.0929,4.2953,6.7975,4175.89,80000,Highly Cost-Effective,True,False,,0.04,0.035,13,False,Literature,False,9,True,True,Industry
CEA0911,Cost-Utility Analysis (CUA),2023,Japan,Societal,Cardiology,Prevention,Markov,30,198996.67,3291.88,195704.78,11.3527,12.9907,-1.6379,-119484.82,80000,Dominant,True,False,,0.035,0.03,18,True,Expert Opinion,True,9,True,False,Industry
CEA0912,Cost-Minimization Analysis (CMA),2018,South Korea,Patient,Respiratory,Diagnostic,Markov,10,77584.38,137370.54,-59786.16,7.4108,8.286,-0.8752,68311.85,80000,Cost-Effective,True,True,0.191,0.04,0.05,13,False,Expert Opinion,False,1,False,False,Mixed
CEA0913,Budget Impact Analysis (BIA),2023,Netherlands,Societal,Oncology,Digital Health,Decision Tree,1,20097.95,27141.44,-7043.49,4.5204,2.5217,1.9987,-3524.08,80000,Dominant,True,False,,0.03,0.05,18,True,HUI,True,4,True,False,Independent
CEA0914,Cost-Utility Analysis (CUA),2018,Japan,Societal,Oncology,Surgical,Markov,Lifetime,27390.99,16612.64,10778.35,9.5246,3.2253,6.2993,1711.04,80000,Highly Cost-Effective,True,True,0.654,0.05,0.035,23,True,EQ-5D,True,5,True,False,Independent
CEA0915,Cost-Benefit Analysis (CBA),2019,Australia,Hospital,Rheumatology,Screening,Decision Tree,10,104797.44,78105.44,26692.0,6.9038,5.8947,1.0092,26449.57,80000,Highly Cost-Effective,True,True,0.702,0.05,0.03,13,True,EQ-5D,True,7,False,False,Government
CEA0916,Budget Impact Analysis (BIA),2018,Sweden,Hospital,Rheumatology,Surgical,Discrete Event Simulation,Lifetime,153340.02,134079.06,19260.96,3.8057,4.5158,-0.7102,-27121.77,80000,Dominant,True,False,,0.05,0.035,22,True,HUI,False,3,False,False,Government
CEA0917,Budget Impact Analysis (BIA),2018,USA,Societal,Oncology,Diagnostic,Decision Tree,10,184929.3,13673.79,171255.51,9.9592,12.4598,-2.5007,-68484.31,100000,Dominant,True,False,,0.03,0.04,13,True,HUI,False,8,False,False,Industry
CEA0918,Cost-Utility Analysis (CUA),2018,Canada,Government,Oncology,Screening,Markov,Lifetime,30100.65,113465.08,-83364.43,7.4759,13.0478,-5.5719,14961.46,80000,Highly Cost-Effective,True,True,0.481,0.04,0.04,16,True,HUI,False,3,False,False,Independent
CEA0919,Cost-Minimization Analysis (CMA),2016,Italy,Government,Oncology,Digital Health,Discrete Event Simulation,20,9517.02,111006.73,-101489.7,8.1403,5.3195,2.8208,-35978.57,80000,Dominant,True,True,0.57,0.05,0.035,14,False,HUI,True,9,True,False,Industry
CEA0920,Cost-Benefit Analysis (CBA),2023,Spain,Healthcare payer,Respiratory,Digital Health,Markov,5,7865.44,122916.94,-115051.5,5.3382,5.5081,-0.1699,677284.66,80000,Not Cost-Effective,True,False,,0.03,0.03,22,True,Expert Opinion,True,3,False,True,Industry
CEA0921,Cost-Utility Analysis (CUA),2022,Canada,Government,Rheumatology,Behavioral,Discrete Event Simulation,1,120395.5,85259.55,35135.96,5.1115,3.8512,1.2603,27878.51,80000,Highly Cost-Effective,True,False,,0.04,0.04,22,False,HUI,True,6,True,False,Government
CEA0922,Cost-Utility Analysis (CUA),2020,Netherlands,Hospital,Mental Health,Device,Markov,Lifetime,159583.63,7582.52,152001.11,14.8464,10.3643,4.482,33913.46,80000,Highly Cost-Effective,True,True,0.55,0.05,0.03,16,True,Literature,False,1,False,False,Government
CEA0923,Cost-Effectiveness Analysis (CEA),2019,Australia,Patient,Vaccines,Surgical,Hybrid,10,197324.9,145172.14,52152.76,6.5112,12.692,-6.1809,-8437.8,80000,Dominant,True,True,0.742,0.03,0.035,21,True,Expert Opinion,False,3,False,True,Independent
CEA0924,Cost-Effectiveness Analysis (CEA),2022,Sweden,Societal,Rare Diseases,Pharmaceutical,Markov,30,157172.81,83535.85,73636.96,6.3845,13.1437,-6.7592,-10894.32,80000,Dominant,True,True,0.747,0.05,0.035,23,False,SF-6D,False,1,True,False,Industry
CEA0925,Budget Impact Analysis (BIA),2017,South Korea,Societal,Respiratory,Behavioral,Markov,5,114521.31,104181.65,10339.66,3.022,12.0509,-9.0289,-1145.18,80000,Dominant,True,True,0.549,0.04,0.035,18,True,HUI,True,1,False,False,Mixed
CEA0926,Cost-Benefit Analysis (CBA),2019,Italy,Healthcare payer,Respiratory,Prevention,Decision Tree,5,169810.44,8673.76,161136.67,8.6087,7.7037,0.9049,178062.47,80000,Not Cost-Effective,True,True,0.375,0.035,0.03,16,True,HUI,True,7,False,False,Industry
CEA0927,Cost-Utility Analysis (CUA),2017,Netherlands,Societal,Oncology,Digital Health,Hybrid,Lifetime,11438.51,138639.33,-127200.82,12.5017,3.232,9.2698,-13722.14,80000,Dominant,True,False,,0.05,0.04,13,True,Literature,True,0,False,False,Industry
CEA0928,Budget Impact Analysis (BIA),2019,Netherlands,Hospital,Mental Health,Device,Decision Tree,10,157393.68,145076.79,12316.89,9.492,8.1267,1.3653,9021.6,80000,Highly Cost-Effective,True,True,0.777,0.035,0.03,23,True,Expert Opinion,False,9,False,True,Independent
CEA0929,Cost-Utility Analysis (CUA),2024,South Korea,Societal,Neurology,Prevention,Decision Tree,10,148313.62,74835.93,73477.69,7.9248,2.5102,5.4146,13570.25,80000,Highly Cost-Effective,True,False,,0.03,0.05,17,False,EQ-5D,True,6,False,True,Government
CEA0930,Cost-Benefit Analysis (CBA),2016,Netherlands,Hospital,Vaccines,Device,Hybrid,30,196938.66,122474.59,74464.07,7.2593,9.1444,-1.8851,-39501.55,80000,Dominant,True,True,0.743,0.035,0.04,21,True,EQ-5D,True,0,False,False,Industry
CEA0931,Cost-Minimization Analysis (CMA),2021,Japan,Patient,Rare Diseases,Surgical,Hybrid,Lifetime,44387.51,110006.87,-65619.36,5.6586,12.9317,-7.2731,9022.25,80000,Highly Cost-Effective,True,False,,0.05,0.035,23,True,SF-6D,True,0,False,False,Industry
CEA0932,Budget Impact Analysis (BIA),2022,Spain,Healthcare payer,Infectious Disease,Digital Health,Hybrid,Lifetime,37060.13,134972.12,-97911.99,4.0377,5.1232,-1.0854,90204.11,80000,Marginally Cost-Effective,True,True,0.898,0.03,0.04,21,False,HUI,True,6,False,True,Industry
CEA0933,Budget Impact Analysis (BIA),2021,Canada,Hospital,Rare Diseases,Behavioral,Discrete Event Simulation,20,197657.39,56366.8,141290.6,9.0664,7.3125,1.7538,80561.75,80000,Marginally Cost-Effective,True,True,0.598,0.035,0.05,14,True,Literature,False,5,True,False,Independent
CEA0934,Budget Impact Analysis (BIA),2019,Germany,Government,Rheumatology,Diagnostic,Discrete Event Simulation,1,50226.08,137724.52,-87498.44,8.6588,3.5029,5.1559,-16970.54,80000,Dominant,True,True,0.749,0.03,0.03,18,True,HUI,True,5,False,True,Industry
CEA0935,Cost-Benefit Analysis (CBA),2018,UK,Societal,Oncology,Screening,Decision Tree,1,86852.06,41961.19,44890.87,4.9974,8.1378,-3.1405,-14294.35,50000,Dominant,True,True,0.677,0.05,0.03,14,True,EQ-5D,False,3,True,False,Industry
CEA0936,Cost-Benefit Analysis (CBA),2023,Italy,Hospital,Rheumatology,Digital Health,Markov,10,110237.83,68319.47,41918.36,4.4652,9.9894,-5.5242,-7588.06,80000,Dominant,True,True,0.426,0.035,0.03,21,True,EQ-5D,False,3,False,False,Government
CEA0937,Cost-Minimization Analysis (CMA),2023,Japan,Healthcare payer,Infectious Disease,Device,Markov,20,75284.6,8069.07,67215.53,10.0516,7.5111,2.5405,26457.22,80000,Highly Cost-Effective,True,True,0.514,0.035,0.04,21,True,Expert Opinion,False,5,False,False,Industry
CEA0938,Cost-Minimization Analysis (CMA),2017,South Korea,Societal,Rheumatology,Pharmaceutical,Hybrid,5,168788.02,123281.42,45506.61,13.035,10.0118,3.0231,15052.86,80000,Highly Cost-Effective,True,True,0.446,0.05,0.05,22,False,SF-6D,True,2,True,False,Industry
CEA0939,Cost-Benefit Analysis (CBA),2016,Australia,Patient,Rare Diseases,Digital Health,Markov,20,135970.09,26760.26,109209.83,14.1925,2.9243,11.2682,9691.88,80000,Highly Cost-Effective,True,False,,0.03,0.05,23,True,Expert Opinion,False,3,False,False,Independent
CEA0940,Cost-Effectiveness Analysis (CEA),2019,Italy,Government,Vaccines,Prevention,Markov,5,47706.74,73919.1,-26212.36,7.9651,13.7505,-5.7855,4530.72,80000,Highly Cost-Effective,True,True,0.538,0.035,0.035,18,True,EQ-5D,False,9,False,False,Mixed
CEA0941,Cost-Minimization Analysis (CMA),2024,Italy,Societal,Respiratory,Surgical,Decision Tree,5,166859.07,92728.52,74130.55,13.4663,6.8411,6.6251,11189.29,80000,Highly Cost-Effective,True,True,0.54,0.035,0.035,15,False,EQ-5D,False,0,False,False,Industry
CEA0942,Budget Impact Analysis (BIA),2015,France,Government,Rare Diseases,Prevention,Markov,10,117654.98,148204.14,-30549.15,5.0864,8.55,-3.4636,8819.97,80000,Highly Cost-Effective,True,True,0.852,0.04,0.035,12,True,HUI,False,6,True,True,Mixed
CEA0943,Cost-Minimization Analysis (CMA),2016,Sweden,Healthcare payer,Respiratory,Pharmaceutical,Discrete Event Simulation,20,120034.84,77209.88,42824.95,12.0913,12.0181,0.0733,584477.25,80000,Not Cost-Effective,True,True,0.479,0.035,0.04,12,True,Expert Opinion,False,9,False,True,Industry
CEA0944,Cost-Effectiveness Analysis (CEA),2023,Italy,Healthcare payer,Cardiology,Device,Discrete Event Simulation,10,148285.41,36680.64,111604.77,4.2425,4.1075,0.135,826648.46,80000,Not Cost-Effective,True,True,0.57,0.03,0.04,14,False,Expert Opinion,False,3,True,False,Industry
CEA0945,Budget Impact Analysis (BIA),2017,Canada,Societal,Respiratory,Device,Decision Tree,20,29645.71,141199.1,-111553.39,4.4558,10.0878,-5.632,19807.22,80000,Highly Cost-Effective,True,True,0.558,0.04,0.05,22,True,HUI,False,8,True,True,Industry
CEA0946,Budget Impact Analysis (BIA),2021,USA,Hospital,Cardiology,Device,Decision Tree,1,152701.05,118148.58,34552.46,13.0307,9.0068,4.024,8586.63,100000,Highly Cost-Effective,True,True,0.794,0.035,0.05,15,False,Expert Opinion,False,4,False,False,Industry
CEA0947,Cost-Benefit Analysis (CBA),2016,UK,Societal,Cardiology,Diagnostic,Hybrid,30,61311.97,82408.59,-21096.62,14.3276,9.8212,4.5064,-4681.44,50000,Dominant,True,True,0.906,0.035,0.05,21,True,EQ-5D,True,6,False,False,Industry
CEA0948,Cost-Utility Analysis (CUA),2017,Japan,Societal,Vaccines,Pharmaceutical,Hybrid,20,169570.87,22306.59,147264.28,10.5271,2.157,8.37,17594.21,80000,Highly Cost-Effective,True,True,0.401,0.035,0.035,18,True,EQ-5D,True,9,False,False,Mixed
CEA0949,Cost-Effectiveness Analysis (CEA),2018,Australia,Government,Rheumatology,Screening,Hybrid,5,184103.63,111450.59,72653.04,6.6231,3.4176,3.2055,22665.14,80000,Highly Cost-Effective,True,False,,0.03,0.05,20,True,Expert Opinion,False,1,True,False,Industry
CEA0950,Budget Impact Analysis (BIA),2016,Australia,Healthcare payer,Vaccines,Digital Health,Decision Tree,10,11962.9,119665.18,-107702.28,12.4126,5.0426,7.37,-14613.57,80000,Dominant,True,False,,0.05,0.03,14,False,EQ-5D,True,2,False,False,Industry
CEA0951,Cost-Minimization Analysis (CMA),2023,France,Government,Mental Health,Diagnostic,Discrete Event Simulation,1,51265.41,46791.45,4473.96,3.1713,12.834,-9.6627,-463.02,80000,Dominant,True,True,0.66,0.03,0.03,24,True,Literature,True,3,True,False,Mixed
CEA0952,Cost-Benefit Analysis (CBA),2022,Australia,Hospital,Neurology,Diagnostic,Decision Tree,5,66164.3,27302.18,38862.11,10.4217,9.8909,0.5308,73210.85,80000,Cost-Effective,True,True,0.599,0.04,0.035,19,True,SF-6D,False,1,True,False,Independent
CEA0953,Cost-Utility Analysis (CUA),2019,UK,Healthcare payer,Respiratory,Diagnostic,Markov,20,99456.42,76753.22,22703.19,5.8775,8.7045,-2.827,-8030.86,50000,Dominant,True,True,0.394,0.035,0.05,12,True,Expert Opinion,False,4,True,False,Industry
CEA0954,Budget Impact Analysis (BIA),2019,Netherlands,Patient,Respiratory,Behavioral,Discrete Event Simulation,20,34209.09,119646.78,-85437.69,11.4359,8.0783,3.3576,-25446.19,80000,Dominant,True,True,0.697,0.03,0.04,15,False,Literature,True,5,False,False,Government
CEA0955,Cost-Utility Analysis (CUA),2019,Italy,Patient,Rheumatology,Digital Health,Decision Tree,30,161048.64,110846.28,50202.36,12.5002,9.6915,2.8087,17873.65,80000,Highly Cost-Effective,True,True,0.706,0.035,0.05,12,False,EQ-5D,False,0,True,False,Independent
CEA0956,Cost-Effectiveness Analysis (CEA),2023,Canada,Hospital,Rheumatology,Pharmaceutical,Markov,Lifetime,37185.87,109615.44,-72429.57,13.6562,6.7204,6.9358,-10442.81,80000,Dominant,True,True,0.868,0.05,0.035,19,False,Expert Opinion,False,4,True,False,Independent
CEA0957,Budget Impact Analysis (BIA),2018,Canada,Societal,Oncology,Diagnostic,Markov,5,112146.18,10391.06,101755.12,10.0596,2.78,7.2796,13978.17,80000,Highly Cost-Effective,True,True,0.692,0.03,0.03,20,True,Expert Opinion,False,0,True,False,Government
CEA0958,Cost-Benefit Analysis (CBA),2016,USA,Government,Infectious Disease,Diagnostic,Decision Tree,30,57829.08,27230.92,30598.16,3.3234,9.4789,-6.1555,-4970.83,100000,Dominant,True,True,0.615,0.04,0.035,24,True,Expert Opinion,True,3,False,False,Government
CEA0959,Cost-Effectiveness Analysis (CEA),2017,France,Healthcare payer,Infectious Disease,Behavioral,Hybrid,20,15429.44,12149.35,3280.08,10.8496,12.9072,-2.0576,-1594.13,80000,Dominant,True,True,0.561,0.04,0.035,15,False,Literature,True,3,False,True,Independent
CEA0960,Cost-Effectiveness Analysis (CEA),2023,Sweden,Societal,Vaccines,Behavioral,Discrete Event Simulation,30,196130.85,81810.82,114320.03,13.7674,9.0243,4.7431,24102.44,80000,Highly Cost-Effective,True,True,0.755,0.035,0.04,15,True,HUI,False,7,False,False,Government
CEA0961,Cost-Benefit Analysis (CBA),2015,Sweden,Patient,Vaccines,Behavioral,Decision Tree,5,100652.36,131250.71,-30598.35,9.2289,4.2813,4.9475,-6184.58,80000,Dominant,True,True,0.7,0.04,0.04,24,False,Literature,True,4,False,False,Independent
CEA0962,Cost-Minimization Analysis (CMA),2016,Germany,Patient,Cardiology,Diagnostic,Markov,1,160683.89,145414.46,15269.44,14.7893,7.0809,7.7084,1980.88,80000,Highly Cost-Effective,True,True,0.611,0.035,0.03,15,False,HUI,True,2,False,False,Industry
CEA0963,Cost-Minimization Analysis (CMA),2019,Germany,Patient,Vaccines,Diagnostic,Discrete Event Simulation,30,43315.41,134148.3,-90832.9,4.8578,11.111,-6.2531,14526.0,80000,Highly Cost-Effective,True,True,0.615,0.035,0.05,23,True,SF-6D,False,2,False,False,Industry
CEA0964,Cost-Effectiveness Analysis (CEA),2024,Australia,Societal,Respiratory,Diagnostic,Markov,Lifetime,126972.97,86048.38,40924.59,11.3394,3.7279,7.6115,5376.7,80000,Highly Cost-Effective,True,True,0.232,0.03,0.035,23,True,SF-6D,False,0,True,False,Government
CEA0965,Budget Impact Analysis (BIA),2020,UK,Societal,Mental Health,Prevention,Markov,30,121667.67,24847.17,96820.5,4.9315,7.4989,-2.5674,-37711.35,50000,Dominant,True,False,,0.05,0.04,19,False,EQ-5D,True,9,False,False,Independent
CEA0966,Cost-Minimization Analysis (CMA),2022,Netherlands,Hospital,Rheumatology,Pharmaceutical,Markov,1,152194.37,70346.87,81847.5,10.1888,7.1042,3.0845,26534.98,80000,Highly Cost-Effective,True,True,0.763,0.03,0.03,19,True,HUI,False,2,False,False,Industry
CEA0967,Cost-Benefit Analysis (CBA),2017,Canada,Government,Neurology,Device,Hybrid,20,101690.29,132711.34,-31021.05,13.4232,11.0095,2.4138,-12851.72,80000,Dominant,True,True,0.451,0.04,0.05,24,True,Expert Opinion,True,7,True,True,Industry
CEA0968,Cost-Effectiveness Analysis (CEA),2019,Netherlands,Societal,Vaccines,Digital Health,Hybrid,20,73950.32,62114.4,11835.93,7.8541,11.7975,-3.9434,-3001.47,80000,Dominant,True,False,,0.04,0.035,24,True,Expert Opinion,False,0,False,False,Industry
CEA0969,Cost-Benefit Analysis (CBA),2020,UK,Healthcare payer,Diabetes,Behavioral,Decision Tree,1,57804.33,23244.22,34560.11,14.8757,8.7658,6.1099,5656.4,50000,Highly Cost-Effective,True,True,0.632,0.03,0.035,24,False,Expert Opinion,False,3,False,True,Government
CEA0970,Cost-Minimization Analysis (CMA),2023,Netherlands,Healthcare payer,Cardiology,Behavioral,Discrete Event Simulation,30,96136.31,91528.89,4607.42,11.2968,8.5576,2.7391,1682.08,80000,Highly Cost-Effective,True,True,0.551,0.05,0.03,21,True,Literature,True,6,True,True,Government
CEA0971,Cost-Effectiveness Analysis (CEA),2021,Netherlands,Hospital,Diabetes,Diagnostic,Hybrid,1,98034.3,138589.11,-40554.81,11.8346,13.9202,-2.0856,19445.44,80000,Highly Cost-Effective,True,True,0.839,0.035,0.04,24,True,SF-6D,True,3,True,False,Government
CEA0972,Cost-Minimization Analysis (CMA),2020,South Korea,Government,Rare Diseases,Screening,Decision Tree,1,70828.51,109598.06,-38769.54,11.2154,2.6402,8.5753,-4521.09,80000,Dominant,True,True,0.706,0.05,0.04,18,False,Expert Opinion,True,1,False,False,Independent
CEA0973,Cost-Utility Analysis (CUA),2019,Japan,Patient,Oncology,Behavioral,Decision Tree,10,143588.36,127547.05,16041.3,7.96,8.5372,-0.5772,-27791.96,80000,Dominant,True,True,0.752,0.035,0.05,23,True,SF-6D,False,3,False,False,Government
CEA0974,Cost-Benefit Analysis (CBA),2016,France,Hospital,Diabetes,Pharmaceutical,Markov,1,6335.28,54718.52,-48383.24,12.6267,2.4938,10.1329,-4774.88,80000,Dominant,True,True,0.753,0.05,0.05,15,True,Literature,False,8,False,False,Mixed
CEA0975,Cost-Effectiveness Analysis (CEA),2024,France,Hospital,Diabetes,Pharmaceutical,Decision Tree,1,185786.08,117894.07,67892.01,4.1822,2.2966,1.8857,36004.3,80000,Highly Cost-Effective,True,True,0.745,0.04,0.04,12,True,SF-6D,True,0,False,True,Government
CEA0976,Budget Impact Analysis (BIA),2018,USA,Hospital,Neurology,Device,Hybrid,30,166434.3,8005.81,158428.48,10.2932,12.0254,-1.7321,-91464.03,100000,Dominant,True,True,0.527,0.05,0.04,21,True,SF-6D,False,3,False,True,Government
CEA0977,Cost-Utility Analysis (CUA),2018,USA,Patient,Rare Diseases,Digital Health,Decision Tree,Lifetime,15596.52,105599.83,-90003.31,7.7887,11.8231,-4.0344,22309.07,100000,Highly Cost-Effective,True,True,0.239,0.05,0.03,21,True,Expert Opinion,False,2,False,False,Industry
CEA0978,Cost-Benefit Analysis (CBA),2022,Netherlands,Hospital,Oncology,Device,Markov,10,190825.76,127663.44,63162.32,10.9058,8.4807,2.4252,26044.48,80000,Highly Cost-Effective,True,False,,0.05,0.035,24,True,Literature,False,5,False,False,Government
CEA0979,Cost-Utility Analysis (CUA),2017,Sweden,Government,Cardiology,Digital Health,Hybrid,20,170288.71,19779.25,150509.47,12.0814,9.2224,2.8589,52645.5,80000,Cost-Effective,True,True,0.783,0.035,0.03,21,True,Literature,True,8,False,False,Mixed
CEA0980,Cost-Minimization Analysis (CMA),2023,Germany,Hospital,Cardiology,Diagnostic,Discrete Event Simulation,10,18792.74,131952.34,-113159.6,10.1568,7.6443,2.5125,-45037.95,80000,Dominant,True,True,0.341,0.03,0.035,19,True,Expert Opinion,True,2,False,False,Industry
CEA0981,Budget Impact Analysis (BIA),2020,Germany,Societal,Oncology,Screening,Markov,30,36940.98,58420.44,-21479.45,9.6157,4.2178,5.3979,-3979.24,80000,Dominant,True,True,0.63,0.04,0.05,20,True,SF-6D,True,8,False,True,Government
CEA0982,Budget Impact Analysis (BIA),2021,Sweden,Healthcare payer,Diabetes,Behavioral,Markov,10,78059.82,84638.68,-6578.86,8.3105,9.1186,-0.8081,8141.1,80000,Highly Cost-Effective,True,True,0.836,0.035,0.05,24,False,HUI,True,1,True,False,Industry
CEA0983,Cost-Effectiveness Analysis (CEA),2023,Sweden,Healthcare payer,Rheumatology,Prevention,Markov,30,39768.61,75331.34,-35562.73,12.5166,7.5255,4.991,-7125.34,80000,Dominant,True,False,,0.04,0.03,18,True,SF-6D,True,1,True,False,Industry
CEA0984,Budget Impact Analysis (BIA),2019,Spain,Healthcare payer,Rare Diseases,Device,Hybrid,10,16760.5,101408.85,-84648.36,5.8328,12.9405,-7.1077,11909.46,80000,Highly Cost-Effective,True,True,0.687,0.04,0.04,24,False,EQ-5D,True,7,False,False,Industry
CEA0985,Cost-Minimization Analysis (CMA),2020,Canada,Patient,Oncology,Diagnostic,Discrete Event Simulation,1,3129.42,20452.48,-17323.06,12.0965,13.7583,-1.6619,10423.93,80000,Highly Cost-Effective,True,False,,0.04,0.035,17,True,SF-6D,False,4,False,True,Independent
CEA0986,Cost-Minimization Analysis (CMA),2023,Canada,Societal,Mental Health,Surgical,Markov,1,79433.46,101631.25,-22197.79,13.565,3.5214,10.0436,-2210.15,80000,Dominant,True,False,,0.03,0.04,16,True,SF-6D,True,8,False,False,Mixed
CEA0987,Cost-Benefit Analysis (CBA),2016,France,Patient,Cardiology,Digital Health,Discrete Event Simulation,10,96642.41,148049.28,-51406.87,13.9761,2.7189,11.2572,-4566.58,80000,Dominant,True,True,0.772,0.035,0.035,13,True,SF-6D,True,8,False,True,Mixed
CEA0988,Cost-Utility Analysis (CUA),2020,Germany,Societal,Neurology,Pharmaceutical,Discrete Event Simulation,10,190549.12,7564.95,182984.17,5.8934,7.5702,-1.6769,-109123.27,80000,Dominant,True,False,,0.04,0.04,13,True,SF-6D,True,2,False,False,Government
CEA0989,Cost-Effectiveness Analysis (CEA),2020,Netherlands,Healthcare payer,Neurology,Prevention,Markov,10,6889.86,147428.71,-140538.85,5.8337,6.4051,-0.5715,245928.46,80000,Not Cost-Effective,True,True,0.436,0.03,0.05,15,False,HUI,False,2,False,True,Independent
CEA0990,Cost-Utility Analysis (CUA),2017,USA,Government,Rheumatology,Screening,Discrete Event Simulation,1,119986.98,16811.18,103175.8,12.3939,7.2757,5.1181,20158.9,100000,Highly Cost-Effective,True,True,0.503,0.05,0.04,21,True,Literature,True,4,False,False,Mixed
CEA0991,Cost-Effectiveness Analysis (CEA),2024,Spain,Societal,Rare Diseases,Digital Health,Decision Tree,Lifetime,162932.96,63839.35,99093.62,8.6791,5.1811,3.498,28328.42,80000,Highly Cost-Effective,True,False,,0.03,0.03,23,True,SF-6D,False,0,False,False,Industry
CEA0992,Budget Impact Analysis (BIA),2022,Netherlands,Patient,Rheumatology,Prevention,Hybrid,5,80019.44,90446.16,-10426.72,7.2339,10.3905,-3.1566,3303.18,80000,Highly Cost-Effective,True,False,,0.035,0.03,14,True,Literature,False,4,False,False,Industry
CEA0993,Cost-Utility Analysis (CUA),2020,USA,Societal,Infectious Disease,Screening,Decision Tree,30,52563.51,109384.84,-56821.33,11.5911,13.6567,-2.0657,27507.56,100000,Highly Cost-Effective,True,False,,0.04,0.03,19,True,HUI,True,9,False,False,Mixed
CEA0994,Cost-Effectiveness Analysis (CEA),2022,France,Healthcare payer,Neurology,Behavioral,Discrete Event Simulation,1,165566.07,115225.34,50340.74,4.3364,11.9639,-7.6275,-6599.92,80000,Dominant,True,True,0.724,0.05,0.03,14,True,EQ-5D,False,3,False,True,Government
CEA0995,Cost-Benefit Analysis (CBA),2016,USA,Healthcare payer,Oncology,Screening,Decision Tree,10,88897.1,19953.93,68943.17,7.0932,11.6567,-4.5635,-15107.58,100000,Dominant,False,False,,0.03,0.035,13,False,HUI,True,9,False,False,Government
CEA0996,Cost-Benefit Analysis (CBA),2017,Netherlands,Government,Mental Health,Digital Health,Decision Tree,20,7229.26,69849.66,-62620.4,14.8573,13.7265,1.1308,-55375.4,80000,Dominant,True,True,0.567,0.05,0.05,14,False,Expert Opinion,True,3,False,False,Industry
CEA0997,Cost-Utility Analysis (CUA),2024,Canada,Government,Respiratory,Device,Decision Tree,5,61505.15,115791.64,-54286.49,6.5034,8.5304,-2.0271,26780.82,80000,Highly Cost-Effective,True,True,0.926,0.03,0.05,16,True,Expert Opinion,True,0,False,True,Mixed
CEA0998,Budget Impact Analysis (BIA),2023,Japan,Societal,Oncology,Pharmaceutical,Decision Tree,10,98452.4,36625.69,61826.71,8.8702,4.2761,4.5941,13457.87,80000,Highly Cost-Effective,True,False,,0.04,0.035,15,True,SF-6D,False,4,True,True,Government
CEA0999,Budget Impact Analysis (BIA),2022,South Korea,Patient,Diabetes,Digital Health,Markov,20,6333.25,72667.65,-66334.41,7.873,11.5944,-3.7215,17824.77,80000,Highly Cost-Effective,True,True,0.69,0.04,0.03,20,True,HUI,False,5,False,False,Industry
CEA1000,Cost-Effectiveness Analysis (CEA),2018,South Korea,Societal,Rheumatology,Device,Decision Tree,20,56562.56,114657.28,-58094.72,8.6577,8.5676,0.0901,-645003.41,80000,Dominant,True,True,0.648,0.035,0.03,22,True,EQ-5D,True,6,False,True,Industry
